,question,student_answer,model_answer,score
0,Table 1 contains a remarkable finding regarding the geographical distance and genetic differentiation between populations. Describe this finding and why it is remarkable.,Het is opvallend dat tussen BNP en CNP de genetische differentiatie het kleinst is terwijl er sprake is van een grote geografische afstand. Je zou verwachten dat er door de grote geografische afstand er ook sprake zou zijn van een grote genetische differentiatie.,"BNP and CNP subpopulations are located an intermediate distance apart (314 km), while they show the lowest FST compared to the other combinations. One would expect the populations that are geographically closest to each other (SuNP and BNP) to be most genetically similar to each other (through higher levels of gene flow) and consequently have the lowest FST.",4
1,Table 1 contains a remarkable finding regarding the geographical distance and genetic differentiation between populations. Describe this finding and why it is remarkable.,"The geographical distance between CNP and BNP is 314 km, and the distance between BNP and SuNP is 136 km. One would expect the geographical and genetic differentiation to correlate, which would in this case mean that the genetic differentiation between is larger CNP and BNP than between BNP and SuNP. However, the data show that there is less genetic differentiation between CNP and BNP (0.08) than between BNP and SuNP (0.14).","BNP and CNP subpopulations are located an intermediate distance apart (314 km), while they show the lowest FST compared to the other combinations. One would expect the populations that are geographically closest to each other (SuNP and BNP) to be most genetically similar to each other (through higher levels of gene flow) and consequently have the lowest FST.",5
2,Table 1 contains a remarkable finding regarding the geographical distance and genetic differentiation between populations. Describe this finding and why it is remarkable.,"Despite the large distance between BNP and CNP (over 300 km), is the Fst surprisingly low with only 0.08. This is much lower than the Fst (0.14) between BNP and SuNP, which are much closer to each other geographically (136 km). Normally, one would expect that the further a population is removed from the other, the more the populations will differ in allele frequency through local adaptation and genetic drift, meaning the closer Fst will approach to 1.","BNP and CNP subpopulations are located an intermediate distance apart (314 km), while they show the lowest FST compared to the other combinations. One would expect the populations that are geographically closest to each other (SuNP and BNP) to be most genetically similar to each other (through higher levels of gene flow) and consequently have the lowest FST.",4
3,Table 1 contains a remarkable finding regarding the geographical distance and genetic differentiation between populations. Describe this finding and why it is remarkable.,"Als de Fst waarde dichter bij 0 zit betekent het dat de populaties genetisch gezien identieker zijn. Normaliter wordt er vanuit gegaan dat hoe verder een populatie van elkaar af is hoe groter de Fst waarde wordt, omdat er minder uitwisseling van genen kan plaatsvinden. Maar bij deze resultaten liggen SuNP en BNP het dichtse bij elkaar, maar hebben ze niet de laagste Fst. Deze is tussen de populaties van BNP en CNP. Dit is niet zoals verwacht","BNP and CNP subpopulations are located an intermediate distance apart (314 km), while they show the lowest FST compared to the other combinations. One would expect the populations that are geographically closest to each other (SuNP and BNP) to be most genetically similar to each other (through higher levels of gene flow) and consequently have the lowest FST.",5
4,Table 1 contains a remarkable finding regarding the geographical distance and genetic differentiation between populations. Describe this finding and why it is remarkable.,"De afstand tussen BNP en CNP is groter dan de afstand tussen BNP en SuNP, maar toch is de FST hier lager. Een lagere FST betekent dat de populaties meer gelijke genetische variatie hebben. Het is daarom apart dat populaties die verder van elkaar afliggen gelijker aan elkaar zijn, dan twee populaties die dichter bij elkaar liggen.","BNP and CNP subpopulations are located an intermediate distance apart (314 km), while they show the lowest FST compared to the other combinations. One would expect the populations that are geographically closest to each other (SuNP and BNP) to be most genetically similar to each other (through higher levels of gene flow) and consequently have the lowest FST.",4
5,Table 1 contains a remarkable finding regarding the geographical distance and genetic differentiation between populations. Describe this finding and why it is remarkable.,The genetic distance between the tiger populations in CNP and BNP is very small given the geographic distance compared to the distances of other pairs. This indicates that there is some form of genetic drift between these populations.,"BNP and CNP subpopulations are located an intermediate distance apart (314 km), while they show the lowest FST compared to the other combinations. One would expect the populations that are geographically closest to each other (SuNP and BNP) to be most genetically similar to each other (through higher levels of gene flow) and consequently have the lowest FST.",3
6,Table 1 contains a remarkable finding regarding the geographical distance and genetic differentiation between populations. Describe this finding and why it is remarkable.,"Geographical distance between BNP and CNP is intermediate, but the Fst is lowest for this pair-wise comparison, meaning that these two population are the most identical from all three pairs. Furthermore the Fst between BNP and CNP is lower than the Fst between BNP and SuNP. This is remarkable because BNP and CNP have a larger geographical distance between them than BNP and SuNP, thus it would be expected that the Fst between BNP and SuNP would be the lowest, as these populations are closer to one another and would be expected to be more genetically identical. This is not the case.","BNP and CNP subpopulations are located an intermediate distance apart (314 km), while they show the lowest FST compared to the other combinations. One would expect the populations that are geographically closest to each other (SuNP and BNP) to be most genetically similar to each other (through higher levels of gene flow) and consequently have the lowest FST.",4
7,Table 1 contains a remarkable finding regarding the geographical distance and genetic differentiation between populations. Describe this finding and why it is remarkable.,BNP tijgers zijn meer genetisch identiek aan CNP tijgers dan aan SuNP tijgers terwijl ze geologisch gezien verder van elkaar af liggen wat je dus niet zou verwachten.,"BNP and CNP subpopulations are located an intermediate distance apart (314 km), while they show the lowest FST compared to the other combinations. One would expect the populations that are geographically closest to each other (SuNP and BNP) to be most genetically similar to each other (through higher levels of gene flow) and consequently have the lowest FST.",3
8,Table 1 contains a remarkable finding regarding the geographical distance and genetic differentiation between populations. Describe this finding and why it is remarkable.,"Het verschil in genetische differentiatie is tussen de CNP en BNP populaties is veel minder dan je zou verwachten. De waarde 0.08, duidt aan dat de allel frequenties bijna gelijk zijn in de populaties, terwijl de afstand tussen de populaties redelijk groot is. Daarom is dit een opvallend resultaat.","BNP and CNP subpopulations are located an intermediate distance apart (314 km), while they show the lowest FST compared to the other combinations. One would expect the populations that are geographically closest to each other (SuNP and BNP) to be most genetically similar to each other (through higher levels of gene flow) and consequently have the lowest FST.",3
9,Table 1 contains a remarkable finding regarding the geographical distance and genetic differentiation between populations. Describe this finding and why it is remarkable.,"There is a larger genetic difference between BNP and SuNP than the genetic difference between BNP-CNP, whilst the geographical distance is lower between BNP and SuNP compared to BNP-CNP. So with a bigger geographical distance there is a lower gentic differentiation which is the opposite of what you would expect to find.","BNP and CNP subpopulations are located an intermediate distance apart (314 km), while they show the lowest FST compared to the other combinations. One would expect the populations that are geographically closest to each other (SuNP and BNP) to be most genetically similar to each other (through higher levels of gene flow) and consequently have the lowest FST.",3
10,Table 1 contains a remarkable finding regarding the geographical distance and genetic differentiation between populations. Describe this finding and why it is remarkable.,"SuNP en BNP liggen geografisch gezien het dichtst bij elkaar. Je zou verwachten dat de FST het laagst is tussen SuNP en BNP, omdat tussen deze twee meer migratie plaats zou vinden, maar de FST is het laagst tussen BNP en CNP.","BNP and CNP subpopulations are located an intermediate distance apart (314 km), while they show the lowest FST compared to the other combinations. One would expect the populations that are geographically closest to each other (SuNP and BNP) to be most genetically similar to each other (through higher levels of gene flow) and consequently have the lowest FST.",3
11,Table 1 contains a remarkable finding regarding the geographical distance and genetic differentiation between populations. Describe this finding and why it is remarkable.,"One would expect a higher level of differentiation between populations that are further apart, as the gene flow between these populations is more limited. However, these results reflect less differentiation between the BNP and CNP populations than between the (much closer in distance) BNP and SuNP populations.","BNP and CNP subpopulations are located an intermediate distance apart (314 km), while they show the lowest FST compared to the other combinations. One would expect the populations that are geographically closest to each other (SuNP and BNP) to be most genetically similar to each other (through higher levels of gene flow) and consequently have the lowest FST.",5
12,Table 1 contains a remarkable finding regarding the geographical distance and genetic differentiation between populations. Describe this finding and why it is remarkable.,"Er is een correlatie tussen de afstand en de genetische differentiatie tussen de populaties. De afstand is het grootste tussen CNP en SuNP en hierbij zie je ook de hoogste fixatie druk Fst namelijk 0,21. En zo zie je dat hoe groter de afstand is hoe meer de genetische differentiatie tussen de populaties afneemt en Fst hoger wordt.","BNP and CNP subpopulations are located an intermediate distance apart (314 km), while they show the lowest FST compared to the other combinations. One would expect the populations that are geographically closest to each other (SuNP and BNP) to be most genetically similar to each other (through higher levels of gene flow) and consequently have the lowest FST.",1
13,Table 1 contains a remarkable finding regarding the geographical distance and genetic differentiation between populations. Describe this finding and why it is remarkable.,"Fst between BNP and CNP is the lowest out of the three comparisons. This means that BNP is most similar to CNP, while the distance between these two parks is quite significant. They are more genetically similar to each other than SuNP is for example, to the neighbouring BNP.  It would be expected for the populations that are closest to each other, to be the most genetically similar (more expected gene flow), however this is not what is seen within this data.... The populations most distant from each other, (SuNP and CNP)  are indeed most differentiated from each other, however.","BNP and CNP subpopulations are located an intermediate distance apart (314 km), while they show the lowest FST compared to the other combinations. One would expect the populations that are geographically closest to each other (SuNP and BNP) to be most genetically similar to each other (through higher levels of gene flow) and consequently have the lowest FST.",4
14,Table 1 contains a remarkable finding regarding the geographical distance and genetic differentiation between populations. Describe this finding and why it is remarkable.,"Er is gevonden dat bij de kortste geografische afstand (SuNP - BNP) de middelste genetische differentiatie is gevonden. Dit is opmerkelijk, omdat er wordt verwacht dat de kortste geografische afstand de minste genetische differentiatie heeft. Ook werd er gevonden dat de gemiddelde geografische afstand, de minste genetische differentiatie heeft. Dit is ook opmerkelijk omdat er wordt verwacht dat de geografische afstand ook de gemiddelde genetische differentiatie heeft.","BNP and CNP subpopulations are located an intermediate distance apart (314 km), while they show the lowest FST compared to the other combinations. One would expect the populations that are geographically closest to each other (SuNP and BNP) to be most genetically similar to each other (through higher levels of gene flow) and consequently have the lowest FST.",4
15,Table 1 contains a remarkable finding regarding the geographical distance and genetic differentiation between populations. Describe this finding and why it is remarkable.,"Je zou denken dat hoe verder de geografische afstand tussen de populaties is, hoe meer variatie er bestaat tussen de populaties dus hoe groter Fst. Je zou dus verwachten dat BNP - SuNP de kleinste Fst-waarde hebben, omdat die het dichtste bij elkaar leven (136 km) maar een grotere variatie hebben (grotere Fst, namelijk 0.14) dan dat BNP-CNP (Fst=0.08) hebben die 314 km van elkaar vandaan leven. Hoe verder de soorten van elkaar vandaan leven, hoe meer er isolation-by-distance plaatsvindt wat leidt tot een hogere genetische variatie. Eigenlijk hadden we dus verwacht dat BNP-SuNP een kleinere Fst hebben dan BNP-CNP.","BNP and CNP subpopulations are located an intermediate distance apart (314 km), while they show the lowest FST compared to the other combinations. One would expect the populations that are geographically closest to each other (SuNP and BNP) to be most genetically similar to each other (through higher levels of gene flow) and consequently have the lowest FST.",3
16,Table 1 contains a remarkable finding regarding the geographical distance and genetic differentiation between populations. Describe this finding and why it is remarkable.,"That BNP and SuNP are the closest to each other, but do not have the biggest F-value. This is remarkable because closer populations should have less genetic differentiation.","BNP and CNP subpopulations are located an intermediate distance apart (314 km), while they show the lowest FST compared to the other combinations. One would expect the populations that are geographically closest to each other (SuNP and BNP) to be most genetically similar to each other (through higher levels of gene flow) and consequently have the lowest FST.",2
17,Table 1 contains a remarkable finding regarding the geographical distance and genetic differentiation between populations. Describe this finding and why it is remarkable.,"Volgens de resultaten is er minder genetisch verschil tussen de tijgers in CNP en BP, vergeleken met het genetisch verschil tussen BP en SuNP. Dit is opmerkelijk, omdat CNP verder ligt van BP dan SuNP, maar wel minder genetisch verschillend is. Men zou kunnen verwachten dat migratie makkelijker is tussen BP en SuNP door de kortere afstand, waardoor gene flow kan plaatsvinden en verschillen tussen de populaties minder sterk zijn.","BNP and CNP subpopulations are located an intermediate distance apart (314 km), while they show the lowest FST compared to the other combinations. One would expect the populations that are geographically closest to each other (SuNP and BNP) to be most genetically similar to each other (through higher levels of gene flow) and consequently have the lowest FST.",5
18,Table 1 contains a remarkable finding regarding the geographical distance and genetic differentiation between populations. Describe this finding and why it is remarkable.,"De statistiek Fst wordt gebruikt om de genetische differentiatie tussen populaties aan te geven. Hoe hoger de Fst, hoe hoger de genetische differentiatie en hoe lager de Fst, hoe lager de genetische differentiatie tussen populaties. Normaal gesproken wordt volgens de 'theory of isolation-by-distance' verwacht dat als de geografische afstand groter wordt, de genetische differentiatie ook toeneemt door een verminderde gene flow tussen de verst uit elkaar liggende populaties. Echter, laat de data iets ander zien. De gebieden die relatief ver van elkaar liggen (CNP en BNP; 314 km) hebben een lagere genetische differentiatie (FST = 0.08) in vergelijking met de gebieden die relatief dichtbij elkaar liggen (SuNP en BNP; 136 km), maar een hogere genetische differentiatie vertonen (FST=0.14). De gebieden die het verst uit elkaar liggen (SuNP en CNP; 450 km) komen wel overeen met de verwachting en laten de hoogste genetische differentiatie zien (FST=0.21).","BNP and CNP subpopulations are located an intermediate distance apart (314 km), while they show the lowest FST compared to the other combinations. One would expect the populations that are geographically closest to each other (SuNP and BNP) to be most genetically similar to each other (through higher levels of gene flow) and consequently have the lowest FST.",5
19,Table 1 contains a remarkable finding regarding the geographical distance and genetic differentiation between populations. Describe this finding and why it is remarkable.,"BNP - SuNP = 136 km -> 0.14... BNP - CNP = 314 km -> 0.08... CNP - SuNP = 450 km -> 0.21... ... Over het algemeen geldt: hoe groter de geografische afstand, hoe groter de genetische differentiatie tussen populaties (isolation-by-distance). In dit geval is dat niet zo. De afstand tussen BNP en CNP is veel hoger dan de afstand tussen BNP en SuNP, terwijl tussen BNP en CNP de genetische differentiatie juist lager is. Dit is niet zoals verwacht en daarom opmerkelijk.","BNP and CNP subpopulations are located an intermediate distance apart (314 km), while they show the lowest FST compared to the other combinations. One would expect the populations that are geographically closest to each other (SuNP and BNP) to be most genetically similar to each other (through higher levels of gene flow) and consequently have the lowest FST.",4
20,Table 1 contains a remarkable finding regarding the geographical distance and genetic differentiation between populations. Describe this finding and why it is remarkable.,SuNP populatie en CNP populatie lijken meer op elkaar dan SuNP en BNP ookal liggen is de afstand tussen SuNP en CNP groter.,"BNP and CNP subpopulations are located an intermediate distance apart (314 km), while they show the lowest FST compared to the other combinations. One would expect the populations that are geographically closest to each other (SuNP and BNP) to be most genetically similar to each other (through higher levels of gene flow) and consequently have the lowest FST.",2
21,Table 1 contains a remarkable finding regarding the geographical distance and genetic differentiation between populations. Describe this finding and why it is remarkable.,the genetic differentiation between BNP and SuNP is greater than the differentiation between BNP and CNP. this is remarkable because BNP have more corridors and less unprotected areas between the parks. Therefore one would think that this differentiation would be less.,"BNP and CNP subpopulations are located an intermediate distance apart (314 km), while they show the lowest FST compared to the other combinations. One would expect the populations that are geographically closest to each other (SuNP and BNP) to be most genetically similar to each other (through higher levels of gene flow) and consequently have the lowest FST.",2
22,Table 1 contains a remarkable finding regarding the geographical distance and genetic differentiation between populations. Describe this finding and why it is remarkable.,"Wat opvallend is, is dat SuNP en BNP de kortste geopgraphical distance heeft, maar niet de laagste level van differentiatie. Dit is opvallend omdat CNP en BNP verder uit elkaar liggen en toch een lagere differentiatie hebben dan SuNP en BNP die dichter bij elkaar liggen op basis van geographical distance. Normaal zou het namelijk logisch zijn dat soorten die geografisch verder van elkaar liggen, ook een grotere genetische differentiatie hebben dan soorten die geografisch dichter bij elkaar liggen.","BNP and CNP subpopulations are located an intermediate distance apart (314 km), while they show the lowest FST compared to the other combinations. One would expect the populations that are geographically closest to each other (SuNP and BNP) to be most genetically similar to each other (through higher levels of gene flow) and consequently have the lowest FST.",4
23,Table 1 contains a remarkable finding regarding the geographical distance and genetic differentiation between populations. Describe this finding and why it is remarkable.,"De populaties die het meeste van elkaar gescheiden zijn (450 km) die hebben ook de hoogste Fst waarde, wat inhoudt dat ze het meest van elkaar verschillen. Maar tegelijkertijd heeft de populatie die het minst van elkaar gescheiden zijn, (waarbij je dus denkt dat deze dan de laagste Fst moet hebben) ook een relatief hoge Fst waarde (0,14). Dit houdt in dat ze dus meer verschillen dan de populatie die ook ver weg leven van elkaar, terwijl ze dichterbij leven en je ervan uitgaat dat ze meer op elkaar lijken.","BNP and CNP subpopulations are located an intermediate distance apart (314 km), while they show the lowest FST compared to the other combinations. One would expect the populations that are geographically closest to each other (SuNP and BNP) to be most genetically similar to each other (through higher levels of gene flow) and consequently have the lowest FST.",3
24,Table 1 contains a remarkable finding regarding the geographical distance and genetic differentiation between populations. Describe this finding and why it is remarkable.,"Hoe verder de locaties van elkaar zijn, hoe hoger de level van differentiatie is.","BNP and CNP subpopulations are located an intermediate distance apart (314 km), while they show the lowest FST compared to the other combinations. One would expect the populations that are geographically closest to each other (SuNP and BNP) to be most genetically similar to each other (through higher levels of gene flow) and consequently have the lowest FST.",1
25,Table 1 contains a remarkable finding regarding the geographical distance and genetic differentiation between populations. Describe this finding and why it is remarkable.,ik snap dit figuur niet,"BNP and CNP subpopulations are located an intermediate distance apart (314 km), while they show the lowest FST compared to the other combinations. One would expect the populations that are geographically closest to each other (SuNP and BNP) to be most genetically similar to each other (through higher levels of gene flow) and consequently have the lowest FST.",0
26,Table 1 contains a remarkable finding regarding the geographical distance and genetic differentiation between populations. Describe this finding and why it is remarkable.,"Ik vind het wat lastig om de tabel met tekst te begrijpen maar het blijkt dat er tussen bijvoorbeeld BNP en CNP, en CNP en suNP een hele kleine Fst waarde is gevonden wat betekend dat de allelen tussen die populaties qua verhouding ongeveer gelijk zijn verdeeld, ook al bevinden deze gebieden zich ver van elkaar. Er er dus geen groot genetisch verschil tussen de populaties.","BNP and CNP subpopulations are located an intermediate distance apart (314 km), while they show the lowest FST compared to the other combinations. One would expect the populations that are geographically closest to each other (SuNP and BNP) to be most genetically similar to each other (through higher levels of gene flow) and consequently have the lowest FST.",2
27,Table 1 contains a remarkable finding regarding the geographical distance and genetic differentiation between populations. Describe this finding and why it is remarkable.,"One would expect the genetic differentiation to be more or less correlated with geographical distance. We would expect this outcome because populations that are closer to each other geographically, would be expected to have more gene flow between them and therefore a lower genetic differentation.   The genetic differentation between CNP and BNP is the lowest which is not entirely as expected and can be considered remarkable, since the geographical distance between BNP and CNP is larger than the distance between SuNP and BNP, which has a higher differentiation rate.","BNP and CNP subpopulations are located an intermediate distance apart (314 km), while they show the lowest FST compared to the other combinations. One would expect the populations that are geographically closest to each other (SuNP and BNP) to be most genetically similar to each other (through higher levels of gene flow) and consequently have the lowest FST.",5
28,Table 1 contains a remarkable finding regarding the geographical distance and genetic differentiation between populations. Describe this finding and why it is remarkable.,De populaties in de gebieden die verder van elkaar vandaan liggen hebben een hogere Fst dan gebieden die dichter bij elkaar liggen,"BNP and CNP subpopulations are located an intermediate distance apart (314 km), while they show the lowest FST compared to the other combinations. One would expect the populations that are geographically closest to each other (SuNP and BNP) to be most genetically similar to each other (through higher levels of gene flow) and consequently have the lowest FST.",1
29,Table 1 contains a remarkable finding regarding the geographical distance and genetic differentiation between populations. Describe this finding and why it is remarkable.,"als de geografische afstand groter wordt dan zullen er ook meer genetische verschillen zijn, alleen hier is dat. niet het geval. 136 km is de kleinste afstand, dus dan verwacht je dat BNP en SuNP ook de kleinste verschillen hebben maar dat is hier niet het geval.","BNP and CNP subpopulations are located an intermediate distance apart (314 km), while they show the lowest FST compared to the other combinations. One would expect the populations that are geographically closest to each other (SuNP and BNP) to be most genetically similar to each other (through higher levels of gene flow) and consequently have the lowest FST.",3
30,Table 1 contains a remarkable finding regarding the geographical distance and genetic differentiation between populations. Describe this finding and why it is remarkable.,-,"BNP and CNP subpopulations are located an intermediate distance apart (314 km), while they show the lowest FST compared to the other combinations. One would expect the populations that are geographically closest to each other (SuNP and BNP) to be most genetically similar to each other (through higher levels of gene flow) and consequently have the lowest FST.",0
31,Table 1 contains a remarkable finding regarding the geographical distance and genetic differentiation between populations. Describe this finding and why it is remarkable.,"Je zou verwachten dat de plekken met de meeste geografische afstand, ook het meest verschillen op genetisch aspect. Hier is te zien dat BNP-CNP, die geografisch verder verwijderd zijn dan SuNP-BNP, toch genetisch meer op elkaar lijken. Dit is dus opmerkelijk.","BNP and CNP subpopulations are located an intermediate distance apart (314 km), while they show the lowest FST compared to the other combinations. One would expect the populations that are geographically closest to each other (SuNP and BNP) to be most genetically similar to each other (through higher levels of gene flow) and consequently have the lowest FST.",4
32,Table 1 contains a remarkable finding regarding the geographical distance and genetic differentiation between populations. Describe this finding and why it is remarkable.,"Uit de tabel blijkt dat de populaties in BNP en SuNP slechts 136 km van elkaar verwijdert zijn maar toch een fixatie-index hebben van 0,14 wat hoger is dan die van BNP en CNP, namelijk 0,08 terwijl deze populaties maar liefst 314 km van elkaar verwijderd zijn. Blijkaar verschillen de populaties BNP en SuNP dus meer van elkaar dan BNP en CNP, terwijl je zou verwachting dat, omdat de afstand minder is, er meer gene flow mogelijk zou zijn tussen populatie BNP en SuNP","BNP and CNP subpopulations are located an intermediate distance apart (314 km), while they show the lowest FST compared to the other combinations. One would expect the populations that are geographically closest to each other (SuNP and BNP) to be most genetically similar to each other (through higher levels of gene flow) and consequently have the lowest FST.",5
33,Table 1 contains a remarkable finding regarding the geographical distance and genetic differentiation between populations. Describe this finding and why it is remarkable.,"Over het algemeen geldt hoe groter de geografische afstand tussen populaties, hoe groter de genetische differentatie. Tabel 1 laat zien dat in dit geval de afstand tussen BNP/CNP groter is dan de afstand  BNP/SuNP, maar dat de genetische differentatie tussen BNP/CNP juist kleiner is dan tussen BNP/SuNP. Dit is opvallend omdat de populaties dus verder uit elkaar liggen, maar mogelijk toch meer genetische uitwisseling ervaren door migratie.","BNP and CNP subpopulations are located an intermediate distance apart (314 km), while they show the lowest FST compared to the other combinations. One would expect the populations that are geographically closest to each other (SuNP and BNP) to be most genetically similar to each other (through higher levels of gene flow) and consequently have the lowest FST.",4
34,Table 1 contains a remarkable finding regarding the geographical distance and genetic differentiation between populations. Describe this finding and why it is remarkable.,"The fixation-index between the BNP and the SuNP populations is bigger than the fixation-index between the BNP and CNP populations, even though the BNP and SuNP populations have a shorter geographical distance. This is remarkable, because normally the fixation-index between two populations increases when the geographical distance between them increases.","BNP and CNP subpopulations are located an intermediate distance apart (314 km), while they show the lowest FST compared to the other combinations. One would expect the populations that are geographically closest to each other (SuNP and BNP) to be most genetically similar to each other (through higher levels of gene flow) and consequently have the lowest FST.",5
35,Table 1 contains a remarkable finding regarding the geographical distance and genetic differentiation between populations. Describe this finding and why it is remarkable.,"We expect the genetic differentiation to increase as the geographical distance between population increases, as larger distances make it more difficult for genes to be transferred between populations than when there are short distances between populations. However, in these results, we observe the opposite. Two populations which are closer to eachother (SuNP and BNP, 136 KM) have a higher genetic differentiation (0.14 Fst) than two populations that are further away from eachother (CNP and BNP, 314 km, 0.08 Fst). This is against the most frequent observed relation, and thus remarkable.","BNP and CNP subpopulations are located an intermediate distance apart (314 km), while they show the lowest FST compared to the other combinations. One would expect the populations that are geographically closest to each other (SuNP and BNP) to be most genetically similar to each other (through higher levels of gene flow) and consequently have the lowest FST.",4
36,Table 1 contains a remarkable finding regarding the geographical distance and genetic differentiation between populations. Describe this finding and why it is remarkable.,"FST is een meting van populatie differentiatie als gevolg van genetische structuur. Vaak is de FST hoger tussen gebieden die dichter bij elkaar liggen, want hierdoor wordt migratie makkelijker en verandert de genetische structuur van een populatie. Maar deze tabel laat zien dat de FST het hoogst is tussen CNP en SuNP terwijl deze gebieden het verst van elkaar vandaan liggen. De verwachting zou dan zijn dat er minder migratie mogelijk is, wat zou resulteren in een lagere FST.","BNP and CNP subpopulations are located an intermediate distance apart (314 km), while they show the lowest FST compared to the other combinations. One would expect the populations that are geographically closest to each other (SuNP and BNP) to be most genetically similar to each other (through higher levels of gene flow) and consequently have the lowest FST.",1
37,Table 1 contains a remarkable finding regarding the geographical distance and genetic differentiation between populations. Describe this finding and why it is remarkable.,"je zou verwachten hoe groter de afstand hoe meer differentiatie. Nu blijkt uit de tabel dat er relatief veel diffferentiatie is tussen SuNP en BNP , terwijl dit de kleinste geografische afstand is","BNP and CNP subpopulations are located an intermediate distance apart (314 km), while they show the lowest FST compared to the other combinations. One would expect the populations that are geographically closest to each other (SuNP and BNP) to be most genetically similar to each other (through higher levels of gene flow) and consequently have the lowest FST.",3
38,Table 1 contains a remarkable finding regarding the geographical distance and genetic differentiation between populations. Describe this finding and why it is remarkable.,"The genetic differentiation between BNP and CNP is fairly low, it has an Fst of 0.08. This means that there is little genetic differences between the two populations and assumed there is a lot of gene flow. These populations you would expect to be closely situated to each other. However, when you look at the distance between the populations it is 314km. This is remarkable, as these populations are situated a lot further apart from each other than SuNP and BNP whilst these populations have a higher Fst. This means there is less genetic differences between two populations that are further away form each other than populations closely situation to each other. This finding goes against gene exchange being more frequent when populations are more closely situated to each other.","BNP and CNP subpopulations are located an intermediate distance apart (314 km), while they show the lowest FST compared to the other combinations. One would expect the populations that are geographically closest to each other (SuNP and BNP) to be most genetically similar to each other (through higher levels of gene flow) and consequently have the lowest FST.",5
39,Table 1 contains a remarkable finding regarding the geographical distance and genetic differentiation between populations. Describe this finding and why it is remarkable.,"In de tabel is de FST tussen BNP en SuNP hoger dan tussen BNP en CNP, wat betekent dat er in de eerstgenoemde populatiecombinatie minder genetische mixing is (dus meer differentiatie tussen de twee) dan bij de laatsgenoemden. Dat is raar, want tussen BNP en CNP zou je juist een hogere FST verwachten, omdat deze gebieden verder uit elkaar liggen dan BNP en SuNP, die dichter bij elkaar liggen (en hier zouden tijgers dus naar verwachting meer elkaar tegenkomen/genen uitwisselen).","BNP and CNP subpopulations are located an intermediate distance apart (314 km), while they show the lowest FST compared to the other combinations. One would expect the populations that are geographically closest to each other (SuNP and BNP) to be most genetically similar to each other (through higher levels of gene flow) and consequently have the lowest FST.",5
40,Table 1 contains a remarkable finding regarding the geographical distance and genetic differentiation between populations. Describe this finding and why it is remarkable.,ik weet niet zo goed waar ik naar moet kijken.,"BNP and CNP subpopulations are located an intermediate distance apart (314 km), while they show the lowest FST compared to the other combinations. One would expect the populations that are geographically closest to each other (SuNP and BNP) to be most genetically similar to each other (through higher levels of gene flow) and consequently have the lowest FST.",0
41,Table 1 contains a remarkable finding regarding the geographical distance and genetic differentiation between populations. Describe this finding and why it is remarkable.,"Des te kleiner de waarde voor level van differentiatie, des te minder verschil er genetisch tussen de populaties is. Je zou verwachten dat de populaties die geologisch gezien het meest gescheiden zijn in km, ook de minst genetische verschillen hebben. Echter, BNP en SuNP hebben geologisch gezien de kleinste afstand, maar niet het kleinste genetische verschil.","BNP and CNP subpopulations are located an intermediate distance apart (314 km), while they show the lowest FST compared to the other combinations. One would expect the populations that are geographically closest to each other (SuNP and BNP) to be most genetically similar to each other (through higher levels of gene flow) and consequently have the lowest FST.",2
42,Table 1 contains a remarkable finding regarding the geographical distance and genetic differentiation between populations. Describe this finding and why it is remarkable.,"Tussen CNP en BNP is er een best grote geografische afstand, maar een kleinere genetische afstand dan tussen BNP en SuNP waar de geografische afstand kleiner is dan tussen CNP en BNP maar de genetische verschillen groter zijn.","BNP and CNP subpopulations are located an intermediate distance apart (314 km), while they show the lowest FST compared to the other combinations. One would expect the populations that are geographically closest to each other (SuNP and BNP) to be most genetically similar to each other (through higher levels of gene flow) and consequently have the lowest FST.",3
43,Table 1 contains a remarkable finding regarding the geographical distance and genetic differentiation between populations. Describe this finding and why it is remarkable.,"Despite BNP being geographically much closer to SuNP than to CNP, the Fst is greater between subpopulations of tigers in BNP and SuNP than between BNP and CNP. These Fst values indicate that the allele frequencies at various loci differ more between BNP and SuNP than between BNP and CNP. Thus, the subpopulations of tigers living closer to each other are genetically more distant.","BNP and CNP subpopulations are located an intermediate distance apart (314 km), while they show the lowest FST compared to the other combinations. One would expect the populations that are geographically closest to each other (SuNP and BNP) to be most genetically similar to each other (through higher levels of gene flow) and consequently have the lowest FST.",3
44,Table 1 contains a remarkable finding regarding the geographical distance and genetic differentiation between populations. Describe this finding and why it is remarkable.,"In table 1 it is shown that the genetic differentiation between BNP and CNP is the smallest (0.07). This is remarkable since these populations do not live the closest together in geographical distance (314). The distance between BNP and SuNP is much smaller, but the genetic differentiation is bigger.","BNP and CNP subpopulations are located an intermediate distance apart (314 km), while they show the lowest FST compared to the other combinations. One would expect the populations that are geographically closest to each other (SuNP and BNP) to be most genetically similar to each other (through higher levels of gene flow) and consequently have the lowest FST.",3
45,Table 1 contains a remarkable finding regarding the geographical distance and genetic differentiation between populations. Describe this finding and why it is remarkable.,"Je zou verwachten dat hoe verder de tijgers van elkaar verwijderd zijn hoe groter het verschil is in genetisch materiaal. Je ziet echter dat dat patroon niet overeenkomt met de gegevens. Je ziet dat BNP en SuNP, die het minst ver van elkaar af liggen, niet het kleinste verschil hebben in genetisch materiaal. Daarnaast valt op dat de tijgers van CNP en BNP het meest overeenkomen met elkaar in genetisch materiaal, terwijl de afstand tussen de parken best wel groot is.... Genetisch materiaal van dieren komt vaak meer overeen als de individuen in contact kunnen komen met elkaar en er gene flow is. Je zou dus verwachten dat bij de parken die dichter bij elkaar liggen, de populaties meer op elkaar lijken vanwege de gene flow, dan de parken die verder van elkaar liggen.","BNP and CNP subpopulations are located an intermediate distance apart (314 km), while they show the lowest FST compared to the other combinations. One would expect the populations that are geographically closest to each other (SuNP and BNP) to be most genetically similar to each other (through higher levels of gene flow) and consequently have the lowest FST.",5
46,Table 1 contains a remarkable finding regarding the geographical distance and genetic differentiation between populations. Describe this finding and why it is remarkable.,"Theoretically we'd expect the Fst of tigers in CNP to be lower compared to SuNP then they are to the BNP, as SuNP is geographically much closer. Yet Table 1 shows this is not the case, in fact the Fst of tigers in CNP is much lower when compared to tigers BNP than to those residing in SuNP.","BNP and CNP subpopulations are located an intermediate distance apart (314 km), while they show the lowest FST compared to the other combinations. One would expect the populations that are geographically closest to each other (SuNP and BNP) to be most genetically similar to each other (through higher levels of gene flow) and consequently have the lowest FST.",2
47,Table 1 contains a remarkable finding regarding the geographical distance and genetic differentiation between populations. Describe this finding and why it is remarkable.,"De resultaten geven aan dat de populaties CNP-BNP een genetische diversiteit (Fst) heeft van 0.08, relatief genetisch identiek dus. De afstand tussen deze 2 populatie is 314 km. ... ... De resulaten tussen SuNP-BNP geven een Fst van 0.14, relatief verminderd genetisch identiek. Terwijl de afstand tussen de 2 populaties 136 km is.... ... Bij de Fst is het gebruikelijk dat het toeneemt (dus naar de 1 gaat), wanneer de geografische afstand toeneemt. Het is dus verrassend dat in dit geval, ondaks de grotere afstand, CNP-BNP, meer op een genetisch niveau op elkaar lijken dan SuNP-BNP.","BNP and CNP subpopulations are located an intermediate distance apart (314 km), while they show the lowest FST compared to the other combinations. One would expect the populations that are geographically closest to each other (SuNP and BNP) to be most genetically similar to each other (through higher levels of gene flow) and consequently have the lowest FST.",4
48,Explain how the data in Figure 2 is an example of ecological character displacement.,"In figuur 2 A is te zien dat losstaande populaties overlappende bill depths hebben. Het is dus waarschijnlijk dat deze hetzelde soort voedsel (kunnen) eten. In figuur 2 B is te zien dat coexisiting populaties een verder uit elkaar liggende bill depth hebben. Hierdoor zullen ze de twee soorten dus waarscheinlijk beide een ander soort voedsel eten dan de ander. Door deze figuren te vergelijken valt te concluderen dat door dat 2 soorten samenleven in een gebied ze een verschillende bill depth hebben ontwikkeld, waardoor ze minder competietie met alkaar aan heoven te gaan voor voedsel. Hierdoor hebben beide soorten een hogere fitness. Ecological character displacement dus.","Populations of two related finch species differ more in bill depth (which is directly related to the size of seeds they eat) when the species occur together on one island (B) then when the species occur on separate islands (A). On the island where they co-occur, the average bill depth of both species is skewed to the either side of the distribution. These populations of G. fuliginosa and G. fortis have hence adapted to slightly different food sources (smaller and larger seeds respectively), since adjusting their food intake has reduced competition with the other species, which was consequently favored by natural selection.",5
49,Explain how the data in Figure 2 is an example of ecological character displacement.,"De soorten komen in hetzelfde gebied voor , doordat ze alletwee net op een iets andere manier de resources gebruiken kunnen ze beide in het gebied voorkomen. Er vind ecological character displacement plaats , fuligonosa krijgt een kleine bek door selectie en fortis een grotere door de selectiedruk die er is door  beperkte resources in het gbied . De selectiedruk heeft ervoor gezorgd dat soorten divigeren in snavelgrootte/dikte. ","Populations of two related finch species differ more in bill depth (which is directly related to the size of seeds they eat) when the species occur together on one island (B) then when the species occur on separate islands (A). On the island where they co-occur, the average bill depth of both species is skewed to the either side of the distribution. These populations of G. fuliginosa and G. fortis have hence adapted to slightly different food sources (smaller and larger seeds respectively), since adjusting their food intake has reduced competition with the other species, which was consequently favored by natural selection.",2
50,Explain how the data in Figure 2 is an example of ecological character displacement.,"Ecological character displacement is de evolutie van eigenschappen die voortkomen uit selectie om de concurrentie tussen soorten te verminderen en werkt dus in op de eigenschappen die verband houden met het gebruik van hulpbronnen. Dit kan je goed zien in 2b, 2 vogels die co-existen en beide aan een andere kant van het spectrum zitten door verschillende bill groottes en zo verschillend voedsel nemen. Door evolutie zijn ze beide een andere grootte gaan groeien om zo van elkaars concurrentie weg te kunnen lopen","Populations of two related finch species differ more in bill depth (which is directly related to the size of seeds they eat) when the species occur together on one island (B) then when the species occur on separate islands (A). On the island where they co-occur, the average bill depth of both species is skewed to the either side of the distribution. These populations of G. fuliginosa and G. fortis have hence adapted to slightly different food sources (smaller and larger seeds respectively), since adjusting their food intake has reduced competition with the other species, which was consequently favored by natural selection.",3
51,Explain how the data in Figure 2 is an example of ecological character displacement.,"De bill depth is gecorreleerd met de grootte van de zaden. Bij A zie je twee aparte populaties in andere gebieden, waardoor de billdepth redelijk gelijk aan elkaar is. Bij B leven beide soorten samen, waar ze echt verschillen in bill depth. Wat hier dus gebeurt is, is dat êên van de soorten zo geëvolueerd is, dat ze ander voedsel kunnen eten zodat ze minder overlappen in dieet. Dit noemt men character displacement.","Populations of two related finch species differ more in bill depth (which is directly related to the size of seeds they eat) when the species occur together on one island (B) then when the species occur on separate islands (A). On the island where they co-occur, the average bill depth of both species is skewed to the either side of the distribution. These populations of G. fuliginosa and G. fortis have hence adapted to slightly different food sources (smaller and larger seeds respectively), since adjusting their food intake has reduced competition with the other species, which was consequently favored by natural selection.",3
52,Explain how the data in Figure 2 is an example of ecological character displacement.,"Bij ecological character displacement distantiëren 2 (of meer) soorten zich geleidelijk van elkaar, omdat ze een niet volledige overlap in niche hebben. Doordat de vinken enige concurrentie ervaren in het voedsel wat zij eten, maar niet volledig, neigt de evolutie van de soorten ernaar om zich te specialiseren in voedsel waarin zij de minste overlap en concurrentie ervaren. Bij de verschuiving in voedsel wat ze eten, verandert de vorm van de snavel (de specialisatie).","Populations of two related finch species differ more in bill depth (which is directly related to the size of seeds they eat) when the species occur together on one island (B) then when the species occur on separate islands (A). On the island where they co-occur, the average bill depth of both species is skewed to the either side of the distribution. These populations of G. fuliginosa and G. fortis have hence adapted to slightly different food sources (smaller and larger seeds respectively), since adjusting their food intake has reduced competition with the other species, which was consequently favored by natural selection.",2
53,Explain how the data in Figure 2 is an example of ecological character displacement.,Als ze op elkaar lijken en ze leven samen in er meer onderlinge concurrentie dan als ze apart leven. De karakteristieken die te maken hebben met deze concurrentie (Bill depth (mm) in dit geval) veranderen dan zodat er onderling minder concurrentie is en van beide soorten de fitness toeneemt.,"Populations of two related finch species differ more in bill depth (which is directly related to the size of seeds they eat) when the species occur together on one island (B) then when the species occur on separate islands (A). On the island where they co-occur, the average bill depth of both species is skewed to the either side of the distribution. These populations of G. fuliginosa and G. fortis have hence adapted to slightly different food sources (smaller and larger seeds respectively), since adjusting their food intake has reduced competition with the other species, which was consequently favored by natural selection.",2
54,Explain how the data in Figure 2 is an example of ecological character displacement.,"Karakter displacement is het evolutionaire proces waarbij de karakteristieken van twee taxa die dezelfde ecologische niche delen divergeren waardoor de competitie tussen beide wordt verkleind en beide samen kunnen leven. In het voorbeeld is de fitness lager bij de overlappende delen van de beide distributies aangezien daar de meeste competitie is voor hetzelfde voedsel. Door deze competitie vind er een selectiedruk plaats op de bill depth, waardoor de karakteristieken divergeren van elkaar.","Populations of two related finch species differ more in bill depth (which is directly related to the size of seeds they eat) when the species occur together on one island (B) then when the species occur on separate islands (A). On the island where they co-occur, the average bill depth of both species is skewed to the either side of the distribution. These populations of G. fuliginosa and G. fortis have hence adapted to slightly different food sources (smaller and larger seeds respectively), since adjusting their food intake has reduced competition with the other species, which was consequently favored by natural selection.",3
55,Explain how the data in Figure 2 is an example of ecological character displacement.,"Character displacement treedt op bij de coexisting populations. Doordat verwante soorten (ongeveer) dezelfde niche innemen in een ecosysteem, zal er competitie optreden. Hierdoor is de fitness van de vogels waar de grafieken van G. fuliginosa en G. fortis elkaar overlappen in de linker grafiek lager. Dit zorgt ervoor dat er een verschil in fenotype van de snavel zal ontstaan, als gevolg van divergentie met als resultaat dat er minder competitie zal gaan plaatsvinden tussen de 2 vogelsoorten.","Populations of two related finch species differ more in bill depth (which is directly related to the size of seeds they eat) when the species occur together on one island (B) then when the species occur on separate islands (A). On the island where they co-occur, the average bill depth of both species is skewed to the either side of the distribution. These populations of G. fuliginosa and G. fortis have hence adapted to slightly different food sources (smaller and larger seeds respectively), since adjusting their food intake has reduced competition with the other species, which was consequently favored by natural selection.",2
56,Explain how the data in Figure 2 is an example of ecological character displacement.,"Figure 2 shows how the bill depth of two species differs when they're coexisting, compared to when they live in isolation. They have a partially overlapping bill depth in isolation, but these values diverge more when it comes to living in coexistence. This shows ecological character displacement as with similar bill depth, it is likely that there is a lot of competition on similar resources, and the divergence of trait value then lessens this competition.","Populations of two related finch species differ more in bill depth (which is directly related to the size of seeds they eat) when the species occur together on one island (B) then when the species occur on separate islands (A). On the island where they co-occur, the average bill depth of both species is skewed to the either side of the distribution. These populations of G. fuliginosa and G. fortis have hence adapted to slightly different food sources (smaller and larger seeds respectively), since adjusting their food intake has reduced competition with the other species, which was consequently favored by natural selection.",5
57,Explain how the data in Figure 2 is an example of ecological character displacement.,"Dit is een voorbeeld van character displacement, aangezien de soorten die bij elkaar leven geen overlap vertonen in bill size. Dit komt doordat de overlap hier kan zorgen voor een verminderde fitness van de soorten die in de overlap zitten. Deze soorten eten namelijk van dezelfde grootte, wanneer dit niet het geval is dan is de fitness hoger voor de soorten. Dit is het geval in de soorten die samen leven. Wanneer de soorten niet samen leven dan is er wel een overlap te zien tussen soorten in verschillende gebieden qua bill size. Dit komt omdat de soorten hier niet hoeven te concurreren over hetzelfde eten, wat wel het geval is voor de soorten die samen leven. ","Populations of two related finch species differ more in bill depth (which is directly related to the size of seeds they eat) when the species occur together on one island (B) then when the species occur on separate islands (A). On the island where they co-occur, the average bill depth of both species is skewed to the either side of the distribution. These populations of G. fuliginosa and G. fortis have hence adapted to slightly different food sources (smaller and larger seeds respectively), since adjusting their food intake has reduced competition with the other species, which was consequently favored by natural selection.",4
58,Explain how the data in Figure 2 is an example of ecological character displacement.,"The graphs show the frequency distribution in bill size. The left graph shows the distribution of two species that live on different islands. We see a lot of overlap in bill size. The right graph shows the distribution of the same two species but this time living on one and the same island. We see very little overlap in bill size. This is because here competition for food sources has led to ecological character displacement, as both species have specialized towards a specific food source.","Populations of two related finch species differ more in bill depth (which is directly related to the size of seeds they eat) when the species occur together on one island (B) then when the species occur on separate islands (A). On the island where they co-occur, the average bill depth of both species is skewed to the either side of the distribution. These populations of G. fuliginosa and G. fortis have hence adapted to slightly different food sources (smaller and larger seeds respectively), since adjusting their food intake has reduced competition with the other species, which was consequently favored by natural selection.",5
59,Explain how the data in Figure 2 is an example of ecological character displacement.,"Door ecological character displacement kan een eigenschap evolueren om de competitie tussen de taxa/soorten te verminderen. (A) Wanneer de populaties gescheiden zijn, komt de lengte van de snavel nog vrij veel overeen. Dit komt omdat twee vogel soorten geen competitie van elkaar ondervinden; ze kunnen dezelfde resources gebruiken omdat de populaties gescheiden zijn. (B) De populaties leven op dezelfde plekken. Om competitie te verminderen specialiseren beide populaties zich op een andere resource, waardoor de snavellengte over de generaties langzaam aangepast raakt aan de resource en de snavellengte tussen de populaties dus steeds meer gaat verschillen. ","Populations of two related finch species differ more in bill depth (which is directly related to the size of seeds they eat) when the species occur together on one island (B) then when the species occur on separate islands (A). On the island where they co-occur, the average bill depth of both species is skewed to the either side of the distribution. These populations of G. fuliginosa and G. fortis have hence adapted to slightly different food sources (smaller and larger seeds respectively), since adjusting their food intake has reduced competition with the other species, which was consequently favored by natural selection.",5
60,Explain how the data in Figure 2 is an example of ecological character displacement.,Wanneer de snavelgrottes ongeveer even groot zijn van de vogels en deze samen in een gebied leven zal hun fitness lager zijn dan wanneer ze niet met elkaar samen leven daarom zie je dat de vogels van figuur a apart van elkaar leven. Deze verlaagde fitness komt door een verhoogde competitie tussen de soorten. De vogels uit figuur b kunnen wel met elkaar leven omdat hun snavel minder op elkaar lijken wat er op wijst dat ze niet het zelfde voedsel eten. Zo is er minder concurrentie tussen die soorten en hebben ze dus allebei een hogere fitness. Als soorten minder op elkaar gaan lijken zodat ze een hogere fitness krijgen heet character displacement.,"Populations of two related finch species differ more in bill depth (which is directly related to the size of seeds they eat) when the species occur together on one island (B) then when the species occur on separate islands (A). On the island where they co-occur, the average bill depth of both species is skewed to the either side of the distribution. These populations of G. fuliginosa and G. fortis have hence adapted to slightly different food sources (smaller and larger seeds respectively), since adjusting their food intake has reduced competition with the other species, which was consequently favored by natural selection.",1
61,Explain how the data in Figure 2 is an example of ecological character displacement.,"In the first graph, there is a lot of overlap in bill depth between the two species. This does not cause a problem for the species, as they live separately and thus do not compete. However, when two species live in the same area, there is a lot of competition between birds with a bill depth that is in the overlapping zone. This is cause for ecological character displacement (divergent evolution), as is visible in graph 2.","Populations of two related finch species differ more in bill depth (which is directly related to the size of seeds they eat) when the species occur together on one island (B) then when the species occur on separate islands (A). On the island where they co-occur, the average bill depth of both species is skewed to the either side of the distribution. These populations of G. fuliginosa and G. fortis have hence adapted to slightly different food sources (smaller and larger seeds respectively), since adjusting their food intake has reduced competition with the other species, which was consequently favored by natural selection.",3
62,Explain how the data in Figure 2 is an example of ecological character displacement.,"Met ecological character displacement bedoel ze dat een bepaalde character, in dit geval snavel vorm, divergeren wat veroorzaakt wordt door concurrentie. In figuur 2 zien we twee populaties die gedeeltelijk gebruik maken van een zelfde niche. In deze niche is dus spraken van concurrentie. Terwijl de individuen die verder van deze nich afzitten doordat hun snavel kleiner/ groter is geen last hebben van deze concurrentie. Doordat zij geen last hebben van deze concurrentie is hun fitness hoger. Hierdoor zullen deze populaties in snavel vorm gaan divergeren. De data in figuur 2 is dus een goed voorbeeld van ecological character displacement.","Populations of two related finch species differ more in bill depth (which is directly related to the size of seeds they eat) when the species occur together on one island (B) then when the species occur on separate islands (A). On the island where they co-occur, the average bill depth of both species is skewed to the either side of the distribution. These populations of G. fuliginosa and G. fortis have hence adapted to slightly different food sources (smaller and larger seeds respectively), since adjusting their food intake has reduced competition with the other species, which was consequently favored by natural selection.",2
63,Explain how the data in Figure 2 is an example of ecological character displacement.,"These birds have relatively similar feeding habits in regards to seed size, however the two species had a preference for either smaller or bigger seeds. Due to this fact there was a small overlap in between bill sizes (say at a bill depth of about 4mm) where both species fed on the same type of seeds. These individuals that overlapped in terms of seed size had a relatively lower fitness, considering the fact that they had to share resources and thus competed with each other. This caused the members of both species that fed on either smaller(fullignioa) or bigger (fortis) seeds respectively to have a higher fitness. Therefore one species got a larger bill depth over time (fortis) whilst the other got a relatively shorter bill depth over time (fullignosa). Since the bill depth can be considered a character, this is what is called ecological character displacement","Populations of two related finch species differ more in bill depth (which is directly related to the size of seeds they eat) when the species occur together on one island (B) then when the species occur on separate islands (A). On the island where they co-occur, the average bill depth of both species is skewed to the either side of the distribution. These populations of G. fuliginosa and G. fortis have hence adapted to slightly different food sources (smaller and larger seeds respectively), since adjusting their food intake has reduced competition with the other species, which was consequently favored by natural selection.",2
64,Explain how the data in Figure 2 is an example of ecological character displacement.,"Figuur 2A geeft gescheiden populaties aan, en figuur 2B geeft co-existerende populaties aan. De definitie van character displacement is dat het een vorm van divergerende selectie is op het gebruik van dezelfde resources van twee soorten. Dit zie je dus ook terug in het figuur, waarbij in 2A de soorten teveel op elkaar lijken, en dus ook niet met elkaar kunnen bestaan. In 2B heeft selectie gezorgd dat beide vogels een andere resource kunnen gebruiken, waardoor ze wel met elkaar kunnen bestaan.","Populations of two related finch species differ more in bill depth (which is directly related to the size of seeds they eat) when the species occur together on one island (B) then when the species occur on separate islands (A). On the island where they co-occur, the average bill depth of both species is skewed to the either side of the distribution. These populations of G. fuliginosa and G. fortis have hence adapted to slightly different food sources (smaller and larger seeds respectively), since adjusting their food intake has reduced competition with the other species, which was consequently favored by natural selection.",1
65,Explain how the data in Figure 2 is an example of ecological character displacement.,"De vogels leefden samen en hadden dezelfde voedselbronnen. De individuen die het beste waren aangepast aan het eten van een van de twee voedselbronnen overleefden en produceerde meer nakomelingen. Hierbij ontstond er een divergentie tussen de twee eigenschappen, waarbij de grote van de zaden in verband stonden met de grote van de snavel. Dit is een voorbeeld van ecolgical character displacement, omdat de divergentie tussen deze soorten op basis van deze eigenschap competitie veroorzaakte, wat resulteerde in selectiedruk op deze eigenschap.","Populations of two related finch species differ more in bill depth (which is directly related to the size of seeds they eat) when the species occur together on one island (B) then when the species occur on separate islands (A). On the island where they co-occur, the average bill depth of both species is skewed to the either side of the distribution. These populations of G. fuliginosa and G. fortis have hence adapted to slightly different food sources (smaller and larger seeds respectively), since adjusting their food intake has reduced competition with the other species, which was consequently favored by natural selection.",1
66,Explain how the data in Figure 2 is an example of ecological character displacement.,"In de 'coexisting population' was er sprake van competitie tussen de twee soorten. Voornamelijk de individuen die hetzelfde type (gelimiteerd) voedsel aten hadden meer last van competitie en bijgevolg een minder hoge fitness. De individuen die een ander type voedsel aten, waarbij de competitiedruk lager was, hadden een hogere fitness. Hierdoor evolueerden de soorten meer richting deze uitersten (divergentie) waar het minder voedseloverlap was.  Dit proces noemen we ecological character displacement.","Populations of two related finch species differ more in bill depth (which is directly related to the size of seeds they eat) when the species occur together on one island (B) then when the species occur on separate islands (A). On the island where they co-occur, the average bill depth of both species is skewed to the either side of the distribution. These populations of G. fuliginosa and G. fortis have hence adapted to slightly different food sources (smaller and larger seeds respectively), since adjusting their food intake has reduced competition with the other species, which was consequently favored by natural selection.",4
67,Explain how the data in Figure 2 is an example of ecological character displacement.,"Ecological character displacement is een fenomeen dat optreedt wanneer twee soorten die overlappende niches delen, evolueren om hun ecologische verschillen te vergroten en zo de concurrentie tussen hen te verminderen (met deze zin wordt gesuggereerd dat evolutie een doel heeft maar dit is niet het geval). In de linker kant van figuur 2, waar de vinkensoorten niet coëxisteren en dus niet direct met elkaar concurreren, is er een overlap tussen de soorten. Dit suggereert dat er minder druk is op de evolutie van verschillende snavelgroottes omdat ze niet direct concurreren om dezelfde voedselbronnen. ... In de rechter kant van figuur 2, waar de vinken coëxisteren en dezelfde habitat en dus direct met elkaar concurreren om voedsel, vertonen de dieren een duidelijke scheiding in snavelgrootte. Dit duidt op een toename van de ecologische verschillen tussen de soorten, waardoor ze verschillende voedselbronnen kunnen gebruiken en zo de concurrentie tussen hen kunnen verminderen. ... ","Populations of two related finch species differ more in bill depth (which is directly related to the size of seeds they eat) when the species occur together on one island (B) then when the species occur on separate islands (A). On the island where they co-occur, the average bill depth of both species is skewed to the either side of the distribution. These populations of G. fuliginosa and G. fortis have hence adapted to slightly different food sources (smaller and larger seeds respectively), since adjusting their food intake has reduced competition with the other species, which was consequently favored by natural selection.",3
68,Explain how the data in Figure 2 is an example of ecological character displacement.,ecological character displacement is when one or both species may evolve to use different types of food as a result of competition between species. Here we can see that separate populations have a similar and overlapping bill depths. However coexisting populations of two different finches birds have different phenotypes and we can see their bill depths really differ and this divergence it to lower the competition between each other so that they have access to different food resources.,"Populations of two related finch species differ more in bill depth (which is directly related to the size of seeds they eat) when the species occur together on one island (B) then when the species occur on separate islands (A). On the island where they co-occur, the average bill depth of both species is skewed to the either side of the distribution. These populations of G. fuliginosa and G. fortis have hence adapted to slightly different food sources (smaller and larger seeds respectively), since adjusting their food intake has reduced competition with the other species, which was consequently favored by natural selection.",4
69,Explain how the data in Figure 2 is an example of ecological character displacement.,in A zie je dat de bill depth zo danig op elkaar lijkt tussen de vogels dat ze hoogstwaarschijnlijk concurreerden om dezelfde resources en daarom niet samen konden leven als een populatie en er daardoor 2 populaties kwamen. In B zie je dat de bill depth tussen de vogels verschilt en beide vogels hun snavel dus voor verschillende resources kan gebruiken en daardoor in dezelfde populatie kunnen leven omdat er minder concurrentie is. Dit is een voorbeeld van ecological character displacement omdat waarschijnlijk door selectie de bill depth is gaan divergeren om verschillende resources te gebruiken in dezelfde populatie.  ,"Populations of two related finch species differ more in bill depth (which is directly related to the size of seeds they eat) when the species occur together on one island (B) then when the species occur on separate islands (A). On the island where they co-occur, the average bill depth of both species is skewed to the either side of the distribution. These populations of G. fuliginosa and G. fortis have hence adapted to slightly different food sources (smaller and larger seeds respectively), since adjusting their food intake has reduced competition with the other species, which was consequently favored by natural selection.",3
70,Explain how the data in Figure 2 is an example of ecological character displacement.,"Bill depth is correlated with the size and hardness of seeds that are the primary food source of the finch populations. When two species exist in different geographical areas (lets say, two different island), there is no competition between them. Figure 2A shows that when this is the case, the bill depths (and therefore likely food source) of two finch species largely overlap.  ...  ... However, figure 2B shows then when the same two species DO exist on the same island, in a situation were there is likely to be interspecific competition between them for a limited food supply, bill depth has diverged. Food source has likely diverged as well, which eliminates the interspecific competition for food. This process is called ecological character displacement. ","Populations of two related finch species differ more in bill depth (which is directly related to the size of seeds they eat) when the species occur together on one island (B) then when the species occur on separate islands (A). On the island where they co-occur, the average bill depth of both species is skewed to the either side of the distribution. These populations of G. fuliginosa and G. fortis have hence adapted to slightly different food sources (smaller and larger seeds respectively), since adjusting their food intake has reduced competition with the other species, which was consequently favored by natural selection.",5
71,Explain how the data in Figure 2 is an example of ecological character displacement.,"Ecological character displacement is when a trait (such as bill depth) is similar in a set of species that do not live together, but the same trait is different in populations of these species that do live together. ...  ... The left graph of figure 2 shows populations of two species that live in different areas. The frequency distribution of bill depth shows much overlap in the two species, this trait is very similar. The right graph shows populations of the same species which live in the same area. In this situation, there is very little overlap in bill depth: this trait has evolved differently in the two species. Therefore, when these species live together, the bill depth diversifies, which is an example of ecological character displacement.","Populations of two related finch species differ more in bill depth (which is directly related to the size of seeds they eat) when the species occur together on one island (B) then when the species occur on separate islands (A). On the island where they co-occur, the average bill depth of both species is skewed to the either side of the distribution. These populations of G. fuliginosa and G. fortis have hence adapted to slightly different food sources (smaller and larger seeds respectively), since adjusting their food intake has reduced competition with the other species, which was consequently favored by natural selection.",3
72,Explain how the data in Figure 2 is an example of ecological character displacement.,"De twee vinken die even grote snavels hebben variëren niet in in die eigenschap waardoor ze op dezelfde zaadgrootte zullen voeden. Hierdoor ontstaat competitie en kunnen de twee soorten niet samenleven. Dit is ook de reden waarom deze twee soorten op twee verschillende eiland voorkomen. Bij de rechter grafiek en plaatjes kan gezien worden dat de snavelgrootte verschilt. De verschillende snavelgrootte zorgt ervoor dat deze twee soorten samen kunnen leven omdat ze op twee verschillende zaadgroottes voeden. Dit geeft divergentie in competitie tussen twee soorten, oftewel character displacement.","Populations of two related finch species differ more in bill depth (which is directly related to the size of seeds they eat) when the species occur together on one island (B) then when the species occur on separate islands (A). On the island where they co-occur, the average bill depth of both species is skewed to the either side of the distribution. These populations of G. fuliginosa and G. fortis have hence adapted to slightly different food sources (smaller and larger seeds respectively), since adjusting their food intake has reduced competition with the other species, which was consequently favored by natural selection.",2
73,Explain how the data in Figure 2 is an example of ecological character displacement.,Je ziet links dat de snavels meer op elkaar lijken en dat de phenotypes van beide soorten enigzins overlappen. Beide soorten hebben bill depths die rond de 4 liggen. Rechts zie je dat de twee soorten ieder rond een andere waarde van bill depth zitten. Met een andere bill depth kan een andere noot gegeten worden en dus een verschillende niche worden gebruikt. De vogels zitten dan niet meer in elkaars vaarwater.,"Populations of two related finch species differ more in bill depth (which is directly related to the size of seeds they eat) when the species occur together on one island (B) then when the species occur on separate islands (A). On the island where they co-occur, the average bill depth of both species is skewed to the either side of the distribution. These populations of G. fuliginosa and G. fortis have hence adapted to slightly different food sources (smaller and larger seeds respectively), since adjusting their food intake has reduced competition with the other species, which was consequently favored by natural selection.",1
74,Explain how the data in Figure 2 is an example of ecological character displacement.,Figuur A geeft twee populaties weer die apart leven van elkaar. Bij deze populaties is er dus geen competitie om voedsel. Figuur B geeft twee populaties weer die samen voorkomen. Hierdoor is er bij deze populaties competitie voor voedsel. Het gevolg hiervan is dat de G. fortis zich op wat hardere noten gaat richten om de competitie te verminderen. De G. fortis met een bredere snavel hebben meer succes met het eten van de hardere noten en deze eigenschap zal zich doorzetten. ,"Populations of two related finch species differ more in bill depth (which is directly related to the size of seeds they eat) when the species occur together on one island (B) then when the species occur on separate islands (A). On the island where they co-occur, the average bill depth of both species is skewed to the either side of the distribution. These populations of G. fuliginosa and G. fortis have hence adapted to slightly different food sources (smaller and larger seeds respectively), since adjusting their food intake has reduced competition with the other species, which was consequently favored by natural selection.",3
75,Explain how the data in Figure 2 is an example of ecological character displacement.,"Ecological character displacement occurs when there is divergence in a specific characteristic in response to competition. The finches in figure 2 differ more in bill size where both species coexist, on Santa Cruz. In figure 2A, the bill size does not differ much, as they live separately. This means that when the two species coexist, there is more competition for food and thus the species diverge in bill size in response to this competition. ","Populations of two related finch species differ more in bill depth (which is directly related to the size of seeds they eat) when the species occur together on one island (B) then when the species occur on separate islands (A). On the island where they co-occur, the average bill depth of both species is skewed to the either side of the distribution. These populations of G. fuliginosa and G. fortis have hence adapted to slightly different food sources (smaller and larger seeds respectively), since adjusting their food intake has reduced competition with the other species, which was consequently favored by natural selection.",3
76,Explain how the data in Figure 2 is an example of ecological character displacement.,"Er is te zien dat de soorten die niet samenleven redelijk veel overlap hebben in snavelgrootte, en daarmee dus een vergelijkbare niche benutten. Dit kan ook omdat ze niet samen leven, en dus ook geen concurentie zijn voor elkaar. Bij de soorten die coexisten is te zien dat deze heel veel minder overlap hebben in snavelgrootte. Dit wijst erop dat beide soorten een andere niche benutten in hetzelfde habitat. Dit zorgt ervoor dat deze soorten geen concurentie hebben met elkaar. Concurrentie door overlap in niche leidt dus tot character displacement (?)","Populations of two related finch species differ more in bill depth (which is directly related to the size of seeds they eat) when the species occur together on one island (B) then when the species occur on separate islands (A). On the island where they co-occur, the average bill depth of both species is skewed to the either side of the distribution. These populations of G. fuliginosa and G. fortis have hence adapted to slightly different food sources (smaller and larger seeds respectively), since adjusting their food intake has reduced competition with the other species, which was consequently favored by natural selection.",3
77,Explain how the data in Figure 2 is an example of ecological character displacement.,"Ecological character displacement verwijst naar selectie om competitie om bronnen te verminderen. In figuur 2 is te zien dat de soorten die goed samen kunnen leven allebei een andere soort snavel hebben, en dus verschillend voedsel eten. Terwijl de aparte soorten, die dus niet samen kunnen leven, dezelfde snavel eten en anders dus competitie zouden hebben om bronnen.","Populations of two related finch species differ more in bill depth (which is directly related to the size of seeds they eat) when the species occur together on one island (B) then when the species occur on separate islands (A). On the island where they co-occur, the average bill depth of both species is skewed to the either side of the distribution. These populations of G. fuliginosa and G. fortis have hence adapted to slightly different food sources (smaller and larger seeds respectively), since adjusting their food intake has reduced competition with the other species, which was consequently favored by natural selection.",1
78,Explain how the data in Figure 2 is an example of ecological character displacement.,"De grafiek van separate populations verplaats voor de G. fortis naar rechts, terwijl die van G. fuliginosa ongeveer op z'n plek blijft wanneer ze coexisting populations zijn. Dit betekent dat de bill depth gemiddeld groter wordt van de G. fortis dan de G. fuliginosa wanneer deze in hetzelfde gebied leven, om dus competitie voor voedsel te vermijden. Dat is een voorbeeld van ecological character displacement.","Populations of two related finch species differ more in bill depth (which is directly related to the size of seeds they eat) when the species occur together on one island (B) then when the species occur on separate islands (A). On the island where they co-occur, the average bill depth of both species is skewed to the either side of the distribution. These populations of G. fuliginosa and G. fortis have hence adapted to slightly different food sources (smaller and larger seeds respectively), since adjusting their food intake has reduced competition with the other species, which was consequently favored by natural selection.",2
79,Explain how the data in Figure 2 is an example of ecological character displacement.,"Het fenomeen character displacement houdt in dat karakteristieken van twee soorten divergeren, doordat deze soorten interactie hebben. In figuur 2 is te zien dat wanneer de 2 soorten in gescheiden populaties leven, de snavel lengtes veel overlap vertonen, maar als deze soorten samen in een gebied leven, is er veel minder overlap in snavel lengte tussen deze soorten. Wanneer de soorten niet in hetzelfde gebied leven, zullen ze gebruikmaken van dezelfde resources waar ze deze snavel lengte voor nodig hebben, zonder last te hebben van elkaar. Maar wanneer de soorten samen in een gebied van dezelfde resources, kunnen er tekorten komen van deze resource en kan er een conflict optreden tussen deze soorten. Om dit conflict en de gevolgen daarvan in te perken zullen deze soorten zich gaan richten op andere resources, waar minder conflict is. Voor de nieuwe resources zijn waarschijnlijk andere snavel lengtes nodig. De snavel lengtes van deze soorten die in hetzelfde gebied leven, zullen dus gaan divergeren. ","Populations of two related finch species differ more in bill depth (which is directly related to the size of seeds they eat) when the species occur together on one island (B) then when the species occur on separate islands (A). On the island where they co-occur, the average bill depth of both species is skewed to the either side of the distribution. These populations of G. fuliginosa and G. fortis have hence adapted to slightly different food sources (smaller and larger seeds respectively), since adjusting their food intake has reduced competition with the other species, which was consequently favored by natural selection.",3
80,Explain how the data in Figure 2 is an example of ecological character displacement.,"In ideal circumstances, both G. fuliginosa and G. fortis have beak sizes that allow for the optimal resource utilization. When there is no pressure through competition for resources it is clear that their beak sizes have about the same size.  If they live on the same island and compete for the same resources there is a pressure to adapt to utilize different resources. The beak size of G fortis has clearly grown in size over time, this growing in size is ecological character displacement and that is why the data in figure 2 is an example of this.","Populations of two related finch species differ more in bill depth (which is directly related to the size of seeds they eat) when the species occur together on one island (B) then when the species occur on separate islands (A). On the island where they co-occur, the average bill depth of both species is skewed to the either side of the distribution. These populations of G. fuliginosa and G. fortis have hence adapted to slightly different food sources (smaller and larger seeds respectively), since adjusting their food intake has reduced competition with the other species, which was consequently favored by natural selection.",3
81,Explain how the data in Figure 2 is an example of ecological character displacement.,"Ecological character displacement is divergente evolutie als respons op competitie tussen soorten. In de gescheiden populaties vindt geen onderlinge competitie om voedsel plaats en is de snaveldikte van de soorten erg vergelijkbaar en ligt het gemiddelde van de snaveldiktes van de soorten dicht bij elkaar. ... In de samenlevende populaties heeft ecological character displacement plaatsgevonden. De soorten komen in hetzelfde gebied voor, waardoor competitie om voedsel ontstaat. In de G. fuliginosa zal daardoor een gemiddeld minder dikke snavel evolueren en in de G. fortis gemiddeld juist een dikkere snavel. Door dit verschil in snaveldikte kunnen de soorten beter zaden met andere maat en hardheid eten, waardoor de competitie afneemt en de fitness van de soorten toeneemt.","Populations of two related finch species differ more in bill depth (which is directly related to the size of seeds they eat) when the species occur together on one island (B) then when the species occur on separate islands (A). On the island where they co-occur, the average bill depth of both species is skewed to the either side of the distribution. These populations of G. fuliginosa and G. fortis have hence adapted to slightly different food sources (smaller and larger seeds respectively), since adjusting their food intake has reduced competition with the other species, which was consequently favored by natural selection.",3
82,Explain how the data in Figure 2 is an example of ecological character displacement.,"We zien hier twee soorten met een duidelijke overlap in snavelgrootte, als ze onafhankelijk van elkaar leven. Als de soorten in hetzelfde leefgebied komen te leven zorgt deze overlap, gecombineerd met het feit dat beide soorten zaden eten, voor een toegenomen competitie voor voedsel tussen de vogels. In deze situatie zorgt een bovengemiddeld grote of kleine snavel voor een fitnessvoordeel, omdat vogels met deze eigenschappen een verminderde competitie heeft met de andere soort. deze selectiedruk op bovengemiddelde snavels voor de ene soort en ondergemiddelde snavels voor de andere soort leidt uiteindelijk tot ecological character displacement.","Populations of two related finch species differ more in bill depth (which is directly related to the size of seeds they eat) when the species occur together on one island (B) then when the species occur on separate islands (A). On the island where they co-occur, the average bill depth of both species is skewed to the either side of the distribution. These populations of G. fuliginosa and G. fortis have hence adapted to slightly different food sources (smaller and larger seeds respectively), since adjusting their food intake has reduced competition with the other species, which was consequently favored by natural selection.",4
83,Explain how the data in Figure 2 is an example of ecological character displacement.,"Op de x-as staat Bill depth (mm) en op de y-as staat de frequency of phenotype. Dit voor beide figuur A en B. Het is duidelijk te zien dat wanneer deze twee soorten in aparte populaties leven ze grotendeels een overlap hebben in Bill depth, het bestudeerde karakter. Wanneer deze soorten in coexisteren is het te zien dat dit maar voor een heel klein gedeelte is.  ... Ecological character displacement is wanneer twee of meer soorten dezelfde bron gebruiken (zoals in dit geval voedsel) en door deze competitie uit elkaar evolueren om een andere hulpbron te kunnen benutten. Hierdoor zullen ze meer van elkaar verschillen en kunnen ze beter coexisteren omdat ze nu beide een hogere fitness hebben door hun aanpassing van het karakter. ... In dit figuur is ook te zien dat de soorten die coexisteren meer van elkaar verschillen in Bill depth. Dit is bewijs van ecological character displacement.","Populations of two related finch species differ more in bill depth (which is directly related to the size of seeds they eat) when the species occur together on one island (B) then when the species occur on separate islands (A). On the island where they co-occur, the average bill depth of both species is skewed to the either side of the distribution. These populations of G. fuliginosa and G. fortis have hence adapted to slightly different food sources (smaller and larger seeds respectively), since adjusting their food intake has reduced competition with the other species, which was consequently favored by natural selection.",4
84,Explain how the data in Figure 2 is an example of ecological character displacement.,"In het figuur zie je links twee apparte populaties, omdat deze populaties niet samen leven is het geen probleem dat ze overlappen. En vind er geen competitie plaats, dus ook geen ecologische carachter displacement. Dit proces heeft wel plaats gevonden in het tweede figuur. Hier is na aanleiding van de competitie van de eerst overlappende distributies divergentie van het kenmerk op getreden. ","Populations of two related finch species differ more in bill depth (which is directly related to the size of seeds they eat) when the species occur together on one island (B) then when the species occur on separate islands (A). On the island where they co-occur, the average bill depth of both species is skewed to the either side of the distribution. These populations of G. fuliginosa and G. fortis have hence adapted to slightly different food sources (smaller and larger seeds respectively), since adjusting their food intake has reduced competition with the other species, which was consequently favored by natural selection.",3
85,Explain how the data in Figure 2 is an example of ecological character displacement.,"Wanneer de 2 soorten los van elkaar leven kunnen deze zich allebei voldoende voeden met de beschikbare zaden. Wanneer de 2 soorten samen in hetzelfde gebied voorkomen ontstaat er concurrentie binnen de soorten, omdat deze dezelfde zaden eten. Er komt op dat moment een selectiedruk op het hebben van een iets grotere of kleinere snavel, waardoor deze individuen zaden kunnen eten die de individuen met een \""standaard\"" formaat snavel niet kunnen eten. Op die manier zullen de snavels op een gegeven moment niet meer overlappen in grootte, omdat dit de soorten bevoordeelt in het voldoen in hun behoeftes van eten. Door het verschil tussen de ecosystemen uit figuur 2 zal er ondanks dat individuen tot dezelfde soort behoren tussen de 2 populaties verschillen van snavelgrootte. De character: Snavelformaat is displaced. ","Populations of two related finch species differ more in bill depth (which is directly related to the size of seeds they eat) when the species occur together on one island (B) then when the species occur on separate islands (A). On the island where they co-occur, the average bill depth of both species is skewed to the either side of the distribution. These populations of G. fuliginosa and G. fortis have hence adapted to slightly different food sources (smaller and larger seeds respectively), since adjusting their food intake has reduced competition with the other species, which was consequently favored by natural selection.",5
86,Explain how the data in Figure 2 is an example of ecological character displacement.,"Doordat deze twee soorten zoveel op elkaar lijken, hebben ze min of meer dezelfde niche en is er dus veel competitie. Door disruptieve selectie is er character displacement opgetreden, zodat beide soorten een eigen niche krijgen en minder competitie tussen de soorten is.","Populations of two related finch species differ more in bill depth (which is directly related to the size of seeds they eat) when the species occur together on one island (B) then when the species occur on separate islands (A). On the island where they co-occur, the average bill depth of both species is skewed to the either side of the distribution. These populations of G. fuliginosa and G. fortis have hence adapted to slightly different food sources (smaller and larger seeds respectively), since adjusting their food intake has reduced competition with the other species, which was consequently favored by natural selection.",1
87,Explain how the data in Figure 2 is an example of ecological character displacement.,"The type of seeds that the birds used to eat, overlapped between the two bird species. But the birds that ate slighlty different seeds had a fitness advantage because they had less competition. Those birds evolved different beaks according to the types of seeds they ate, which is an example of ecological character displacement.","Populations of two related finch species differ more in bill depth (which is directly related to the size of seeds they eat) when the species occur together on one island (B) then when the species occur on separate islands (A). On the island where they co-occur, the average bill depth of both species is skewed to the either side of the distribution. These populations of G. fuliginosa and G. fortis have hence adapted to slightly different food sources (smaller and larger seeds respectively), since adjusting their food intake has reduced competition with the other species, which was consequently favored by natural selection.",3
88,Explain how the data in Figure 2 is an example of ecological character displacement.,"Ecological character displacement vindt plaats wanneer twee samenlevende soorten gaan divergeren in hun eigenschappen, waardoor er minder overlap is in de resources die de soorten gebruiken. Je ziet dat dus dat de gemiddelde eigenschappen van de soorten in afzonderlijke populaties dichter bij elkaar liggen dan in populaties die samenleven. Dit zie je goed terugkomen in figuur 2. De gemiddelde bill depth van de twee vogelsoorten ligt een stuk dichter bij elkaar wanneer de twee soorten niet samenleven, en divergeert juist bij populaties die samenleven. Er is hier dus duidelijk sprake van ecological character displacement. ","Populations of two related finch species differ more in bill depth (which is directly related to the size of seeds they eat) when the species occur together on one island (B) then when the species occur on separate islands (A). On the island where they co-occur, the average bill depth of both species is skewed to the either side of the distribution. These populations of G. fuliginosa and G. fortis have hence adapted to slightly different food sources (smaller and larger seeds respectively), since adjusting their food intake has reduced competition with the other species, which was consequently favored by natural selection.",3
89,Explain how the data in Figure 2 is an example of ecological character displacement.,"Taxa that are most similar in ecological niche have high competition for the same recources. This reduction in fitness is highest for those individuals who's traits are most similar, so there is disruptive selection against the mean. The individuals with smaller and larger beaks will have a higher relative fitness compared to the intermediate, causing natural selection to favour more dissimilar traits until the two taxa start to differ more and more ecologically speaking over nummerable generations.","Populations of two related finch species differ more in bill depth (which is directly related to the size of seeds they eat) when the species occur together on one island (B) then when the species occur on separate islands (A). On the island where they co-occur, the average bill depth of both species is skewed to the either side of the distribution. These populations of G. fuliginosa and G. fortis have hence adapted to slightly different food sources (smaller and larger seeds respectively), since adjusting their food intake has reduced competition with the other species, which was consequently favored by natural selection.",4
90,Explain how the data in Figure 2 is an example of ecological character displacement.,"In het linker figuur zie je dat de bek grootte van van de twee verschillende vogels meer overlappen dan bij het rechter figuur. Wanneer er overlap plaats vindt, zal de fitness lager zijn in dit gebied van overlap, omdat er hier competitie plaats vind voor voedsel. Doordat de eigenschappen niet meer overlappen, ervaren de dieren een fitness voordeel. Dus de ecological character displacement zorgt uiteindelijk voor een fitness voordeel voor beide groepen vogels.","Populations of two related finch species differ more in bill depth (which is directly related to the size of seeds they eat) when the species occur together on one island (B) then when the species occur on separate islands (A). On the island where they co-occur, the average bill depth of both species is skewed to the either side of the distribution. These populations of G. fuliginosa and G. fortis have hence adapted to slightly different food sources (smaller and larger seeds respectively), since adjusting their food intake has reduced competition with the other species, which was consequently favored by natural selection.",3
91,Explain how the data in Figure 2 is an example of ecological character displacement.,"ecological character displacement involves two (or more) taxa diverging due to competition with other taxa who share a similar niche or use similar resources. An overlap in niche generally lowers the fitness, thus there is directional selection away from the shared niche. The figure shows how on separated islands, there is an overlap in average beak size (linked to food source) between two species of bird, but where the two species live in the same region, this overlap is almost nonexistent. This is in support of ecol. character displacement, as the two birds eating the same food type would mean more competition and therefore a lower fitness. ","Populations of two related finch species differ more in bill depth (which is directly related to the size of seeds they eat) when the species occur together on one island (B) then when the species occur on separate islands (A). On the island where they co-occur, the average bill depth of both species is skewed to the either side of the distribution. These populations of G. fuliginosa and G. fortis have hence adapted to slightly different food sources (smaller and larger seeds respectively), since adjusting their food intake has reduced competition with the other species, which was consequently favored by natural selection.",5
92,Explain how the data in Figure 2 is an example of ecological character displacement.,"In the first figure it is shown that there is quite some overlap between the two species in bill depth. This causes them to have competition in eating the same seeds, as the bill depth is adapted to the hardness of seeds. As a reaction to this competition, ecological character displacement takes place, where, as shown in the second figure, the species diverge in bill depth: one species gets a lower bill depth and the other a higher bill depth, which means that there is much less competition in seeds eaten between the species.","Populations of two related finch species differ more in bill depth (which is directly related to the size of seeds they eat) when the species occur together on one island (B) then when the species occur on separate islands (A). On the island where they co-occur, the average bill depth of both species is skewed to the either side of the distribution. These populations of G. fuliginosa and G. fortis have hence adapted to slightly different food sources (smaller and larger seeds respectively), since adjusting their food intake has reduced competition with the other species, which was consequently favored by natural selection.",3
93,Explain how the data in Figure 2 is an example of ecological character displacement.,Met ecological character displacement wordt bedoelt dat soorten divergeren tussen iets (in dit geval voedseltype) als gevolg van competitie.  ...  ... In dit geval hadden twee populaties ongeveer dezelfde voedsel voorkeur. Na verloop van tijd zijn de 'bills' gaan divergeren waardoor de twee populaties naast elkaar kunnen leven (coexisting).,"Populations of two related finch species differ more in bill depth (which is directly related to the size of seeds they eat) when the species occur together on one island (B) then when the species occur on separate islands (A). On the island where they co-occur, the average bill depth of both species is skewed to the either side of the distribution. These populations of G. fuliginosa and G. fortis have hence adapted to slightly different food sources (smaller and larger seeds respectively), since adjusting their food intake has reduced competition with the other species, which was consequently favored by natural selection.",3
94,Explain how the data in Figure 2 is an example of ecological character displacement.,"In A leven beide soorten apart van elkaar. Te zien is dat bill depth (snaveldiepte?) redelijk overlapt. In B leven beide soorten in hetzelfde gebied en hier overlapt de bill depth niet. Als ze hier ook zouden overlappen, zou dat betekenen de soorten erg met elkaar concurreren, doordat ze erg op elkaar lijken. Doordat ze in B uit elkaar gedreven zijn, duidt dat op ecological character displacement.","Populations of two related finch species differ more in bill depth (which is directly related to the size of seeds they eat) when the species occur together on one island (B) then when the species occur on separate islands (A). On the island where they co-occur, the average bill depth of both species is skewed to the either side of the distribution. These populations of G. fuliginosa and G. fortis have hence adapted to slightly different food sources (smaller and larger seeds respectively), since adjusting their food intake has reduced competition with the other species, which was consequently favored by natural selection.",4
95,Explain how the data in Figure 2 is an example of ecological character displacement.,Uit de figuur blijkt dat soorten divergeren omdat ze minder concurrentie hebben indien ze meer verschillen van elkaar. Soorten die precies dezelfde bill depth hebben eten hetzelfde voedsel en hebben dus meer convergentie. Ecological character displacement zorgt er dan voor dat de ene populatie de bill depth van G. fortis groter wordt. Deze individuen hebben dan een hogere fitness omdat ze minder hoeven te concurreren om voedsel. ,"Populations of two related finch species differ more in bill depth (which is directly related to the size of seeds they eat) when the species occur together on one island (B) then when the species occur on separate islands (A). On the island where they co-occur, the average bill depth of both species is skewed to the either side of the distribution. These populations of G. fuliginosa and G. fortis have hence adapted to slightly different food sources (smaller and larger seeds respectively), since adjusting their food intake has reduced competition with the other species, which was consequently favored by natural selection.",4
96,Explain how the data in Figure 2 is an example of ecological character displacement.,Ecological character displacement is het fenomeen dat we in de natuur vaak zien als competitieve interacties leiden tot divergentie van een karaktertoestand. Dit betekend dat als organismen in een zelfde habitat wonen ze een hogere fitness hebben als ze niet hoeven te concurreren om hulpbronnen en dus andere karaktertoestanden hebben. Dit zie je ook in het figuur: in de zelfde omgeving samen leven (coexisting population) hebben ze een hogere fitness als ze een andere bill depth hebben omdat ze dan andere voedingsbronnen kunnen gebruiken en dus niet hoeven te concurreren. Als ze in gescheiden gebieden leven concurreren ze niet met elkaar en hebben ze dus dezelfde bill depth. In dezelfde habitat leven leidt dus tot divergentie van karaktertoestanden zodat concurrentie minder wordt en de fitness verhoogd (ecological character displacement). ,"Populations of two related finch species differ more in bill depth (which is directly related to the size of seeds they eat) when the species occur together on one island (B) then when the species occur on separate islands (A). On the island where they co-occur, the average bill depth of both species is skewed to the either side of the distribution. These populations of G. fuliginosa and G. fortis have hence adapted to slightly different food sources (smaller and larger seeds respectively), since adjusting their food intake has reduced competition with the other species, which was consequently favored by natural selection.",5
97,Explain how the data in Figure 2 is an example of ecological character displacement.,"In the first figure, you can see that both species have a comparable distribution for bill depth of their population. These populations can not co-exist because their competition for food is too high because they use equal seeds. In the second figure, both species have evolved different distributions for bill depth of their population. These population can co-exist because they have no competition for food because they use different seeds.","Populations of two related finch species differ more in bill depth (which is directly related to the size of seeds they eat) when the species occur together on one island (B) then when the species occur on separate islands (A). On the island where they co-occur, the average bill depth of both species is skewed to the either side of the distribution. These populations of G. fuliginosa and G. fortis have hence adapted to slightly different food sources (smaller and larger seeds respectively), since adjusting their food intake has reduced competition with the other species, which was consequently favored by natural selection.",2
98,Explain how the data in Figure 2 is an example of ecological character displacement.,"Ecological character displacement is a way of selection to lessen resource competition between species in the same area and therefore acts on traits associated with resource use such as bill depth. The data in figure 2 shows that these two species look really similar if they do not co-exist in the same area, which could mean they prefer the same food resource. When the species co-exist there is a greater competition on the resource, which tends to lead to natural selection preferring those individuals that have a difference in bill depth which leads them to use different recources. The displacement in bill depth will keep increasing over time.","Populations of two related finch species differ more in bill depth (which is directly related to the size of seeds they eat) when the species occur together on one island (B) then when the species occur on separate islands (A). On the island where they co-occur, the average bill depth of both species is skewed to the either side of the distribution. These populations of G. fuliginosa and G. fortis have hence adapted to slightly different food sources (smaller and larger seeds respectively), since adjusting their food intake has reduced competition with the other species, which was consequently favored by natural selection.",5
99,Explain how the data in Figure 2 is an example of ecological character displacement.,"As bill depth is correlated with the type of seeds most used by each population, the similar bill depths of the two species where they do not overlap indicate that they both prefer seeds of the same size/hardness. When these two species coexist, competition for these seeds will be greatest and average fitness of individuals with beaks of around this size may decrease. As a consequence, both species have evolved differently sized beaks to feed on seeds of different sizes.  ...  ... This divergence in a character trait, as a result of competition between the two species makes this an example of ecological character displacement.","Populations of two related finch species differ more in bill depth (which is directly related to the size of seeds they eat) when the species occur together on one island (B) then when the species occur on separate islands (A). On the island where they co-occur, the average bill depth of both species is skewed to the either side of the distribution. These populations of G. fuliginosa and G. fortis have hence adapted to slightly different food sources (smaller and larger seeds respectively), since adjusting their food intake has reduced competition with the other species, which was consequently favored by natural selection.",5
100,Explain how the data in Figure 2 is an example of ecological character displacement.,"Ecological character displacement describes when 2 similair species occupy the same environment and compete for the same resources. Natural selection   favors divergence in traits/character between the 2 species so they dont have to compete for the same resources in the same environment. Figure 2 shows an example of this by projecting 2 different populations, one where the 2 species occupy a different environment and thus have fairly similair traits and a population where the 2 species occupy the same environment where one species has a developed a new bill size compared to the other species and thus have to compete less for the same resources.","Populations of two related finch species differ more in bill depth (which is directly related to the size of seeds they eat) when the species occur together on one island (B) then when the species occur on separate islands (A). On the island where they co-occur, the average bill depth of both species is skewed to the either side of the distribution. These populations of G. fuliginosa and G. fortis have hence adapted to slightly different food sources (smaller and larger seeds respectively), since adjusting their food intake has reduced competition with the other species, which was consequently favored by natural selection.",5
101,Explain how the data in Figure 2 is an example of ecological character displacement.,Ecological character displacment is het fenomeen waarbij eigenschappen evolueren gebaseerd op selectie waarbij er minder competitie optreed over een voedselbron tussen soorten. In de diagram is te zien dat de vogel soorten bijna geen of weinig overlap hebben in hun snavel fenotype. Dit zal betekenen dat ze ook andere voedselbronnen hebben gebaseerd op dat fenotype wat ecological character displacement als oorzaak zou kunnen hebben.,"Populations of two related finch species differ more in bill depth (which is directly related to the size of seeds they eat) when the species occur together on one island (B) then when the species occur on separate islands (A). On the island where they co-occur, the average bill depth of both species is skewed to the either side of the distribution. These populations of G. fuliginosa and G. fortis have hence adapted to slightly different food sources (smaller and larger seeds respectively), since adjusting their food intake has reduced competition with the other species, which was consequently favored by natural selection.",3
102,Explain how the data in Figure 2 is an example of ecological character displacement.,"When the finches of one taxa live in the same geographical area and use the same food source, because they have a same beak size. There will be competition between the two. Which means that in order to maximize their chance of survival and reproduction, the species that coexist may evolve differences in traits that allow them to specialize on slightly different resources or habitats. This differentiation reduces the direct competition between them, as each taxa becomes better adapted to utilize specific resources that the other may not be as well suited for. Character displacement can occur through natural selection acting on individuals within the populations over time. This is the case in figure 2B where G. fuliginosa and G. fortis coexist and in figure 2A the two taxa live in separate areas, so they don't have any competition and there is no need to use other resources or go to a new habitat, which means that there is no natural selection on a smaller or bigger beak size. ","Populations of two related finch species differ more in bill depth (which is directly related to the size of seeds they eat) when the species occur together on one island (B) then when the species occur on separate islands (A). On the island where they co-occur, the average bill depth of both species is skewed to the either side of the distribution. These populations of G. fuliginosa and G. fortis have hence adapted to slightly different food sources (smaller and larger seeds respectively), since adjusting their food intake has reduced competition with the other species, which was consequently favored by natural selection.",5
103,Explain how the data in Figure 2 is an example of ecological character displacement.,"In figure A, you see that the average frequency type of G. fuligiona and G. fortis is very similiar and so their beaksize is very similiar. This means they forage on the same foodscource and thus are in competition with each other for this food source. ...  ... In figure B, you see a bigger difference in the beaksizes which also means a larger divergence in average frequency. With different beaksizes, the finches are able to feed on different sources and are in less competition with each other. This diverergence in morphology to increase fitness of both species is called ecological character displacement. ","Populations of two related finch species differ more in bill depth (which is directly related to the size of seeds they eat) when the species occur together on one island (B) then when the species occur on separate islands (A). On the island where they co-occur, the average bill depth of both species is skewed to the either side of the distribution. These populations of G. fuliginosa and G. fortis have hence adapted to slightly different food sources (smaller and larger seeds respectively), since adjusting their food intake has reduced competition with the other species, which was consequently favored by natural selection.",3
104,Explain how the data in Figure 2 is an example of ecological character displacement.,"When the populations are seperated, they dont have to compete for resources. Therefore, an adaptation of bill depth is not needed for neither species, which shows in figure 1, where the bill depth is very similar. In coexisting population, competition was active, and therefore there weren't enough resources. This caused one of the species to gain an adaptation of a bigger bill depth, which would mean they could use other resources and therefore wouldn't have to compete with each other. This is an example of ecological character displacement.","Populations of two related finch species differ more in bill depth (which is directly related to the size of seeds they eat) when the species occur together on one island (B) then when the species occur on separate islands (A). On the island where they co-occur, the average bill depth of both species is skewed to the either side of the distribution. These populations of G. fuliginosa and G. fortis have hence adapted to slightly different food sources (smaller and larger seeds respectively), since adjusting their food intake has reduced competition with the other species, which was consequently favored by natural selection.",4
105,Explain how the data in Figure 2 is an example of ecological character displacement.,"Doordat de soorten een deels overlappende voedselbron hadden kwamen ze in conflict met elkaar. bij ecological character displacement groeien twee samenlevende soorten steeds meer uit elkaar (divergentie). dit is in dit geval ook gebeurd, om conflict te vermijden gingen G fortis en G Fuliginosa hun dieet beide een beetje aanpassen. Omdat ze beide iets andere zaden gingen eten werd geselecteerd op de bill depth die het handigst bij dat type zaad paste. Zo groeide de soorten steeds meer uit elkaar en kreeg G fortis een grotere bill depth dan G fuliginosa.","Populations of two related finch species differ more in bill depth (which is directly related to the size of seeds they eat) when the species occur together on one island (B) then when the species occur on separate islands (A). On the island where they co-occur, the average bill depth of both species is skewed to the either side of the distribution. These populations of G. fuliginosa and G. fortis have hence adapted to slightly different food sources (smaller and larger seeds respectively), since adjusting their food intake has reduced competition with the other species, which was consequently favored by natural selection.",3
106,Explain how the data in Figure 2 is an example of ecological character displacement.,"Ecologische eigenschap displacement betekent dat wanneer soorten co-existeren ze divergeren als het aankomt op bepaalde eigenschappen. In dit geval gaat het om de snavel van vinken op de Galapagos. In het figuur bij a zie je 2 soorten die op verschillende eilanden voorkomen. Ook zie je in het figuur dat ze qua snavel diepte heel erg overeenkomen. Bij b zie een groot verschil tussen beide soorten, omdat ze op hetzelfde eiland leven. Deze verschillen zijn ontstaan doordat de soorten zijn gaan divergeren in voedselbron, omdat er anders te weinig voedsel is voor beide soorten. Natuurlijke selectie selecteert dan ook op individuen die of wel een grotere snavel hebben of wel een kleinere snavel hebben. Dit is ook bij b te zien, omdat ze co-existeren en dus gebruik maken van dezelfde voedselbronnen. Bij a is dit niet van toepassing, omdat ze in verschillende leefgebieden voorkomen.  ","Populations of two related finch species differ more in bill depth (which is directly related to the size of seeds they eat) when the species occur together on one island (B) then when the species occur on separate islands (A). On the island where they co-occur, the average bill depth of both species is skewed to the either side of the distribution. These populations of G. fuliginosa and G. fortis have hence adapted to slightly different food sources (smaller and larger seeds respectively), since adjusting their food intake has reduced competition with the other species, which was consequently favored by natural selection.",5
107,Explain how the data in Figure 2 is an example of ecological character displacement.,"In de gescheiden populaties zien we een overlap in de grote van de snavel. Wanneer de twee soorten bij elkaar in een gebied leven, zien we dat de overlap bijna helemaal verdwenen is, en dat de ene soort gemiddeld een kleinere snavel heeft, en de andere gemiddeld een grotere snavel. Dit toont aan dat er waarschijnlijk selectie was op de niet overlappende snavellengte, waardoor op de grote van de snavel selecteerd werd, waardoor deze eigenschap gedisplaced werd.","Populations of two related finch species differ more in bill depth (which is directly related to the size of seeds they eat) when the species occur together on one island (B) then when the species occur on separate islands (A). On the island where they co-occur, the average bill depth of both species is skewed to the either side of the distribution. These populations of G. fuliginosa and G. fortis have hence adapted to slightly different food sources (smaller and larger seeds respectively), since adjusting their food intake has reduced competition with the other species, which was consequently favored by natural selection.",4
108,Explain how the data in Figure 2 is an example of ecological character displacement.,"Ecological character displacement houdt in dat er binnen soorten wordt geselecteerd tegen resource competitie met andere soorten. De data in figuur 2 is hier een perfect voorbeeld van, want in de linker grafiek leven de twee soorten niet samen en hebben ze een gedeeltelijk vergelijkbare niche. Hun voedselbronnen komen gedeeltelijk overeen en dus ook de grootte van hun snavel. In de rechtergrafiek leven de twee soorten wel samen. In dit geval hebben beide soorten een gespecialiseerder dieet, om zo de andere soort niet in te weg te staan, dus een goed voorbeeld van ecological character displacement. Beide soorten gaan dus competitie uit de weg door net wat kleinere (fuliginosa) of net wat grotere (fortis) zaden te eten. Hierdoor wordt hun snavel net wat kleiner of net wat groter. Op deze manier ondervinden ze dus geen competitie met de andere soort. ","Populations of two related finch species differ more in bill depth (which is directly related to the size of seeds they eat) when the species occur together on one island (B) then when the species occur on separate islands (A). On the island where they co-occur, the average bill depth of both species is skewed to the either side of the distribution. These populations of G. fuliginosa and G. fortis have hence adapted to slightly different food sources (smaller and larger seeds respectively), since adjusting their food intake has reduced competition with the other species, which was consequently favored by natural selection.",4
109,Explain how the data in Figure 2 is an example of ecological character displacement.,"You can see that live separate from each other don't show very big differences in bill depth. This indicates that both populations most probably have the same food source, which is not a problem since there is no competition as the populations live at different places. However, when 2 populations coexist, you can see that there is a very obvious difference between the bill depth of both populations. This indicates that when 2 populations live at the same place, they eventually evolve to consume different foods so there will not be any competition and the populations can coexist.","Populations of two related finch species differ more in bill depth (which is directly related to the size of seeds they eat) when the species occur together on one island (B) then when the species occur on separate islands (A). On the island where they co-occur, the average bill depth of both species is skewed to the either side of the distribution. These populations of G. fuliginosa and G. fortis have hence adapted to slightly different food sources (smaller and larger seeds respectively), since adjusting their food intake has reduced competition with the other species, which was consequently favored by natural selection.",5
110,Explain how the data in Figure 2 is an example of ecological character displacement.,Ecological character displacement komt voort uit selectie om concurrentie met betrekking tot voedsel te beperken. In dit geval is de snavelgrootte gecorreleerd aan het type voedsel dat de vogels eten. Het linker figuur laat zien dat 2 soorten vogels die niet samen leven ongeveer een gelijke snavelgrootte hebben. Maar het rechter figuur laat duidelijk zien dat 2 soorten vogels die samen leven een totaal verschillende snavelgrootte hebben wat voorkomt uit selectie om voedselconcurrentie te laten dalen en is dus een voorbeeld van ecological character displacement ,"Populations of two related finch species differ more in bill depth (which is directly related to the size of seeds they eat) when the species occur together on one island (B) then when the species occur on separate islands (A). On the island where they co-occur, the average bill depth of both species is skewed to the either side of the distribution. These populations of G. fuliginosa and G. fortis have hence adapted to slightly different food sources (smaller and larger seeds respectively), since adjusting their food intake has reduced competition with the other species, which was consequently favored by natural selection.",5
111,Explain how the data in Figure 2 is an example of ecological character displacement.,"Zoals er boven figuur 2 staat is er sprake van populaties die in het zelfde habitat leven en daarmee de zelfde resources delen. Hierdoor is er competitie voor voedsel. Nu is er in de figuur duidelijk zichtbaar dat fulignosa een minder brede snavel heeft dan fortis. De twee soorten hebben zich dus gespecifiseerd op een andere resources. Zo eet de fortis populatie hardere zaden. Doordat de twee soorten verder niet overlappen in de snavelbreedte en daarmee niet dezelfde resources delen en dus een specificatie zijn ondergaan is er hier sprake van ecological character displacement. Aangezien de soort eerst vergelijkbare snavelbreedte hebben zoals in figuur 1 te zien toen de soorten apart van elkaar leefden °, maar zodra ze samen in een habitat voor zijn gekomen is dat langzamerhand gediffundeert.","Populations of two related finch species differ more in bill depth (which is directly related to the size of seeds they eat) when the species occur together on one island (B) then when the species occur on separate islands (A). On the island where they co-occur, the average bill depth of both species is skewed to the either side of the distribution. These populations of G. fuliginosa and G. fortis have hence adapted to slightly different food sources (smaller and larger seeds respectively), since adjusting their food intake has reduced competition with the other species, which was consequently favored by natural selection.",3
112,Explain how the data in Figure 2 is an example of ecological character displacement.,"Ecological charachter displacement houdt in dat er een situatie zich voordoet waarin het kan zijn dat twee soorten geografische overlap hebben. Hierdoor ontstaat er competitie tusssen de twee soorten om bijvoorbeeld voedsel. Individuen die andere voedseltypen gebruiken, waardoor ze geen competitie aan hoeven te gaan met andere soorten, zijn waarschijnlijk in fitness voordeel. ...  ... In figuur 2A is te zien dat de snavelgrootte tussen de twee soorten niet erg van elkaar verschilt, het overlapt zelfs. Dit komt omdat ze niet in hetzelfde gebied leven en daardoor geen competitie hebben. Hierdoor is het niet nodig om over te stappen op ander voedsel en is er geen hogere fitness voor êên van beide soorten. Hierdoor is er ook een minder groot verschil in snavelgrootte tussen de soorten. ...  ... In figuur 2B is te zien dat G. fortis een relatief grotere snavelgrootte heeft ten op zichte van G. fuliginosa. Dit komt doordat ze in dezelfde populatie leven en dus competitie hebben over voedsel. Als respons op deze competitie doet ecological character displacement zich voor, waarbij als gevolg van selectie, van elk soort, een ander fenotype een hoger fitness heeft in vergelijking met de concurrerde soort die hetzelfde ondergaat. Hierdoor ontstaat er divergente evolutie tussen deze 2 soorten. Als gevolg wordt de overlap in het gebruik van voedsel minder en daardoor de competitie ook, waardoor de 2 soorten alsnog kunnen samen leven.","Populations of two related finch species differ more in bill depth (which is directly related to the size of seeds they eat) when the species occur together on one island (B) then when the species occur on separate islands (A). On the island where they co-occur, the average bill depth of both species is skewed to the either side of the distribution. These populations of G. fuliginosa and G. fortis have hence adapted to slightly different food sources (smaller and larger seeds respectively), since adjusting their food intake has reduced competition with the other species, which was consequently favored by natural selection.",5
113,Explain how the data in Figure 2 is an example of ecological character displacement.,"De lengte van de snavel zorgt dat soorten samen voor kunnen komen. Dezelfde snavellengte zal zorgen voor dezelfde voedselbronnen, maar als de lengtes wat verschillen zullen de vogels van anderen voedselbronnen eten. Hierdoor is er minder competitie voor resources ","Populations of two related finch species differ more in bill depth (which is directly related to the size of seeds they eat) when the species occur together on one island (B) then when the species occur on separate islands (A). On the island where they co-occur, the average bill depth of both species is skewed to the either side of the distribution. These populations of G. fuliginosa and G. fortis have hence adapted to slightly different food sources (smaller and larger seeds respectively), since adjusting their food intake has reduced competition with the other species, which was consequently favored by natural selection.",3
114,Explain how the data in Figure 2 is an example of ecological character displacement.,"Bij Coexisterende populaties leidt overlap in vogelbek grootte tot overlap in de zaden die worden gegeten, hierdoor tot competitie in het vinden van dit voedsel en hierdoor dus tot verlaagde fitness voor beide populaties door minder beschikbaarheid van voedsel. Hierdoor zorgt evolutie via het proces ecological character displacement ervoor dat er divergentie ontstaat in deze eigenschap door de competitie. Dit leidt tot verhoogde beschikbaarheid tot voedsel en dus tot verhoogde fitness van beide soorten. Bij de non-coexisterende populaties is hier geen noodzaak toe en is er dus ook geen selectie geweest op de convergentie van deze eigenschap","Populations of two related finch species differ more in bill depth (which is directly related to the size of seeds they eat) when the species occur together on one island (B) then when the species occur on separate islands (A). On the island where they co-occur, the average bill depth of both species is skewed to the either side of the distribution. These populations of G. fuliginosa and G. fortis have hence adapted to slightly different food sources (smaller and larger seeds respectively), since adjusting their food intake has reduced competition with the other species, which was consequently favored by natural selection.",5
115,Explain how the data in Figure 2 is an example of ecological character displacement.,"Bij ecological character displacement vindt er divergente evolutie plaats als gevolg van competitie tussen soorten of populaties. In figuur 2 is te zien dat de grootte van de snavel meer van elkaar verschilt wanneer de twee populaties in eenzelfde gebied leven (B), dan wanneer ze apart van elkaar leven (A). Een mogelijke verklaring hiervoor kan zijn dat beide populaties dezelfde zaden eten en hierdoor dus concurreren voor dezelfde voedselbron. Individuen van beide populaties met een afwijkende grootte snavel hebben hierdoor een voordeel doordat ze andere zaden kunnen eten en hierdoor niet concurreren met de andere populatie. Op deze manier zullen de twee populaties hoogstwaarschijnlijk divergent evolueren en ontstaat figuur 2A. ","Populations of two related finch species differ more in bill depth (which is directly related to the size of seeds they eat) when the species occur together on one island (B) then when the species occur on separate islands (A). On the island where they co-occur, the average bill depth of both species is skewed to the either side of the distribution. These populations of G. fuliginosa and G. fortis have hence adapted to slightly different food sources (smaller and larger seeds respectively), since adjusting their food intake has reduced competition with the other species, which was consequently favored by natural selection.",3
116,Explain how the data in Figure 2 is an example of ecological character displacement.,"Wanneer de 2 soorten afgezonderd zijn kunnen ze makkelijker binnen dezelfde niche vallen omdat ze geen concurrentie met elkaar ondervinden. Wanneer ze dan op het zelfde eiland worden geplaatst vindt er concurrentie plaats omdat ze binnen dezelfde niche vallen, hierdoor gaan ze zich meer specialiseren in andere niches.","Populations of two related finch species differ more in bill depth (which is directly related to the size of seeds they eat) when the species occur together on one island (B) then when the species occur on separate islands (A). On the island where they co-occur, the average bill depth of both species is skewed to the either side of the distribution. These populations of G. fuliginosa and G. fortis have hence adapted to slightly different food sources (smaller and larger seeds respectively), since adjusting their food intake has reduced competition with the other species, which was consequently favored by natural selection.",3
117,Explain how the data in Figure 2 is an example of ecological character displacement.,"De vogels van A komen fenotypisch vaker overeen met elkaar dan de vogels bij B. De eerste groep vogels leeft gescheiden van elkaar, terwijl de tweede dus in hetzelfde gebied/habitat zitten. Hierdoor zijn andere uiterlijke kenmerken van deze soorten tot uiting gekomen om ervoor te 'zorgen' dat zij gebruik maakten van verschillende ecologische eigenschappen, wat dus valt onder ecological character displacement.","Populations of two related finch species differ more in bill depth (which is directly related to the size of seeds they eat) when the species occur together on one island (B) then when the species occur on separate islands (A). On the island where they co-occur, the average bill depth of both species is skewed to the either side of the distribution. These populations of G. fuliginosa and G. fortis have hence adapted to slightly different food sources (smaller and larger seeds respectively), since adjusting their food intake has reduced competition with the other species, which was consequently favored by natural selection.",2
118,Explain how the data in Figure 2 is an example of ecological character displacement.,"bij A leven de twee soorten apart van elkaar en is er dus minder competitie voot voedsel tussen de twee soorten, waardoor de bill depth redelijk gelijk kan zijn, beide soorten concurreren hier namelijk niet om eten. bij B leven de twee soorten wel in hetzelfde gebied, waardoor ze dus wel concurreren voor voedsel. hierdoor veranderd over tijd de bill depth van G. fortis zodat deze toegang heeft tot een andere voedselbron dan G. fuliginosa, wat een klassiek voorbeeld is van ecological character displacement.","Populations of two related finch species differ more in bill depth (which is directly related to the size of seeds they eat) when the species occur together on one island (B) then when the species occur on separate islands (A). On the island where they co-occur, the average bill depth of both species is skewed to the either side of the distribution. These populations of G. fuliginosa and G. fortis have hence adapted to slightly different food sources (smaller and larger seeds respectively), since adjusting their food intake has reduced competition with the other species, which was consequently favored by natural selection.",4
119,Explain how natural selection has caused the increase of the lactase persistence gene in modern humans. ,"Natural selection is like a filter that selects the individuals will the highest fitness (which consists of survival chance and number of offspring). A beneficial trait will increase fitness and therefore be passed on to the following generations. Milk is a source of energy, and the ability to digest milk (lactase persistence) increases the individuals fitness, since they are able to exploit this energy source. Individuals who are lactase persistent, will have increased fitness and therefore, this trait will be passed on. ","The lactase persistence gene enables its carrier to consume dairy products after childhood. This allowed carriers to use a nutritious food source throughout their life that humans without this gene could not enjoy. Carrying this gene was therefore strongly favored by natural selection, causing the gene to quickly increase in frequency.",5
120,Explain how natural selection has caused the increase of the lactase persistence gene in modern humans. ,"One of the most common ways to increase fitness, is by increasing your food availability. Back in the past, food was much harder to come by, meaning that cow's milk offered a valuable new food source for (older) children and adults. People who had a lucky beneficial mutation of lactase persistence, suddenly had an increase in relative fitness compared to the ones who did not as they could receive more of the benefits of cow's milk than those with lactose intolerance. Natural selection thus favored lactase persitence. the first mutation is often lost due to for example recombination and genetic drift, but as evidenced by figure 1, the allele eventually did start to spread in Eurasia. (In multiple locations actually, suggesting that a mutation leading to lactase persistence arose multiple times -> in multiple populations.)   ...     ...  Ps. What does BP mean?","The lactase persistence gene enables its carrier to consume dairy products after childhood. This allowed carriers to use a nutritious food source throughout their life that humans without this gene could not enjoy. Carrying this gene was therefore strongly favored by natural selection, causing the gene to quickly increase in frequency.",5
121,Explain how natural selection has caused the increase of the lactase persistence gene in modern humans. ,Natuurlijke selectie heeft ervoor gezorgd dat mensen met het lactasepersistentie-gen beter in staat zijn melk te verteren en daardoor een voordeel hebben in gebieden met veel zuivelproductie. Doordat mensen met dit gen een hogere overlevingskans hebben kan het gen zich verspreiden.,"The lactase persistence gene enables its carrier to consume dairy products after childhood. This allowed carriers to use a nutritious food source throughout their life that humans without this gene could not enjoy. Carrying this gene was therefore strongly favored by natural selection, causing the gene to quickly increase in frequency.",3
122,Explain how natural selection has caused the increase of the lactase persistence gene in modern humans. ,"The having of a lactase persistance gene is beneficial , with this gene it is possible to also eat lactose products which are energy rich. This could potentially increase the fitness of an individual as it is now able to potentially live longer and /or produce more ofspringg because of more nutrients/energy. ","The lactase persistence gene enables its carrier to consume dairy products after childhood. This allowed carriers to use a nutritious food source throughout their life that humans without this gene could not enjoy. Carrying this gene was therefore strongly favored by natural selection, causing the gene to quickly increase in frequency.",2
123,Explain how natural selection has caused the increase of the lactase persistence gene in modern humans. ,because only people that have been adapted to lactase can use the milk as a source of energy and give their lactase persistence gene to the next generation. People need lactase to break down lactose to get energy out of it and the people that bear this characteristic have a higher fitness than people that don't ,"The lactase persistence gene enables its carrier to consume dairy products after childhood. This allowed carriers to use a nutritious food source throughout their life that humans without this gene could not enjoy. Carrying this gene was therefore strongly favored by natural selection, causing the gene to quickly increase in frequency.",2
124,Explain how natural selection has caused the increase of the lactase persistence gene in modern humans. ,"Het kunnen drinken van melk was gunstig toen er weinig eten beschikbaar was. Het kunnen drinken van melk na de babytijd, begon als een mutatie in het lactose gen. Hierdoor hadden de mensen die dit gen hadden betere overlevingskansen tegenover de mensen die dit gen niet hadden en geen lactoseproducten konden eten. Zo werd een mutatie een gunstige eigenschap om te hebben en werd het verspreid onder de populatie. ","The lactase persistence gene enables its carrier to consume dairy products after childhood. This allowed carriers to use a nutritious food source throughout their life that humans without this gene could not enjoy. Carrying this gene was therefore strongly favored by natural selection, causing the gene to quickly increase in frequency.",3
125,Explain how natural selection has caused the increase of the lactase persistence gene in modern humans. ,"Individuals with this gene are able to utilise the nutrients in dairy products, giving them a fitness advantage. Natural selection favours these individuals, resulting in the increase of the frequency at which the gene occurrs.","The lactase persistence gene enables its carrier to consume dairy products after childhood. This allowed carriers to use a nutritious food source throughout their life that humans without this gene could not enjoy. Carrying this gene was therefore strongly favored by natural selection, causing the gene to quickly increase in frequency.",2
126,Explain how natural selection has caused the increase of the lactase persistence gene in modern humans. ,"mensen die het lactase persistence gen wel hadden, hadden een duidelijk voordeel ten opzichte van mensen die het gen niet hadden. Zij kregen, omdat ze de melk wel konden verwerken, makkelijk en snel veel energie en daarmee een hogere fitness. Zo kregen ze meer nakomelingen en verspreidde het gen zich onder de moderne mensen.","The lactase persistence gene enables its carrier to consume dairy products after childhood. This allowed carriers to use a nutritious food source throughout their life that humans without this gene could not enjoy. Carrying this gene was therefore strongly favored by natural selection, causing the gene to quickly increase in frequency.",3
127,Explain how natural selection has caused the increase of the lactase persistence gene in modern humans. ,"Het lactase persistent gen zorgt ervoor dat mensen ook op volwassen leeftijd lactase produceren waarmee melk verteerd kan worden. Melk is energierijk, dus hebben mensen met dit gen een voordeel ten opzichte van mensen zonder dit gen en kunnen gemiddeld langer overleven en meer nakomelingen krijgen. Deze nakomelingen zullen vervolgens het lactase persistent gen overerven. Hierdoor  is het aandeel van de populatie met dit gen toegenomen.","The lactase persistence gene enables its carrier to consume dairy products after childhood. This allowed carriers to use a nutritious food source throughout their life that humans without this gene could not enjoy. Carrying this gene was therefore strongly favored by natural selection, causing the gene to quickly increase in frequency.",4
128,Explain how natural selection has caused the increase of the lactase persistence gene in modern humans. ,"Er is waarschijnlijk ooit een mutatie ontstaan, die eerst geen effect had op het fenotype, omdat volwassen mensen geen melk dronken. Toen dit wel gebeurde door de domesticatie van koeien, is de selectiecoëfficiënt van het allel waar deze mutatie zich op bevindt positief geworden, en zal volgens de formule delta p = s*p*(1-p) de frequentie van dit allel toenemen.","The lactase persistence gene enables its carrier to consume dairy products after childhood. This allowed carriers to use a nutritious food source throughout their life that humans without this gene could not enjoy. Carrying this gene was therefore strongly favored by natural selection, causing the gene to quickly increase in frequency.",2
129,Explain how natural selection has caused the increase of the lactase persistence gene in modern humans. ,"Mensen met het lactase gen hadden een voordeel i.v.m. mensen zonder, aangezien zij meer energie konden krijgen van het drinken van melk. Hierdoor hebben ze meer kinderen kunnen krijgen (hogere fitness) en deze kinderen hebben de eigenschap overgeërfd. Dat was de werken van natuurlijke selectie.","The lactase persistence gene enables its carrier to consume dairy products after childhood. This allowed carriers to use a nutritious food source throughout their life that humans without this gene could not enjoy. Carrying this gene was therefore strongly favored by natural selection, causing the gene to quickly increase in frequency.",2
130,Explain how natural selection has caused the increase of the lactase persistence gene in modern humans. ,"Het lactase persistence gen zorgt ervoor dat volwassen mensen lactose kunnen verteren en opnemen. De mensen die dit gen hebben, hebben een voordeel ten opzichte van de mensen die dat gen niet hebben, omdat zij bij het drinken van koeienmelk meer voedingstoffen kunnen opnemen. Door de enorme toename in consumptie van koeienmelk is dit een eigenschap die voordelig en nuttig is. Mensen die dit gen hebben kunnen bijvoorbeeld dan ouder worden en hebben betere reproductie. Deze mensen geven dit gen dan over aan hun nakomelingen die ook weer een hogere overleving en reproductie hebben. Uiteindelijk nam op die manier het gen toe in de moderne mens.","The lactase persistence gene enables its carrier to consume dairy products after childhood. This allowed carriers to use a nutritious food source throughout their life that humans without this gene could not enjoy. Carrying this gene was therefore strongly favored by natural selection, causing the gene to quickly increase in frequency.",4
131,Explain how natural selection has caused the increase of the lactase persistence gene in modern humans. ,"Toen door de mens werd ontdekt dat melk van koeien veel nutriënten bevatten en dit gingen drinken, konden de meeste mensen lactose niet afbreken, met uitzondering van een paar mensen. Deze mensen hadden wel het gen voor het enzym om lactose af te breken en konden dus zonder problemen melk drinken. Deze mensen kregen meer nutriënten binnen, waardoor zij beter overleefden en een hogere fitness hadden doordat ze meer nakomelingen kregen. Dit gen gaven zij door aan hun nakomelingen die hierdoor ook weer een hogere fitness hadden doordat ze melk konden drinken en zij kregen ook meer nakomelingen in vergelijking met de mensen die geen lactase konden afbreken. Op deze manier verspreidde het lactase persistentie gen zich door de populatie. ","The lactase persistence gene enables its carrier to consume dairy products after childhood. This allowed carriers to use a nutritious food source throughout their life that humans without this gene could not enjoy. Carrying this gene was therefore strongly favored by natural selection, causing the gene to quickly increase in frequency.",4
132,Explain how natural selection has caused the increase of the lactase persistence gene in modern humans. ,"After cattle domestication, milk offered a great energy source. However, in order to profit from this, humans need to be able to extract the energy from this milk, a process for which lactase is essential. This means that individuals that have the lactase persistence gene are able to produce lactase throughout their entire lives, and thus have a major benefit over individuals that do not produce lactase and thus cannot profit from cow milk.","The lactase persistence gene enables its carrier to consume dairy products after childhood. This allowed carriers to use a nutritious food source throughout their life that humans without this gene could not enjoy. Carrying this gene was therefore strongly favored by natural selection, causing the gene to quickly increase in frequency.",3
133,Explain how natural selection has caused the increase of the lactase persistence gene in modern humans. ,"Door natuurlijke selectie is er een selectiedruk ontstaan, waardoor individuen die het lactase persistence gene bezitten een voordeel hebben ten opzichten van de mensen zonder dit gen. Hierdoor werd/word de fitness van deze individuen hoger dan de mensen zonder dit gen, waardoor de allel frequentie met dit gen hoger word in de populatie. Hierdoor neemt het lactase persistence gene qua aantallen toe in de moderne mens.","The lactase persistence gene enables its carrier to consume dairy products after childhood. This allowed carriers to use a nutritious food source throughout their life that humans without this gene could not enjoy. Carrying this gene was therefore strongly favored by natural selection, causing the gene to quickly increase in frequency.",2
134,Explain how natural selection has caused the increase of the lactase persistence gene in modern humans. ,"Met de toename van melk drinken bij mensen, hadden de mensen met dit gen een voordeel. Op dit voordeel is er vervolgens selectie druk gekomen. ","The lactase persistence gene enables its carrier to consume dairy products after childhood. This allowed carriers to use a nutritious food source throughout their life that humans without this gene could not enjoy. Carrying this gene was therefore strongly favored by natural selection, causing the gene to quickly increase in frequency.",1
135,Explain how natural selection has caused the increase of the lactase persistence gene in modern humans. ,"Koeienmelk leverde een goede bron van energie. Dit maakte dat degenen die hier beschikking tot hadden en de lactose die in deze melk zit ook konden verteren een extra energiebron tot hun beschikking hadden. Hierdoor hadden deze personen, onder andere in tijden van voedselschaarste, een fitnessvoordeel t.o.v. degenen die geen melk konden drinken. Ze hadden meer kans om te overleven en voort te planten waardoor het resistente gen steeds meer in de genenpoel voorkomt.","The lactase persistence gene enables its carrier to consume dairy products after childhood. This allowed carriers to use a nutritious food source throughout their life that humans without this gene could not enjoy. Carrying this gene was therefore strongly favored by natural selection, causing the gene to quickly increase in frequency.",4
136,Explain how natural selection has caused the increase of the lactase persistence gene in modern humans. ,"People who were not able to persist lactase, experienced selective pressure and had a lower fitness than those that were able to persist lactase. The higher fitness of the lactase persistent caused an increase of the gene in humans, and thus in modern humans.","The lactase persistence gene enables its carrier to consume dairy products after childhood. This allowed carriers to use a nutritious food source throughout their life that humans without this gene could not enjoy. Carrying this gene was therefore strongly favored by natural selection, causing the gene to quickly increase in frequency.",3
137,Explain how natural selection has caused the increase of the lactase persistence gene in modern humans. ,"Melk is een goede bron van energie. Hierdoor gingen mensen melk drinken, alleen kon niet iedereen hier tegen. Degene die hier wel tegen konden hadden een voordeel ten opzichte van degene die hier niet tegen konden. Daardoor kon het gen zich verspreiden door de populatie over verschillende generaties. ","The lactase persistence gene enables its carrier to consume dairy products after childhood. This allowed carriers to use a nutritious food source throughout their life that humans without this gene could not enjoy. Carrying this gene was therefore strongly favored by natural selection, causing the gene to quickly increase in frequency.",3
138,Explain how natural selection has caused the increase of the lactase persistence gene in modern humans. ," When the arrival of domesticated livestock in northern Europe happened ,  natural selection favored lactase  (the enzyme that can break down lactose ) in adults so they could digest the milk of cows and other domesticated animals ","The lactase persistence gene enables its carrier to consume dairy products after childhood. This allowed carriers to use a nutritious food source throughout their life that humans without this gene could not enjoy. Carrying this gene was therefore strongly favored by natural selection, causing the gene to quickly increase in frequency.",2
139,Explain how natural selection has caused the increase of the lactase persistence gene in modern humans. ,"Er zijn mensen die wel het gen hebben om lactase aan te maken en mensen die het niet hebben (variatie). Het gen om lactase te maken, kan overgedragen worden op de volgende generatie en komt tot expressie wanneer iemand dit heeft. Doordat mensen melk zijn drinken, hebben mensen die het gen hebben voor lactase opeens een voordeel aangezien zij nu gebruik kunnen maken van een nieuwe voedingsbron. Doordat deze eigenschap voordelig is, hadden deze mensen een hogere fitness ten opzichte van mensen zonder het lactase gen. Hierdoor is het aandeel mensen met het lactase gen gestegen gedurende het aantal populaties.    ...  ","The lactase persistence gene enables its carrier to consume dairy products after childhood. This allowed carriers to use a nutritious food source throughout their life that humans without this gene could not enjoy. Carrying this gene was therefore strongly favored by natural selection, causing the gene to quickly increase in frequency.",5
140,Explain how natural selection has caused the increase of the lactase persistence gene in modern humans. ,"De mensen bij wie lactase behouden bleef bij volwassenheid konden de energievolle koeienmelk blijven drinken. Hierdoor hadden deze mensen een hogere relatieve fitness dan de mensen die de melk niet konden verteren na volwassenwording. Door dit verschil in fitness ontstond er selectiedruk op het kunnen verteren van lactose, waardoor dit kenmerk uiteindelijk is toegenomen in frequentie in de gebieden die melkvee houden. Dit is een voorbeeld van natuurlijke selectie. ","The lactase persistence gene enables its carrier to consume dairy products after childhood. This allowed carriers to use a nutritious food source throughout their life that humans without this gene could not enjoy. Carrying this gene was therefore strongly favored by natural selection, causing the gene to quickly increase in frequency.",4
141,Explain how natural selection has caused the increase of the lactase persistence gene in modern humans. ,"A mutation arose in humans allowing for lactase persistence, thus creating variation in this trait. Lactase persistence allowed for humans to drink milk as adults, which was beneficial for survival. Lactase persistence was selected for (natural selection). Therefore, individuals with lactase persistence had a higher chance of survival and thus of passing their genes onto their children. This trait thus spread through the population, causing the increase of the lactase persistence gene in humans. ","The lactase persistence gene enables its carrier to consume dairy products after childhood. This allowed carriers to use a nutritious food source throughout their life that humans without this gene could not enjoy. Carrying this gene was therefore strongly favored by natural selection, causing the gene to quickly increase in frequency.",5
142,Explain how natural selection has caused the increase of the lactase persistence gene in modern humans. ,"Mensen begonnen meer melk te drinken waardoor het aantal individuen met het lactase persistente gen, ook toe nam. Deze mensen hadden een voordeel hiermee omdat ze melk kunnen drinken, wat gezond is en voor een hogere fitness zorgt. Mensen die het gen niet hebben, kunnen ziek worden van lactose en kunnen de voordelen van melkproducten niet krijgen.","The lactase persistence gene enables its carrier to consume dairy products after childhood. This allowed carriers to use a nutritious food source throughout their life that humans without this gene could not enjoy. Carrying this gene was therefore strongly favored by natural selection, causing the gene to quickly increase in frequency.",3
143,Explain how natural selection has caused the increase of the lactase persistence gene in modern humans. ,"Het drinken van melk heeft een voordeel aangezien er veel nutriënten en voedingsstoffen inzitten. Wanneer het drinken van koeienmelk een mogelijkheid was voor de mensen, dan zorgde dit voor een fitness voordeel voor de mensen die lactose wel af konden breken ten opzichte van de mensen die het niet konden. Aangezien de mensen die het gen hadden de nutriënten tot zich konden nemen, zorgde dit ervoor dat er voor deze mensen een grotere kans was om te overleven. Zij hadden namelijk wel genoeg nutriënten en de andere mensen hadden dit niet, hierdoor overleden de andere mensen eerder. Dit zorgde ervoor dat de kans groter is dat de genen om lactose af te breken worden doorgegeven, omdat het een fitness voordeel heeft. ","The lactase persistence gene enables its carrier to consume dairy products after childhood. This allowed carriers to use a nutritious food source throughout their life that humans without this gene could not enjoy. Carrying this gene was therefore strongly favored by natural selection, causing the gene to quickly increase in frequency.",5
144,Explain how natural selection has caused the increase of the lactase persistence gene in modern humans. ,"Koe melk werd een hele belangrijke voedselbron en de mensen die lactose konden verwerken omdat ze het lactase persistence gen hadden, kregen dus meer voedingsstoffen binnen, hadden daardoor waarschijnlijk een hogere fitness en het gen verspreid zich steeds verder. ","The lactase persistence gene enables its carrier to consume dairy products after childhood. This allowed carriers to use a nutritious food source throughout their life that humans without this gene could not enjoy. Carrying this gene was therefore strongly favored by natural selection, causing the gene to quickly increase in frequency.",4
145,Explain how natural selection has caused the increase of the lactase persistence gene in modern humans. ,"Melk werd, toen vee een grote rol begon te spelen, een belangrijke en vooral rijke bron aan energie voor de mens. Het drinken van melk droeg bij aan een verhoogde fitness van deze individuen. De individuen die melk dronken en hier een toename in fitness van ervaarde, gaven het drinken van melk na baby-jaren door aan nakomelingen. Natuurlijke selectie speelt hierbij een rol omdat er (positieve) selectie plaatsvindt op de individuen die langere tijd melk drinken. Omdat zij de meeste nakomelingen kregen door het verhoogde energie- en daardoor fitnessniveau, werd het aandeel individuen met het lactase persistence gene steeds groter.","The lactase persistence gene enables its carrier to consume dairy products after childhood. This allowed carriers to use a nutritious food source throughout their life that humans without this gene could not enjoy. Carrying this gene was therefore strongly favored by natural selection, causing the gene to quickly increase in frequency.",4
146,Explain how natural selection has caused the increase of the lactase persistence gene in modern humans. ,In de tijd dat de mens steeds meer koe melk gingen drinken waren er mensen die dit beter konden verteren door het lactase persistence gene. Hierdoor konden ze meer nutriënten opnemen uit de melk en was hun fitness beter. Dit werd steeds door gegeven aan hun kinderen en het is ook een belangrijk gen om te hebben deze tijd. ,"The lactase persistence gene enables its carrier to consume dairy products after childhood. This allowed carriers to use a nutritious food source throughout their life that humans without this gene could not enjoy. Carrying this gene was therefore strongly favored by natural selection, causing the gene to quickly increase in frequency.",4
147,Explain how natural selection has caused the increase of the lactase persistence gene in modern humans. ,"Eerst konden alleen kinderen lactose opbreken door het enzym lactase. Uiteindelijk ging dat enzym verloren in adulten aangezien er op dat moment geen melk gedronken werd en geen dus lactase meer nodig was. Maar doordat de mensen koeien gingen houden en de melk daarvan dronken was er selectie voor mensen die nog lactase in het lichaam hadden. Gevolg hiervan waren mutaties die zorgden voor het 'lactase persistence gene' die toenam aangezien iedereen melk dronk. Dit gen zorgde ervoor dat lactase gedurende het leven van een mens geproduceerd werd om lactose in zuivelproducten af te breken, in dit geval melk.","The lactase persistence gene enables its carrier to consume dairy products after childhood. This allowed carriers to use a nutritious food source throughout their life that humans without this gene could not enjoy. Carrying this gene was therefore strongly favored by natural selection, causing the gene to quickly increase in frequency.",2
148,Explain how natural selection has caused the increase of the lactase persistence gene in modern humans. ,"Humans that had the lactase persistence gene could drink milk. These humans have a nutritional advantage compared to humans without the lactase persistence gene. This advantage resulted in a higher fitness, increasing the lactase persistence gene in modern humans.","The lactase persistence gene enables its carrier to consume dairy products after childhood. This allowed carriers to use a nutritious food source throughout their life that humans without this gene could not enjoy. Carrying this gene was therefore strongly favored by natural selection, causing the gene to quickly increase in frequency.",4
149,Explain how natural selection has caused the increase of the lactase persistence gene in modern humans. ,"Het drinken van lactose van de gedomesticeerde koe leverde veel energievoordelen op. Als je dus als mens zijnde het lactase persitentie gen bevatten, leverde dat veel voordelen op in termen van energie. Hierdoor overleefden er meer mensen die dit gen bevatten en konden zich beter reproduceren. Door het fitnessvoordeel dat dit gen had, werd het over generaties vaker doorgegeven waardoor het gen steeds vaker voorkwam. ","The lactase persistence gene enables its carrier to consume dairy products after childhood. This allowed carriers to use a nutritious food source throughout their life that humans without this gene could not enjoy. Carrying this gene was therefore strongly favored by natural selection, causing the gene to quickly increase in frequency.",5
150,Explain how natural selection has caused the increase of the lactase persistence gene in modern humans. ,"Individuals with the lactase persistence gene had access to a rich source of energy, whilst individuals without the gene did not. Thus, people with the lactase persistence gene had a higher fitness relative to those without the lactase persistence gene. Those with the lactase persistance gene were able to either:   ...     ...  a) produce more offspring directly   ...  or   ...  b) had a higher probability of surviving longer, allowing them to produce more offspring over their lifetime   ...     ...  Because of this fitness advantage, these individuals contributed more genetic material to the next generation, including the lactase persistence gene. The next generation had a higher number of individuals with this gene, who also inherited this fitness advantage, causing the lactase persistence gene to accumulate in the population.","The lactase persistence gene enables its carrier to consume dairy products after childhood. This allowed carriers to use a nutritious food source throughout their life that humans without this gene could not enjoy. Carrying this gene was therefore strongly favored by natural selection, causing the gene to quickly increase in frequency.",5
151,Explain how natural selection has caused the increase of the lactase persistence gene in modern humans. ,"The lactase persistence gene caused humans that had this gene to tolerate cows milk and, therefore, make this an extra resource for certain nutrients throughout their life. This gave them a higher fitness compared to humans who lacked this gene. This caused a selective sweep for the lactase persistence gene throughout the population. In this case, the natural selection for the lactase persistence gene is the cause for the increase of the gene in modern humans. ","The lactase persistence gene enables its carrier to consume dairy products after childhood. This allowed carriers to use a nutritious food source throughout their life that humans without this gene could not enjoy. Carrying this gene was therefore strongly favored by natural selection, causing the gene to quickly increase in frequency.",4
152,Explain how natural selection has caused the increase of the lactase persistence gene in modern humans. ,"Zoals genoemd is, werd koemelk een grote bron van energie voor mensen toen we overgingen op veeteelt. Lactase is het enzym dat lactose afbreekt (vertering melk voor de energie). Mensen met die lactase persistence gen hebben dus een voordeel aangezien zij hun hele leven lactase kunnen produceren en energie uit melk halen. Dit bood dus een voordeel en individuen met dit gen kregen meer nakomelingen en zo werd de eigenschap doorgegeven door generaties.","The lactase persistence gene enables its carrier to consume dairy products after childhood. This allowed carriers to use a nutritious food source throughout their life that humans without this gene could not enjoy. Carrying this gene was therefore strongly favored by natural selection, causing the gene to quickly increase in frequency.",5
153,Explain how natural selection has caused the increase of the lactase persistence gene in modern humans. ,Melk is een rijke bron van energie dus toen er een mutatie ontstond in de mens waardoor de transcriptie van lactase niet verloren ging tijdens het opgroeien gaf dit een sterk voordeel ten opzichte van mensen waarbij de transcriptie van lactase wel verloren ging. Dit voordeel zorgde ervoor dat er selectiedruk op deze mutatie ontstond waardoor deze gefixeerd is en hierdoor aanwezig is in de moderne mens. ,"The lactase persistence gene enables its carrier to consume dairy products after childhood. This allowed carriers to use a nutritious food source throughout their life that humans without this gene could not enjoy. Carrying this gene was therefore strongly favored by natural selection, causing the gene to quickly increase in frequency.",4
154,Explain how natural selection has caused the increase of the lactase persistence gene in modern humans. ,"Mensen met het lactase gen hadden een hogere relatieve fitness dan mensen zonder het gen, en dus is de alelfrequentie van het lactase gen in de populatie hoger zijn geworden","The lactase persistence gene enables its carrier to consume dairy products after childhood. This allowed carriers to use a nutritious food source throughout their life that humans without this gene could not enjoy. Carrying this gene was therefore strongly favored by natural selection, causing the gene to quickly increase in frequency.",3
155,Explain how natural selection has caused the increase of the lactase persistence gene in modern humans. ,"When cattle was domesticated, milk became wildly spread across Europe. Milk was a good resource to consume, with high levels of fat and protein, especially in the winter months, when other food was sparse. Thus, being able to drink milk caused a fitness increase, but only for those who were able to drink said milk (which the lactase persistence gene provides). Over the course of thousands of years (and many cold and harsh winters), this fitness increase caused positive selection for the ability to drink milk.","The lactase persistence gene enables its carrier to consume dairy products after childhood. This allowed carriers to use a nutritious food source throughout their life that humans without this gene could not enjoy. Carrying this gene was therefore strongly favored by natural selection, causing the gene to quickly increase in frequency.",5
156,Explain how natural selection has caused the increase of the lactase persistence gene in modern humans. ,"First, only few individuals probably had ilonger lactase production throughout their lives compared to other humans, simply due to the fact that they had some form of the lactase persistence gene. This is merely due to elements such as genetic variation and chance. These individuals were able to drink nutrient rich cow milk for an extended period of time compared to other humans, therefore having a slight fitness advantage. The lactase persistance gene  was inheritable, and due to the increased fitness of these individuals, the ones with this gene were able to produce more offspring, which could in turn produce more offspring themselves. Therefore this gene spread through generations. ","The lactase persistence gene enables its carrier to consume dairy products after childhood. This allowed carriers to use a nutritious food source throughout their life that humans without this gene could not enjoy. Carrying this gene was therefore strongly favored by natural selection, causing the gene to quickly increase in frequency.",5
157,Explain how natural selection has caused the increase of the lactase persistence gene in modern humans. ,"Door de domesticatie is er een nieuwe niche in voeding geopend. Hier hadden de individuen die het lactase persistence gen een voordeel aan en konden zij deze voedingsbron gebruiken, in tegenstelling tot individuen zonder dit gen. Dit is ook een evolutionair voordeel aangezien deze extra voedingsbron de fitness kan verhogen door een betere overleving. Dit constante verschil in fitness gaf een  selectiedruk en de individuen die het gen hadden konden hun genen meer doorgeven dan die zonder het gen, waardoor de frequentie van het gen langzaam maar zeker werd verhoogd.","The lactase persistence gene enables its carrier to consume dairy products after childhood. This allowed carriers to use a nutritious food source throughout their life that humans without this gene could not enjoy. Carrying this gene was therefore strongly favored by natural selection, causing the gene to quickly increase in frequency.",4
158,Explain how natural selection has caused the increase of the lactase persistence gene in modern humans. ,"Het drinken van melk moet een evolutionair voordeel hebben gehad die zorgde voor betere overlevingskansen en meer overlevende nakomelingen. De melk zorgde waarschijnlijk voor een extra betrouwbare voedselbron die andere, die niet tegen lactose konden, niet konden gebruiken in tijden van schaarste. Daarom was het voordelig om wel zuivel te kunnen eten wat een dus een consistent verschil in fitness op leverde. Omdat er meer nakomelingen overleefden die wel melk konden drinken verspreide deze eigenschap in het patroon wat we nu zien. ","The lactase persistence gene enables its carrier to consume dairy products after childhood. This allowed carriers to use a nutritious food source throughout their life that humans without this gene could not enjoy. Carrying this gene was therefore strongly favored by natural selection, causing the gene to quickly increase in frequency.",5
159,Explain how natural selection has caused the increase of the lactase persistence gene in modern humans. ,"At first, cattle was domesticated; this lead to among others a new possible source of food: cow milk. Those who could use this milk as a food source would have a higher fitness over those who didn't, thus natural selection would select in favour of this phenotype. Over time this means the lactase persistence gene would become more prevalent, as can be seen with modern humans.","The lactase persistence gene enables its carrier to consume dairy products after childhood. This allowed carriers to use a nutritious food source throughout their life that humans without this gene could not enjoy. Carrying this gene was therefore strongly favored by natural selection, causing the gene to quickly increase in frequency.",5
160,Explain how natural selection has caused the increase of the lactase persistence gene in modern humans. ,"When humans domistaced cattle and started drinking their milk, only those individuals with the lactase persistence gene were able to digest the milk and use these nutrients for growth and sustenance. Because of this, only those with the lactase-gene had an advantageous increase in their fitness because of this gene and were able to live longer and produce more offspring because they had more nutrients available to them. When the gene was passed on to their offspring, this gene spread and increased in the human population. This is called natural selection","The lactase persistence gene enables its carrier to consume dairy products after childhood. This allowed carriers to use a nutritious food source throughout their life that humans without this gene could not enjoy. Carrying this gene was therefore strongly favored by natural selection, causing the gene to quickly increase in frequency.",5
161,Explain how natural selection has caused the increase of the lactase persistence gene in modern humans. ,People without the lactase persistence gene experienced selective pressure and lower fitness compared to those with the gene. The lactase persistence gene thus increased in frequency by natural selection.,"The lactase persistence gene enables its carrier to consume dairy products after childhood. This allowed carriers to use a nutritious food source throughout their life that humans without this gene could not enjoy. Carrying this gene was therefore strongly favored by natural selection, causing the gene to quickly increase in frequency.",3
162,Explain how natural selection has caused the increase of the lactase persistence gene in modern humans. ,"Het hebben van het het gen dat codeert voor het lactase enzym zorgt ervoor dat de drager fitter is relatief tot mensen die dit gen niet dragen. Het zorgt er namelijk voor dat je nu tevens energie kan halen uit een nieuwe voedingsbron. Doordat er dit verschil in fitness aanwezig was, en dat er tevens sprake was van struggle for survival en erfelijkheid van het gen resulteerde dit in natuurlijke selectie waardoor het lactase persitence gen in frequentie toenam.","The lactase persistence gene enables its carrier to consume dairy products after childhood. This allowed carriers to use a nutritious food source throughout their life that humans without this gene could not enjoy. Carrying this gene was therefore strongly favored by natural selection, causing the gene to quickly increase in frequency.",3
163,Explain how natural selection has caused the increase of the lactase persistence gene in modern humans. ,"Het lactase persistence gen is door natuurlijke selectie toegenomen, omdat er steeds meer lactose werd geconsumeerd toen mensen vee gingen houden. Met de constante aanwezigheid van lactase kan lactose altijd worden afgebroken, wat belangrijk is voor de vertering. Wanneer lactose niet kan worden afgebroken kan dit leiden voor diarree, misselijkheid en buikpijn. De individuen die het gen niet hebben, hebben een slechtere gezondheid en hebben een kleinere overlevingskans dan gezonde individuen. Dit leidt weer tot een lagere relatieve fitness en er wordt geselecteerd op individuen met een hoge fitness, of te wel individuen mét het lactase persistence gen. Deze selectie op dit gen zorgt dus dat er een toename is in de frequentie van dit gen. ","The lactase persistence gene enables its carrier to consume dairy products after childhood. This allowed carriers to use a nutritious food source throughout their life that humans without this gene could not enjoy. Carrying this gene was therefore strongly favored by natural selection, causing the gene to quickly increase in frequency.",5
164,Explain how natural selection has caused the increase of the lactase persistence gene in modern humans. ,"Individuen die dit gen droegen hadden een duidelijk voordeel t.o.v. mensen die dit gen niet hadden. Zij konden namelijk wel zuivel verdragen, wat ervoor zorgde dat zij makkelijker aan een energierijke voedselbron konden komen. Het is dus mogelijk dat de mensen zonder het lactase persistence gen sneller ondervoed raakte in tijden van schaarste. Natuurlijke selectie heeft op die manier de mensen die geen zuivel konden verdragen weggeconcurreerd. ","The lactase persistence gene enables its carrier to consume dairy products after childhood. This allowed carriers to use a nutritious food source throughout their life that humans without this gene could not enjoy. Carrying this gene was therefore strongly favored by natural selection, causing the gene to quickly increase in frequency.",3
165,Explain how natural selection has caused the increase of the lactase persistence gene in modern humans. ,"Having the ability to break down milk, opens up the opportunity for different food sources. For example, being able to drink cow's milk during a famine gives a large (fitness) advantage and makes the chance of survival larger. Thus, since people who would be able to break down lactose were more likely to survive, the possibility of them getting older and having more kids, gives them a higher fitness. A higher fitness over others leads to an increase in the frequency of an allele by natural selection for those  with that allele. ","The lactase persistence gene enables its carrier to consume dairy products after childhood. This allowed carriers to use a nutritious food source throughout their life that humans without this gene could not enjoy. Carrying this gene was therefore strongly favored by natural selection, causing the gene to quickly increase in frequency.",5
166,Explain how natural selection has caused the increase of the lactase persistence gene in modern humans. ,"Humans started drinking milk from cows: a rich source of energy. Milk contains lactose, which is digested by lactase. If it is not digested, it will cause problems like diarrhea. The lactase persistence gene causes a human to persistently lactase production throughout life. Thus, not having this gene is not advantageous for humans. Humans who do not have the gene, would not drink the highly nutritious milk as it gives them problems. However, humans who do have the gene, will be more likely to drink milk. Because of the high nutritious value of milk, humans who drink milk are more likely to survive and reproduce more as they easily obtain nutritions, thus they are stronger. Thus, through natural selection, the lactase persistance gene will increase in populations.","The lactase persistence gene enables its carrier to consume dairy products after childhood. This allowed carriers to use a nutritious food source throughout their life that humans without this gene could not enjoy. Carrying this gene was therefore strongly favored by natural selection, causing the gene to quickly increase in frequency.",5
167,Explain how natural selection has caused the increase of the lactase persistence gene in modern humans. ,"When you had the lactase persistence gene, you could receive more energy because you could consume cow milk. This would result in healthier individuals with more offspring, who would have a higher chance at the lactase persistence gene. This cycle repeats.","The lactase persistence gene enables its carrier to consume dairy products after childhood. This allowed carriers to use a nutritious food source throughout their life that humans without this gene could not enjoy. Carrying this gene was therefore strongly favored by natural selection, causing the gene to quickly increase in frequency.",3
168,Explain how natural selection has caused the increase of the lactase persistence gene in modern humans. ,"LP (lactase persistence) heeft zich in de moderne mens ontwikkeld, door wellicht een mutatie, en is vervolgens door natuurlijke selectie doorgegven omdat steeds meer mensen melkproducten (met lactase) gingen consumeren. Alleen de mensen die een hoog genoeg LP hadden waren in staat melk te drinken. Deze mensen hadden een ""grotere"" overlevingskans/fitness en als gevolg konden die individuen de LP genen doorgeven. Het is genetische drift die in eerste instantie LP heeft ontwikkeld in verschillende gebieden, nog voordat melkproductie een ding was. Daarna heeft natuurlijke selectie ervoor gezorgd dat mensen die LP hadden en melk konden drinken een hogere fitness hadden en hun genen werden doorgegeven.","The lactase persistence gene enables its carrier to consume dairy products after childhood. This allowed carriers to use a nutritious food source throughout their life that humans without this gene could not enjoy. Carrying this gene was therefore strongly favored by natural selection, causing the gene to quickly increase in frequency.",1
169,Explain how natural selection has caused the increase of the lactase persistence gene in modern humans. ,"Humans with the lactase persistence gene had a new rich source of energy that others were not able to use since it made them sick. This made these humans with the gene better adapted to the current time period, which increased their fitness. Through time this higher fitness has led to a better chance of survival and thus to a selection on this gene. This increased the relative amount of lactase persistent genes in humans.","The lactase persistence gene enables its carrier to consume dairy products after childhood. This allowed carriers to use a nutritious food source throughout their life that humans without this gene could not enjoy. Carrying this gene was therefore strongly favored by natural selection, causing the gene to quickly increase in frequency.",5
170,Explain how natural selection has caused the increase of the lactase persistence gene in modern humans. ,Humans with this gene could drink milk and get more nutrients. These people most likely survived longer because of more resources and have had the biggest chance of given their genes to the next generation,"The lactase persistence gene enables its carrier to consume dairy products after childhood. This allowed carriers to use a nutritious food source throughout their life that humans without this gene could not enjoy. Carrying this gene was therefore strongly favored by natural selection, causing the gene to quickly increase in frequency.",2
171,Explain how natural selection has caused the increase of the lactase persistence gene in modern humans. ,"Having the lactase gene meant that you could consume milk, because of that you had another valuable source of energy. This is an advantage in populations were food sources would be scarce or unreliable. As a result, individuals with lactase persistence had a higher fitness, passing on their advantageous genetic trait to their offspring. Over time, through the process of natural selection, the frequency of the lactase persistence gene increased in populations that practiced dairy farming. ","The lactase persistence gene enables its carrier to consume dairy products after childhood. This allowed carriers to use a nutritious food source throughout their life that humans without this gene could not enjoy. Carrying this gene was therefore strongly favored by natural selection, causing the gene to quickly increase in frequency.",5
172,Explain how natural selection has caused the increase of the lactase persistence gene in modern humans. ,Door het binnen krijgen van lactase werd de overlevingskans voor mensen hoger en daardoor leverde het een voordeel op en wat het dus van belang om deze lactase genen te behouden. ,"The lactase persistence gene enables its carrier to consume dairy products after childhood. This allowed carriers to use a nutritious food source throughout their life that humans without this gene could not enjoy. Carrying this gene was therefore strongly favored by natural selection, causing the gene to quickly increase in frequency.",1
173,Explain how natural selection has caused the increase of the lactase persistence gene in modern humans. ,Humans who where able to use non-fermented milk as a food source had without getting sick had a higher caloric intake then those who were not able to do so. Because of this difference their relative fitness increased and selection for this allele took place.,"The lactase persistence gene enables its carrier to consume dairy products after childhood. This allowed carriers to use a nutritious food source throughout their life that humans without this gene could not enjoy. Carrying this gene was therefore strongly favored by natural selection, causing the gene to quickly increase in frequency.",4
174,Explain how natural selection has caused the increase of the lactase persistence gene in modern humans. ,"Mensen gingen vee houden waaronder koeien. Hierbij werd melk van de koeien gebruikt als voedselbron die veel energie bevat. Mensen die het T allel in hun genoom hadden konden zonder problemen deze voedselbron gebruiken. Hierdoor hadden mensen met het T allel een voordeel op de mensen die geen T allel hadden, Doordat de mensen zonder  T allel minder goed tegen deze voedselbron kunnen en er dus minder voordeel uit kunnen halen. De fitness van mensen met een T allel ligt dus hoger en natuurlijke selectie zal dus op dit gen selecteren. Op deze manier kan natuurlijke selectie een verhoging in de frequentie van het T allel zorgen in de moderne mens.","The lactase persistence gene enables its carrier to consume dairy products after childhood. This allowed carriers to use a nutritious food source throughout their life that humans without this gene could not enjoy. Carrying this gene was therefore strongly favored by natural selection, causing the gene to quickly increase in frequency.",5
175,Explain how natural selection has caused the increase of the lactase persistence gene in modern humans. ,"Because the gene provides a significant evolutionary advantage, individuals who carried the gene were more likely to survive and reproduce. This way the gene would be passed on to future generations.","The lactase persistence gene enables its carrier to consume dairy products after childhood. This allowed carriers to use a nutritious food source throughout their life that humans without this gene could not enjoy. Carrying this gene was therefore strongly favored by natural selection, causing the gene to quickly increase in frequency.",2
176,Explain how natural selection has caused the increase of the lactase persistence gene in modern humans. ,Het hebben van de lactase persistence gene was een groot voordeel in de populaties waar zuivelproduct een basis van de voeding was. Ze hadden een grotere kans op overleven en zich voort te planten waarbij het gen ook werd doorgeven aan de nakomelingen. De fitness van mensen met een lactase persistence gene was hoger waardoor er een toename was in de frequentie van lactase persistence gene in populaties. ,"The lactase persistence gene enables its carrier to consume dairy products after childhood. This allowed carriers to use a nutritious food source throughout their life that humans without this gene could not enjoy. Carrying this gene was therefore strongly favored by natural selection, causing the gene to quickly increase in frequency.",4
177,Explain how natural selection has caused the increase of the lactase persistence gene in modern humans. ,"Natuurlijke selectie had een voorkeur voor volwassenen die het enzym lactase bevatten, zodat ze lactose in melk konden verteren.  De mutatie die ervoor zorgde dat volwassenen ook het lactase enzym produceren, verspreidde zich snel door de populatie, omdat de volwassenen die het lactase enzym hebben en dus melk kunnen verteren een fitness voordeel hebben ten opzichte van volwassenen die dit niet kunnen.","The lactase persistence gene enables its carrier to consume dairy products after childhood. This allowed carriers to use a nutritious food source throughout their life that humans without this gene could not enjoy. Carrying this gene was therefore strongly favored by natural selection, causing the gene to quickly increase in frequency.",4
178,Explain how natural selection has caused the increase of the lactase persistence gene in modern humans. ,je gebruikt als baby het enzym lactase om lactose te kunnen verteren. Als mensen ouder werden stopten ze met melk drinken dus was het verteren hiervan ook niet meer nodig. Door de introductie van koemelk gingen mensen ook melk drinken op latere leeftijd en werd het goed kunnen verteren van die melk dus erg belangrijk. Omdat het lactase persistence gen belangrijk is voor deze vertering werd door middel van natuurlijke selectie geselecteerd op dit gen.,"The lactase persistence gene enables its carrier to consume dairy products after childhood. This allowed carriers to use a nutritious food source throughout their life that humans without this gene could not enjoy. Carrying this gene was therefore strongly favored by natural selection, causing the gene to quickly increase in frequency.",3
179,Explain how natural selection has caused the increase of the lactase persistence gene in modern humans. ,"Op de plekken waar de mensheid begon met het houden van vee in de tijd van domestificatie, hadden de individuen die lactase konden verteren een selectief voordeel. Deze individuen hadden hierdoor een betere beschikbaarheid tot bepaalde nutriënten en calorieën, wat leidde tot hogere overlevingskans en beter reproductief succes van deze individuen.","The lactase persistence gene enables its carrier to consume dairy products after childhood. This allowed carriers to use a nutritious food source throughout their life that humans without this gene could not enjoy. Carrying this gene was therefore strongly favored by natural selection, causing the gene to quickly increase in frequency.",3
180,Explain how natural selection has caused the increase of the lactase persistence gene in modern humans. ,"Humans selected cows that produced milk for longer periods, and those that didnt were ignored. the most useful cows for humans were bred together for a longer period of time and the cows wil the alleles that caused the to be less useful did not breed as much, thus the non-useful alleles died of","The lactase persistence gene enables its carrier to consume dairy products after childhood. This allowed carriers to use a nutritious food source throughout their life that humans without this gene could not enjoy. Carrying this gene was therefore strongly favored by natural selection, causing the gene to quickly increase in frequency.",0
181,Explain how natural selection has caused the increase of the lactase persistence gene in modern humans. ,"Because farming became more common over time, it was beneficial to have the lactase persistence gene as this gene resulted in more resources and a higher fitness. ","The lactase persistence gene enables its carrier to consume dairy products after childhood. This allowed carriers to use a nutritious food source throughout their life that humans without this gene could not enjoy. Carrying this gene was therefore strongly favored by natural selection, causing the gene to quickly increase in frequency.",2
182,Explain how natural selection has caused the increase of the lactase persistence gene in modern humans. ,"Mensen die dit gen hadden, konden lactose tolereren en dus de melk drinken die veel energie bevat. Hierdoor hadden deze mensen een relatief voordeel tegenover de mensen die lactose intolerant waren, aangezien zij nu dus een manier hadden om meer/betere voedingswaarden binnen te krijgen. Dit kan zorgen voor een fitness voordeel, omdat deze extra energie bv. zorgt voor meer/betere nakomelingen of een hogere overlevingskans. Het gen neemt zo toe in de populatie. ","The lactase persistence gene enables its carrier to consume dairy products after childhood. This allowed carriers to use a nutritious food source throughout their life that humans without this gene could not enjoy. Carrying this gene was therefore strongly favored by natural selection, causing the gene to quickly increase in frequency.",5
183,Explain how natural selection has caused the increase of the lactase persistence gene in modern humans. ,"The lactase persistence gene enables humans to digest lactose troughout their life, enabling them to use milk and dairy products as sources of energy. Troughout most of history, most humans lived in a caloric deficit, with starvation being an important cause of death. This selective pressure means being able to make use of a rich energy source like milk could increase one's changes of survival to maturity considarably, as well as prolong life span (and therefore changes of reproduction) in general. The lactase persistance gene would therefore have a positive effect on the fitness of humans carrying it; Humans carrying this gene would reach maturity more often, have more succesful offspring then people who don't have the lactase persistance gene,  thus increasing the frequency in of the gene in the population, a process known as natural selection. ","The lactase persistence gene enables its carrier to consume dairy products after childhood. This allowed carriers to use a nutritious food source throughout their life that humans without this gene could not enjoy. Carrying this gene was therefore strongly favored by natural selection, causing the gene to quickly increase in frequency.",5
184,Explain how natural selection has caused the increase of the lactase persistence gene in modern humans. ,"Door natuurlijke selectie nam het lactase persistentiegen toe in populaties waar meer melk werd geconsumeerd, als gevolg van dat mensen die dit gen hebben grotere overlevingskansen hebben.","The lactase persistence gene enables its carrier to consume dairy products after childhood. This allowed carriers to use a nutritious food source throughout their life that humans without this gene could not enjoy. Carrying this gene was therefore strongly favored by natural selection, causing the gene to quickly increase in frequency.",2
185,Explain how natural selection has caused the increase of the lactase persistence gene in modern humans. ,het was handiger om dit gen te hebben omdat het meer genuttigd werd. ,"The lactase persistence gene enables its carrier to consume dairy products after childhood. This allowed carriers to use a nutritious food source throughout their life that humans without this gene could not enjoy. Carrying this gene was therefore strongly favored by natural selection, causing the gene to quickly increase in frequency.",1
186,Explain how natural selection has caused the increase of the lactase persistence gene in modern humans. ,"Lactase is het enzym dat lactose afbreekt. Oorspronkelijk kregen mensen voornamelijk lactose binnen via de moedermelk, maar later gingen mensen ook bijvoorbeeld koemelk drinken, waar dus ook nog lactose in zit. Hierdoor is het handig om het enzym lactase nog wel te blijven produceren in de latere levensjaren (in tegenstelling tot alleen als kind). Lactose is namelijk erg energierijk. ","The lactase persistence gene enables its carrier to consume dairy products after childhood. This allowed carriers to use a nutritious food source throughout their life that humans without this gene could not enjoy. Carrying this gene was therefore strongly favored by natural selection, causing the gene to quickly increase in frequency.",3
187,Explain how natural selection has caused the increase of the lactase persistence gene in modern humans. ,"People with the lactase persistence gene seemed to have a higher relative fitness with respect to people without that gene, because they were able to consume cow milk and digest lactose at an older age. This has resulted in an increase in the lactase perstistence gene over the years. ","The lactase persistence gene enables its carrier to consume dairy products after childhood. This allowed carriers to use a nutritious food source throughout their life that humans without this gene could not enjoy. Carrying this gene was therefore strongly favored by natural selection, causing the gene to quickly increase in frequency.",4
188,How does this information explain why the lactase persistence gene hasn’t increased in frequency as much in Asia?,"fermentation involves bacteria that use lactose in this fermentation process, so these products will probably not contain (as much) lactate, and the lactase enzyme is no longer needed to digest lactose. ","The cultural practice of Asian populations to ferment their milk before consumption, greatly decreases the amount of lactose in dairy products. Hence, the lactose persistence gene doesn’t give its carriers the same fitness benefit as it does in populations that do not ferment their milk. The selection pressure for the lactase persistence gene is considerably lower, if not absent, in populations where fermentation was a standard procedure, which can explain why the lactase persistence gene has not increased in frequency as much in Asia.",2
189,How does this information explain why the lactase persistence gene hasn’t increased in frequency as much in Asia?,"According to a quick Google search: ""Fermentation breaks down milk proteins and lactose."" This leads me to conclude that the selection pressure for lactase persistence was lower in Asia than in Europe, as part of the lactose that the people in Europe would consume, would have been broken down by fermentation, allowing the people with lactose intolerance to also reap part of the benefits of cow's milk as a food source. Thus: the relative fitness of the lactase persitenstence gene when compared to lactose intolerant people is lower in Asia than in Europe.","The cultural practice of Asian populations to ferment their milk before consumption, greatly decreases the amount of lactose in dairy products. Hence, the lactose persistence gene doesn’t give its carriers the same fitness benefit as it does in populations that do not ferment their milk. The selection pressure for the lactase persistence gene is considerably lower, if not absent, in populations where fermentation was a standard procedure, which can explain why the lactase persistence gene has not increased in frequency as much in Asia.",4
190,How does this information explain why the lactase persistence gene hasn’t increased in frequency as much in Asia?,"In Azië is er minder lactose aanwezig, waardoor er minder selectiedruk is op het lactosepersistentie-gen. ","The cultural practice of Asian populations to ferment their milk before consumption, greatly decreases the amount of lactose in dairy products. Hence, the lactose persistence gene doesn’t give its carriers the same fitness benefit as it does in populations that do not ferment their milk. The selection pressure for the lactase persistence gene is considerably lower, if not absent, in populations where fermentation was a standard procedure, which can explain why the lactase persistence gene has not increased in frequency as much in Asia.",1
191,How does this information explain why the lactase persistence gene hasn’t increased in frequency as much in Asia?,"Fermented products can be eaten even if you don't have the lactase-resistant gene. If the products are fermented the lactase persistence gene probably loses its advantage the relative fitness for having the gene and not having the gene are the same , so the lactase persistance gene hasn't increases in frequency as much. ","The cultural practice of Asian populations to ferment their milk before consumption, greatly decreases the amount of lactose in dairy products. Hence, the lactose persistence gene doesn’t give its carriers the same fitness benefit as it does in populations that do not ferment their milk. The selection pressure for the lactase persistence gene is considerably lower, if not absent, in populations where fermentation was a standard procedure, which can explain why the lactase persistence gene has not increased in frequency as much in Asia.",4
192,How does this information explain why the lactase persistence gene hasn’t increased in frequency as much in Asia?,"because of only fermented products, the people in Asia doesn't need lactase to break down lactose so de do not have a benefit of having the lactase persistent gene and that's why the frequency doesn't increase that much in asia","The cultural practice of Asian populations to ferment their milk before consumption, greatly decreases the amount of lactose in dairy products. Hence, the lactose persistence gene doesn’t give its carriers the same fitness benefit as it does in populations that do not ferment their milk. The selection pressure for the lactase persistence gene is considerably lower, if not absent, in populations where fermentation was a standard procedure, which can explain why the lactase persistence gene has not increased in frequency as much in Asia.",2
193,How does this information explain why the lactase persistence gene hasn’t increased in frequency as much in Asia?,"De theorie is dus doordat de zuivelproducten in Azie gefermenteerd zijn. Er is daarom dus geen verhoging van frequentie in Azie is in het lactose persistence gen. Dit zou kunnen kloppen omdat gefermenteerde zuivelproducten makkelijker verteerbaar zijn en je geen lactose persistence gen nodig hebt om deze te kunnen eten. Dit verklaart dus waarom de frequentie van het lactose persistence gen niet verhoogt is in azie omdat de meeste mensen deze dus nog steeds niet hebben, doordat ze deze niet nodig hadden om de gunstige effecten te krijgen van het drinken van melkproducten.","The cultural practice of Asian populations to ferment their milk before consumption, greatly decreases the amount of lactose in dairy products. Hence, the lactose persistence gene doesn’t give its carriers the same fitness benefit as it does in populations that do not ferment their milk. The selection pressure for the lactase persistence gene is considerably lower, if not absent, in populations where fermentation was a standard procedure, which can explain why the lactase persistence gene has not increased in frequency as much in Asia.",4
194,How does this information explain why the lactase persistence gene hasn’t increased in frequency as much in Asia?,"During the fermentation process, lactase is metabolized into a compound humans can utilise. Therefore, there is no direct benefit in having the lactase persistence gene. In fact, making lactase throughout life costs more energy and resources than it provides. Consequently, natural selection favours not having the lactase persistence gene, keeping the frequency of the gene low.","The cultural practice of Asian populations to ferment their milk before consumption, greatly decreases the amount of lactose in dairy products. Hence, the lactose persistence gene doesn’t give its carriers the same fitness benefit as it does in populations that do not ferment their milk. The selection pressure for the lactase persistence gene is considerably lower, if not absent, in populations where fermentation was a standard procedure, which can explain why the lactase persistence gene has not increased in frequency as much in Asia.",3
195,How does this information explain why the lactase persistence gene hasn’t increased in frequency as much in Asia?,Gefermenteerde melk is makkelijker af te breken voor mensen zonder het lactase persistence gen. Omdat in Azie veel gefermenteerde melk werd en wordt gedronken hebben mensen met het lactase persistence gen nooit een groter voordeel gehad en is het niet evenveel toegenomen in Azie als in Europa.,"The cultural practice of Asian populations to ferment their milk before consumption, greatly decreases the amount of lactose in dairy products. Hence, the lactose persistence gene doesn’t give its carriers the same fitness benefit as it does in populations that do not ferment their milk. The selection pressure for the lactase persistence gene is considerably lower, if not absent, in populations where fermentation was a standard procedure, which can explain why the lactase persistence gene has not increased in frequency as much in Asia.",4
196,How does this information explain why the lactase persistence gene hasn’t increased in frequency as much in Asia?,"Door het fermenteren van zuivelproducten wordt lactose al afgebroken voordat de zuivel geconsumeerd wordt. Het hebben van het lactase persistent gen is dan niet langer voordelig maar eerder neutraal. De fitness wordt niet verhoogd waardoor er geen selectiedruk op dit gen heeft gestaan. Het gen erft minder vaak over, dus zal het ook minder voorkomen.","The cultural practice of Asian populations to ferment their milk before consumption, greatly decreases the amount of lactose in dairy products. Hence, the lactose persistence gene doesn’t give its carriers the same fitness benefit as it does in populations that do not ferment their milk. The selection pressure for the lactase persistence gene is considerably lower, if not absent, in populations where fermentation was a standard procedure, which can explain why the lactase persistence gene has not increased in frequency as much in Asia.",5
197,How does this information explain why the lactase persistence gene hasn’t increased in frequency as much in Asia?,"Omdat bij fermentatie een groot deel van de suikers worden geconsumeerd door het gist. Hieronder valt dus ook lactase, en dus is de lactase concentratie veel lager, wat leidt tot een minder hoge selectiecoëfficiënt.","The cultural practice of Asian populations to ferment their milk before consumption, greatly decreases the amount of lactose in dairy products. Hence, the lactose persistence gene doesn’t give its carriers the same fitness benefit as it does in populations that do not ferment their milk. The selection pressure for the lactase persistence gene is considerably lower, if not absent, in populations where fermentation was a standard procedure, which can explain why the lactase persistence gene has not increased in frequency as much in Asia.",1
198,How does this information explain why the lactase persistence gene hasn’t increased in frequency as much in Asia?,"Door fermentatie zal er geen tot weinig lactose meer overblijven in de zuivelproducten, waardoor het lactase gen niet per se nodig is om de voordelen te krijgen van meer energie uit melk. Hierdoor was er dus niet echt een fitness voordeel voor mensen die wel het lactase gen hadden, en is het niet verder in grotere maten doorgegeven.","The cultural practice of Asian populations to ferment their milk before consumption, greatly decreases the amount of lactose in dairy products. Hence, the lactose persistence gene doesn’t give its carriers the same fitness benefit as it does in populations that do not ferment their milk. The selection pressure for the lactase persistence gene is considerably lower, if not absent, in populations where fermentation was a standard procedure, which can explain why the lactase persistence gene has not increased in frequency as much in Asia.",4
199,How does this information explain why the lactase persistence gene hasn’t increased in frequency as much in Asia?,Gefermenteerde zuivelproducten bevatten niet meer lactase dat door de mens zelf verteerd zou moeten worden. Hier heeft het hebben van het lactase persistence gen dus geen voordeel ten opzichte van mensen die dat gen niet hebben. Daardoor is de fitness van mensen met dat gen niet perse hoger en zal het gen dus niet zo erg toenemen in de bevolkingsgroepen in Azië.,"The cultural practice of Asian populations to ferment their milk before consumption, greatly decreases the amount of lactose in dairy products. Hence, the lactose persistence gene doesn’t give its carriers the same fitness benefit as it does in populations that do not ferment their milk. The selection pressure for the lactase persistence gene is considerably lower, if not absent, in populations where fermentation was a standard procedure, which can explain why the lactase persistence gene has not increased in frequency as much in Asia.",4
200,How does this information explain why the lactase persistence gene hasn’t increased in frequency as much in Asia?,"In gefermenteerde melkproducten, breken bacteriën de lactose af. De mensen in Azië hoefden dus niet het gen voor het enzym lactase te hebben om de lactose af te breken, aangezien gefermenteerde melkproducten deze suiker niet bevatten. Het gen voor lactase zal dus geen fitness voordeel opleveren in Azië en zal zich nauwelijks in de populatie hebben verspreid. ","The cultural practice of Asian populations to ferment their milk before consumption, greatly decreases the amount of lactose in dairy products. Hence, the lactose persistence gene doesn’t give its carriers the same fitness benefit as it does in populations that do not ferment their milk. The selection pressure for the lactase persistence gene is considerably lower, if not absent, in populations where fermentation was a standard procedure, which can explain why the lactase persistence gene has not increased in frequency as much in Asia.",4
201,How does this information explain why the lactase persistence gene hasn’t increased in frequency as much in Asia?,"The fermentation process of milk improves its digestibility. This means that milk products were fairly well digestible for all humans in Asia, and that individuals with the lactase persistence gene did not have the same benefit over individuals without the genes compared to Europe.","The cultural practice of Asian populations to ferment their milk before consumption, greatly decreases the amount of lactose in dairy products. Hence, the lactose persistence gene doesn’t give its carriers the same fitness benefit as it does in populations that do not ferment their milk. The selection pressure for the lactase persistence gene is considerably lower, if not absent, in populations where fermentation was a standard procedure, which can explain why the lactase persistence gene has not increased in frequency as much in Asia.",3
202,How does this information explain why the lactase persistence gene hasn’t increased in frequency as much in Asia?,Deze informatie verteld ons dat er weinig tot geen lactose in de melk producten die door mensen in Azie worden gegeten. Deze lactose is namelijk gefermenteerd. Hierdoor is er geen selectie druk op het allel voor lactase. Daarom is het gen voor lactase persistence niet zo erg in aantallen toegenomen als in het westen. ,"The cultural practice of Asian populations to ferment their milk before consumption, greatly decreases the amount of lactose in dairy products. Hence, the lactose persistence gene doesn’t give its carriers the same fitness benefit as it does in populations that do not ferment their milk. The selection pressure for the lactase persistence gene is considerably lower, if not absent, in populations where fermentation was a standard procedure, which can explain why the lactase persistence gene has not increased in frequency as much in Asia.",4
203,How does this information explain why the lactase persistence gene hasn’t increased in frequency as much in Asia?,"Door het fermenteren van de melk is de persistencie van lactase overbodig, op dit gen heeft zich dus geen selectie uitgeoefend en is de frequentie van het allel over de generaties niet toegenomen. ","The cultural practice of Asian populations to ferment their milk before consumption, greatly decreases the amount of lactose in dairy products. Hence, the lactose persistence gene doesn’t give its carriers the same fitness benefit as it does in populations that do not ferment their milk. The selection pressure for the lactase persistence gene is considerably lower, if not absent, in populations where fermentation was a standard procedure, which can explain why the lactase persistence gene has not increased in frequency as much in Asia.",3
204,How does this information explain why the lactase persistence gene hasn’t increased in frequency as much in Asia?,"Gefermenteerde producten bevatten minder lactose waardoor deze makkelijker te verteren zijn. Hierdoor hebben degenen met het lactasegen niet persé een fitness voordeel t.o.v. degenen die dit gen niet bezitten, waardoor beide genen relatief gezien evenveel werden over geërfd.","The cultural practice of Asian populations to ferment their milk before consumption, greatly decreases the amount of lactose in dairy products. Hence, the lactose persistence gene doesn’t give its carriers the same fitness benefit as it does in populations that do not ferment their milk. The selection pressure for the lactase persistence gene is considerably lower, if not absent, in populations where fermentation was a standard procedure, which can explain why the lactase persistence gene has not increased in frequency as much in Asia.",4
205,How does this information explain why the lactase persistence gene hasn’t increased in frequency as much in Asia?,"Fermentation breaks down the lactose in milk, making it less important for the population to be able to persist lactase. The selective benefit of those with the lactase persistence gene in Asia is less high relative to those with the gene in Europe. Thus, the selective pressure when someone does not have the gene, is much lower. The difference is fitness is lower and the frequency has not increased as much.  ","The cultural practice of Asian populations to ferment their milk before consumption, greatly decreases the amount of lactose in dairy products. Hence, the lactose persistence gene doesn’t give its carriers the same fitness benefit as it does in populations that do not ferment their milk. The selection pressure for the lactase persistence gene is considerably lower, if not absent, in populations where fermentation was a standard procedure, which can explain why the lactase persistence gene has not increased in frequency as much in Asia.",5
206,How does this information explain why the lactase persistence gene hasn’t increased in frequency as much in Asia?,because products with milk are less consumed or are fermented which probably doesnt require the lactase gene ,"The cultural practice of Asian populations to ferment their milk before consumption, greatly decreases the amount of lactose in dairy products. Hence, the lactose persistence gene doesn’t give its carriers the same fitness benefit as it does in populations that do not ferment their milk. The selection pressure for the lactase persistence gene is considerably lower, if not absent, in populations where fermentation was a standard procedure, which can explain why the lactase persistence gene has not increased in frequency as much in Asia.",1
207,How does this information explain why the lactase persistence gene hasn’t increased in frequency as much in Asia?,"Doordat het melk gefermenteerd is Azië, is er geen lactose maar aanwezig in de melk, waardoor het niet nodig is om lactase te produceren en dus ook niet van belang is om het gen te hebben. Het heeft dus niet perse een voordeel om het gen te hebben, dus is het ook niet zoveel verspreid in Azië.","The cultural practice of Asian populations to ferment their milk before consumption, greatly decreases the amount of lactose in dairy products. Hence, the lactose persistence gene doesn’t give its carriers the same fitness benefit as it does in populations that do not ferment their milk. The selection pressure for the lactase persistence gene is considerably lower, if not absent, in populations where fermentation was a standard procedure, which can explain why the lactase persistence gene has not increased in frequency as much in Asia.",3
208,How does this information explain why the lactase persistence gene hasn’t increased in frequency as much in Asia?,"Ja, de informatie kan wel verklaren waarom het lactase gen minder voorkomt in Azië. Gefermenteerde producten bevatten minder/geen lactose, daardoor is er een lagere selectiedruk op het lactase gen. Dit betekent dat het hebben van een lactasegen niet perse leidt tot meer voordeel ten opzichte van mensen die dat niet hebben. Dus mensen met een lactase gen hebben daarom ook geen sterkere fitness en daarom is de frequentie mensen met het lactase gen niet toegenomen in Azië. ","The cultural practice of Asian populations to ferment their milk before consumption, greatly decreases the amount of lactose in dairy products. Hence, the lactose persistence gene doesn’t give its carriers the same fitness benefit as it does in populations that do not ferment their milk. The selection pressure for the lactase persistence gene is considerably lower, if not absent, in populations where fermentation was a standard procedure, which can explain why the lactase persistence gene has not increased in frequency as much in Asia.",5
209,How does this information explain why the lactase persistence gene hasn’t increased in frequency as much in Asia?,"Het zou mogelijk kunnen zijn dat het fermentatieproces in Aziatische zuivelproducten zorgt voor de afbraak van de lactose in de melk. Als de lactose al voor de consumptie door de mens wordt afgebroken, is er in de mens  geen lactase nodig om dit te doen. Omdat er geen functie meer is voor lactase, is er ook geen selectiedruk op het behouden van lactose-tolerantie in volwassen, waardoor de frequentie van de eigenschap laag blijft in de gebieden die vooral gefermenteerde producten consumeren.","The cultural practice of Asian populations to ferment their milk before consumption, greatly decreases the amount of lactose in dairy products. Hence, the lactose persistence gene doesn’t give its carriers the same fitness benefit as it does in populations that do not ferment their milk. The selection pressure for the lactase persistence gene is considerably lower, if not absent, in populations where fermentation was a standard procedure, which can explain why the lactase persistence gene has not increased in frequency as much in Asia.",5
210,How does this information explain why the lactase persistence gene hasn’t increased in frequency as much in Asia?,"Fermented dairy products do not contain lactose and therefore consuming them does not require lactase. In Europe, where unfermented milk products were available, being able to consume milk was a beneficial adaptation and therefore this trait was selected for. In Asia, fermented milk was consumed, and therefore being able to process lactose was not especially beneficial and therefore did not get selected for as strongly as in Europe.","The cultural practice of Asian populations to ferment their milk before consumption, greatly decreases the amount of lactose in dairy products. Hence, the lactose persistence gene doesn’t give its carriers the same fitness benefit as it does in populations that do not ferment their milk. The selection pressure for the lactase persistence gene is considerably lower, if not absent, in populations where fermentation was a standard procedure, which can explain why the lactase persistence gene has not increased in frequency as much in Asia.",4
211,How does this information explain why the lactase persistence gene hasn’t increased in frequency as much in Asia?,"Bij de fermentatie wordt een (groot) deel van de lactose afgebroken. Mensen met het gen hebben daar niet perse een voordeel bij. De hoeveelheid lactose die moet worden afgebroken, is dus niet hoog genoeg om het allel te laten fixeren. De allelfrequentie van het lactase gen is daarom niet significant toegenomen in Azië. ","The cultural practice of Asian populations to ferment their milk before consumption, greatly decreases the amount of lactose in dairy products. Hence, the lactose persistence gene doesn’t give its carriers the same fitness benefit as it does in populations that do not ferment their milk. The selection pressure for the lactase persistence gene is considerably lower, if not absent, in populations where fermentation was a standard procedure, which can explain why the lactase persistence gene has not increased in frequency as much in Asia.",3
212,How does this information explain why the lactase persistence gene hasn’t increased in frequency as much in Asia?,"Wanneer het meeste Azië wordt gefermenteerd, dan zorgt dit ervoor dat de lactose al groten deels wordt afgebroken. Wanneer eten namelijk wordt gefermenteerd dan worden de biologische materialen afgebroken tot minder complexe materialen/stoffen. Hieronder zal dan ook de lactose vallen, wanneer dit wordt afgebroken dan hoeft dit niet meer door het menselijk lichaam gedaan te worden. Hierdoor is het lactase gen niet nodig in deze populatie, aangezien het al afgebroken is. Hierdoor zal de frequentie van het gen niet toenemen, want het biedt dus geen fitness voordeel. ","The cultural practice of Asian populations to ferment their milk before consumption, greatly decreases the amount of lactose in dairy products. Hence, the lactose persistence gene doesn’t give its carriers the same fitness benefit as it does in populations that do not ferment their milk. The selection pressure for the lactase persistence gene is considerably lower, if not absent, in populations where fermentation was a standard procedure, which can explain why the lactase persistence gene has not increased in frequency as much in Asia.",3
213,How does this information explain why the lactase persistence gene hasn’t increased in frequency as much in Asia?,Omdat als de melk gefermenteerd is het niet nodig is om het lactase gen te hebben en het dus geen reproductief voordeel geeft. De fitness van de mensen die het gen hebben is daarom niet hoger en het lactase gen zal niet zo snel verspreiden. ,"The cultural practice of Asian populations to ferment their milk before consumption, greatly decreases the amount of lactose in dairy products. Hence, the lactose persistence gene doesn’t give its carriers the same fitness benefit as it does in populations that do not ferment their milk. The selection pressure for the lactase persistence gene is considerably lower, if not absent, in populations where fermentation was a standard procedure, which can explain why the lactase persistence gene has not increased in frequency as much in Asia.",3
214,How does this information explain why the lactase persistence gene hasn’t increased in frequency as much in Asia?,"In Azië is het drinken van melk nooit begonnen zoals dat in europa wel gebeurd is. De veehouderij zoals in Europese landen is niet van toepassing in Azië, waardoor de blootstelling aan het drinken van melk gedurende je leven nooit echt geweest is. Als dit traject nooit op gang gezet is, is er ook geen sprake van selectie op het lactase persistence gene.","The cultural practice of Asian populations to ferment their milk before consumption, greatly decreases the amount of lactose in dairy products. Hence, the lactose persistence gene doesn’t give its carriers the same fitness benefit as it does in populations that do not ferment their milk. The selection pressure for the lactase persistence gene is considerably lower, if not absent, in populations where fermentation was a standard procedure, which can explain why the lactase persistence gene has not increased in frequency as much in Asia.",1
215,How does this information explain why the lactase persistence gene hasn’t increased in frequency as much in Asia?,Gefermenteerde zuivelproducten bevatten minder lactase dus is het gen ook niet nodig om in Azië aanwezig te zijn. Als de producten al duizenden jaren lang gefermenteerd zijn zal het gen ook niet meer aanwezig worden omdat hij niet nodig is geweest.,"The cultural practice of Asian populations to ferment their milk before consumption, greatly decreases the amount of lactose in dairy products. Hence, the lactose persistence gene doesn’t give its carriers the same fitness benefit as it does in populations that do not ferment their milk. The selection pressure for the lactase persistence gene is considerably lower, if not absent, in populations where fermentation was a standard procedure, which can explain why the lactase persistence gene has not increased in frequency as much in Asia.",2
216,How does this information explain why the lactase persistence gene hasn’t increased in frequency as much in Asia?,In gefermenteerde producten vind afbraak van lactose plaats door bacteriën die in het fermentatieproces aanwezig zijn. Hierdoor hebben mensen bijna tot geen lactase nodig om lactose af te kunnen breken. Dit verklaart waarom het lactase persistence gene niet toegenomen is in Azië aangezien er minder selectie op dit gen was.,"The cultural practice of Asian populations to ferment their milk before consumption, greatly decreases the amount of lactose in dairy products. Hence, the lactose persistence gene doesn’t give its carriers the same fitness benefit as it does in populations that do not ferment their milk. The selection pressure for the lactase persistence gene is considerably lower, if not absent, in populations where fermentation was a standard procedure, which can explain why the lactase persistence gene has not increased in frequency as much in Asia.",3
217,How does this information explain why the lactase persistence gene hasn’t increased in frequency as much in Asia?,"In Azië hebben ze voor het consumeren de zuivel gefermenteerd, waarbij de lactose dus wordt omgezet in melkzuur. Hierdoor is lactase niet meer nodig in de darmen om de lactose om te moeten zetten. In Azië was het dus niet per se voordeliger voor hun fitness om het lactase persistentie gen te bezitten, omdat dat geen reproductie of overlevingsvoordelen opleverde. Hierdoor is het gen in Azië minder gestegen.","The cultural practice of Asian populations to ferment their milk before consumption, greatly decreases the amount of lactose in dairy products. Hence, the lactose persistence gene doesn’t give its carriers the same fitness benefit as it does in populations that do not ferment their milk. The selection pressure for the lactase persistence gene is considerably lower, if not absent, in populations where fermentation was a standard procedure, which can explain why the lactase persistence gene has not increased in frequency as much in Asia.",5
218,How does this information explain why the lactase persistence gene hasn’t increased in frequency as much in Asia?,"During fermentation, bacteria transform the existing carbohydrates into other molecules, thus removing lactase from the dairy products. If the dairy products do not contain lactase, individuals with the lactase persistence genes do not have a selective advantage anymore and the lactase persistence gene will not increase in frequency as much (aside from drift effects). ","The cultural practice of Asian populations to ferment their milk before consumption, greatly decreases the amount of lactose in dairy products. Hence, the lactose persistence gene doesn’t give its carriers the same fitness benefit as it does in populations that do not ferment their milk. The selection pressure for the lactase persistence gene is considerably lower, if not absent, in populations where fermentation was a standard procedure, which can explain why the lactase persistence gene has not increased in frequency as much in Asia.",5
219,How does this information explain why the lactase persistence gene hasn’t increased in frequency as much in Asia?,"De zuivelproducten die in Azië geconsumeerd worden zijn gefermenteerd. Fermatatie vermindert het lactosegehalte in zuivel waardoor het ook zonder het lactase persistence gen kan worden verteerd. Aangezien dit gen nu niet noodzakelijk is, zal de frequentie dus ook niet erg toenemen. In europa, waar zuivel vaak ongefermenteerd is, is er wel een significant effect van dit gen, waardoor het hier wel erg toeneemt.","The cultural practice of Asian populations to ferment their milk before consumption, greatly decreases the amount of lactose in dairy products. Hence, the lactose persistence gene doesn’t give its carriers the same fitness benefit as it does in populations that do not ferment their milk. The selection pressure for the lactase persistence gene is considerably lower, if not absent, in populations where fermentation was a standard procedure, which can explain why the lactase persistence gene has not increased in frequency as much in Asia.",4
220,How does this information explain why the lactase persistence gene hasn’t increased in frequency as much in Asia?,"The lactose content in fermented dairy products is lower than in normal dairy products. Therefore, the advantage from the lactase persistence gene is lower in Asia than in Europe.","The cultural practice of Asian populations to ferment their milk before consumption, greatly decreases the amount of lactose in dairy products. Hence, the lactose persistence gene doesn’t give its carriers the same fitness benefit as it does in populations that do not ferment their milk. The selection pressure for the lactase persistence gene is considerably lower, if not absent, in populations where fermentation was a standard procedure, which can explain why the lactase persistence gene has not increased in frequency as much in Asia.",3
221,How does this information explain why the lactase persistence gene hasn’t increased in frequency as much in Asia?,"When dairy products ferment, the lactose concentration in these products lowers. This means that the people who ingest fermented dairy products do not need a lactase persistence gene, because there is no lactose that needs to be broken down. Thus the presence (or absence) of a lactase persistence gene doesn't affect the health and therefore fitness of the person. From this we can conclude that the particular gene hasn't increased in frequency in Asia as it did in Europe. ","The cultural practice of Asian populations to ferment their milk before consumption, greatly decreases the amount of lactose in dairy products. Hence, the lactose persistence gene doesn’t give its carriers the same fitness benefit as it does in populations that do not ferment their milk. The selection pressure for the lactase persistence gene is considerably lower, if not absent, in populations where fermentation was a standard procedure, which can explain why the lactase persistence gene has not increased in frequency as much in Asia.",4
222,How does this information explain why the lactase persistence gene hasn’t increased in frequency as much in Asia?,"Aangezien veel zuivelproducten in azië gefermenteerd zijn/waren, zit er in de zuivelproducten veel minder lactose. Hierdoor bied het lactase persistence gen helemaal geen fitnessverhoging, waardoor de frequentie niet super hoog is geworden.","The cultural practice of Asian populations to ferment their milk before consumption, greatly decreases the amount of lactose in dairy products. Hence, the lactose persistence gene doesn’t give its carriers the same fitness benefit as it does in populations that do not ferment their milk. The selection pressure for the lactase persistence gene is considerably lower, if not absent, in populations where fermentation was a standard procedure, which can explain why the lactase persistence gene has not increased in frequency as much in Asia.",3
223,How does this information explain why the lactase persistence gene hasn’t increased in frequency as much in Asia?,"Als melk gefermenteerd wordt, worden melksuikers (lactose) omgezet in melkzuren. Lactase is niet nodig om melkzuren af te breken waardoor er minder selectiedruk kwam op het hebben van de lactase mutatie en deze mutatie in Azië een lagere selectiecoëfficiënt heeft dan in Europa. Door deze lagere selectiecoëfficiënt duurt het aanzienlijk langer voordat deze mutatie fixeert.  ","The cultural practice of Asian populations to ferment their milk before consumption, greatly decreases the amount of lactose in dairy products. Hence, the lactose persistence gene doesn’t give its carriers the same fitness benefit as it does in populations that do not ferment their milk. The selection pressure for the lactase persistence gene is considerably lower, if not absent, in populations where fermentation was a standard procedure, which can explain why the lactase persistence gene has not increased in frequency as much in Asia.",4
224,How does this information explain why the lactase persistence gene hasn’t increased in frequency as much in Asia?,"Fermented milk does not contain as much lactose, therefore the fitness advantage that people with the lactase persistence gene had in europe was not a fitness advantage in Asia, since everyone could have the benefit of an energy rich food source such as dairy, without the need for a lactase production. Without a fitness advantage, natural selection can not occur on the lactase persistence gene and therefore it will be less abundant than in europe. ","The cultural practice of Asian populations to ferment their milk before consumption, greatly decreases the amount of lactose in dairy products. Hence, the lactose persistence gene doesn’t give its carriers the same fitness benefit as it does in populations that do not ferment their milk. The selection pressure for the lactase persistence gene is considerably lower, if not absent, in populations where fermentation was a standard procedure, which can explain why the lactase persistence gene has not increased in frequency as much in Asia.",5
225,How does this information explain why the lactase persistence gene hasn’t increased in frequency as much in Asia?,"During the fermentation process, the majority of lactose gets lost from the milk. Thus, people in Asia were able to consume milk without the need to process lactose during adulthood. This also has the effect of the lactase persistence gene losing its fitness benefit, as people without the gene were still able to consume the resource. Thus, no positive selection took place for the lactase persistence gene","The cultural practice of Asian populations to ferment their milk before consumption, greatly decreases the amount of lactose in dairy products. Hence, the lactose persistence gene doesn’t give its carriers the same fitness benefit as it does in populations that do not ferment their milk. The selection pressure for the lactase persistence gene is considerably lower, if not absent, in populations where fermentation was a standard procedure, which can explain why the lactase persistence gene has not increased in frequency as much in Asia.",4
226,How does this information explain why the lactase persistence gene hasn’t increased in frequency as much in Asia?,"Bij fermentatie wordt de lactose afgebroken, maar waarschijnlijk zal dit er niet voor zorgen dat de lactose in de producten helemaal is verdwenen. Plekken waar er veel lactose wordt geconsumeerd zullen het gen harder nodig hebben dan plekken waar de producten voornamelijk worden gefermenteerd. De selectie druk voor het lactase gen zal dus niet zo hoog zijn geweest op deze plekken dan plekken waar het veel wordt geconsumeerd, waardoor de frequentie dus ook niet zo hoog is geworden zoals west Europa. ","The cultural practice of Asian populations to ferment their milk before consumption, greatly decreases the amount of lactose in dairy products. Hence, the lactose persistence gene doesn’t give its carriers the same fitness benefit as it does in populations that do not ferment their milk. The selection pressure for the lactase persistence gene is considerably lower, if not absent, in populations where fermentation was a standard procedure, which can explain why the lactase persistence gene has not increased in frequency as much in Asia.",4
227,How does this information explain why the lactase persistence gene hasn’t increased in frequency as much in Asia?,"Fermentatie breek lactose af in simpelere suikers die makkelijker te verteren zijn. Hiervoor is het dus niet nodig om het lactase persistentie gen te hebben en zat hier minder selectie druk op. Daarom is er in Azie niet zo sterke toename van deze eigenschap als dat er in Europa werd gezien, waar ze veel meer verse melkproducten consumeren.  ","The cultural practice of Asian populations to ferment their milk before consumption, greatly decreases the amount of lactose in dairy products. Hence, the lactose persistence gene doesn’t give its carriers the same fitness benefit as it does in populations that do not ferment their milk. The selection pressure for the lactase persistence gene is considerably lower, if not absent, in populations where fermentation was a standard procedure, which can explain why the lactase persistence gene has not increased in frequency as much in Asia.",3
228,How does this information explain why the lactase persistence gene hasn’t increased in frequency as much in Asia?,"As dairy products in Asia were mostly fermented, the fitness benefits of the lactase persistence gene are very little if at all relevant. Thus natural selection has a much slower push towards increasing the frequency of the lactase persistence gene among humans.","The cultural practice of Asian populations to ferment their milk before consumption, greatly decreases the amount of lactose in dairy products. Hence, the lactose persistence gene doesn’t give its carriers the same fitness benefit as it does in populations that do not ferment their milk. The selection pressure for the lactase persistence gene is considerably lower, if not absent, in populations where fermentation was a standard procedure, which can explain why the lactase persistence gene has not increased in frequency as much in Asia.",3
229,How does this information explain why the lactase persistence gene hasn’t increased in frequency as much in Asia?,"Because of fermentation in Asia, lactose in animal dairy products dissapears and there is no need for humans to have the lactase persistance gene in order to digest this fermented milk. Because of this, there is no added advantage or higher fitness linked to having this gene so there is no selective pressure causing this gene to be passed on more than any other gene. Because there is no fitness advantage, the frequency of these genes stay roughly the same.","The cultural practice of Asian populations to ferment their milk before consumption, greatly decreases the amount of lactose in dairy products. Hence, the lactose persistence gene doesn’t give its carriers the same fitness benefit as it does in populations that do not ferment their milk. The selection pressure for the lactase persistence gene is considerably lower, if not absent, in populations where fermentation was a standard procedure, which can explain why the lactase persistence gene has not increased in frequency as much in Asia.",5
230,How does this information explain why the lactase persistence gene hasn’t increased in frequency as much in Asia?,"By fermenting the milk, lactose is broken down by bacteria. People without the lactase persistence gene could still drink the milk, so there was no fitness advantage of having the lactase persistence gene, and so it did not increase in frequency. ","The cultural practice of Asian populations to ferment their milk before consumption, greatly decreases the amount of lactose in dairy products. Hence, the lactose persistence gene doesn’t give its carriers the same fitness benefit as it does in populations that do not ferment their milk. The selection pressure for the lactase persistence gene is considerably lower, if not absent, in populations where fermentation was a standard procedure, which can explain why the lactase persistence gene has not increased in frequency as much in Asia.",4
231,How does this information explain why the lactase persistence gene hasn’t increased in frequency as much in Asia?,Als de zuivelproducten in Azië veelal gefermenteerd zijn is het lactose reeds door bacteriën afgebroken en hoeft dit niet meer door de mens te worden gedaan om er voedingsstoffen uit te halen. Er was in Azië dus geen verschil in fitness en zodoende ook geen natuurlijke selectie voor het gen. ,"The cultural practice of Asian populations to ferment their milk before consumption, greatly decreases the amount of lactose in dairy products. Hence, the lactose persistence gene doesn’t give its carriers the same fitness benefit as it does in populations that do not ferment their milk. The selection pressure for the lactase persistence gene is considerably lower, if not absent, in populations where fermentation was a standard procedure, which can explain why the lactase persistence gene has not increased in frequency as much in Asia.",3
232,How does this information explain why the lactase persistence gene hasn’t increased in frequency as much in Asia?,Bij fermentatie van zuivelproducten is de eerste stap van het afbreken van lactose al gebeurd. Blijkbaar is lactase vooral essentieel aan het begin van de afbraak van lactose en is het hier dus niet nodig als de zuivel die je consumeert al gefermenteerd is. Individuen met én zonder het gen hebben dan ook dezelfde overlevingskans als het aankomt op deze eigenschap. Dit betekent dan ook dezelfde fitness. Er wordt dan ook niet geselecteerd op of je het gen wel of niet hebt. De gen frequentie neemt dan ook niet toe. ,"The cultural practice of Asian populations to ferment their milk before consumption, greatly decreases the amount of lactose in dairy products. Hence, the lactose persistence gene doesn’t give its carriers the same fitness benefit as it does in populations that do not ferment their milk. The selection pressure for the lactase persistence gene is considerably lower, if not absent, in populations where fermentation was a standard procedure, which can explain why the lactase persistence gene has not increased in frequency as much in Asia.",5
233,How does this information explain why the lactase persistence gene hasn’t increased in frequency as much in Asia?,"Wanneer zuivel wordt gefermenteerd worden de stoffen, die iemand met het lactase persistence gen kan verdragen, afgebroken. Het levert dus geen overduidelijk voordeel op om dit gen te hebben t.o.v. mensen die het gen niet hebben. Dit zorgt ervoor dat er geen/nauwelijks selectiedruk is op deze eigenschap.","The cultural practice of Asian populations to ferment their milk before consumption, greatly decreases the amount of lactose in dairy products. Hence, the lactose persistence gene doesn’t give its carriers the same fitness benefit as it does in populations that do not ferment their milk. The selection pressure for the lactase persistence gene is considerably lower, if not absent, in populations where fermentation was a standard procedure, which can explain why the lactase persistence gene has not increased in frequency as much in Asia.",4
234,How does this information explain why the lactase persistence gene hasn’t increased in frequency as much in Asia?,"Fermented dairy products cause significantly less problems for humans without the lactose persistence gene, as fermented products contain less lactose. Thus, having the lactose persistence gene is not advantageous for drinking fermented milk, so humans without the gene would in general have the same survival and reproduction rate. Thus, the gene is not expected to spread more.","The cultural practice of Asian populations to ferment their milk before consumption, greatly decreases the amount of lactose in dairy products. Hence, the lactose persistence gene doesn’t give its carriers the same fitness benefit as it does in populations that do not ferment their milk. The selection pressure for the lactase persistence gene is considerably lower, if not absent, in populations where fermentation was a standard procedure, which can explain why the lactase persistence gene has not increased in frequency as much in Asia.",5
235,How does this information explain why the lactase persistence gene hasn’t increased in frequency as much in Asia?,"Fermented dairy has less lactose and the lactose is easier to digest than non-fermented dairy. Being able to digest lactose, therefore would not have the large fitness advantage that it would have in regions which do not ferment lactose as much. It is a cultural adaptation, rather than a physical adaptation.","The cultural practice of Asian populations to ferment their milk before consumption, greatly decreases the amount of lactose in dairy products. Hence, the lactose persistence gene doesn’t give its carriers the same fitness benefit as it does in populations that do not ferment their milk. The selection pressure for the lactase persistence gene is considerably lower, if not absent, in populations where fermentation was a standard procedure, which can explain why the lactase persistence gene has not increased in frequency as much in Asia.",3
236,How does this information explain why the lactase persistence gene hasn’t increased in frequency as much in Asia?,"Due to fermentation you dont need the lactase persistence gene to consume dairy. So, there is no extra fitness in having this gene. People with or withous this gene do not differ in fitness.","The cultural practice of Asian populations to ferment their milk before consumption, greatly decreases the amount of lactose in dairy products. Hence, the lactose persistence gene doesn’t give its carriers the same fitness benefit as it does in populations that do not ferment their milk. The selection pressure for the lactase persistence gene is considerably lower, if not absent, in populations where fermentation was a standard procedure, which can explain why the lactase persistence gene has not increased in frequency as much in Asia.",3
237,How does this information explain why the lactase persistence gene hasn’t increased in frequency as much in Asia?,"In gefermenteerde melkproducten zit minder lactase, hierdoor kunnen individuen zonder LP, zonder al te veel bij-effecten, deze producten consumeren. Ze hebben hierdoor dezelfde fitness als mensen die wel het LP gen hebben. Doordat ze beide gefermenteerde producten consumeren heeft geen van beide een echt fitness voordeel en zal de frequentie van LP niet toenemen in Azië.","The cultural practice of Asian populations to ferment their milk before consumption, greatly decreases the amount of lactose in dairy products. Hence, the lactose persistence gene doesn’t give its carriers the same fitness benefit as it does in populations that do not ferment their milk. The selection pressure for the lactase persistence gene is considerably lower, if not absent, in populations where fermentation was a standard procedure, which can explain why the lactase persistence gene has not increased in frequency as much in Asia.",3
238,How does this information explain why the lactase persistence gene hasn’t increased in frequency as much in Asia?,Fermentation gets rid of the lactose in diary products. This means lactase is not needed to digest these products effectively. Hence there is no difference in fitness between humans with or without the lactase persistence gene and thus no selection on this gene.,"The cultural practice of Asian populations to ferment their milk before consumption, greatly decreases the amount of lactose in dairy products. Hence, the lactose persistence gene doesn’t give its carriers the same fitness benefit as it does in populations that do not ferment their milk. The selection pressure for the lactase persistence gene is considerably lower, if not absent, in populations where fermentation was a standard procedure, which can explain why the lactase persistence gene has not increased in frequency as much in Asia.",3
239,How does this information explain why the lactase persistence gene hasn’t increased in frequency as much in Asia?,People without the gene can still drink the fermented milk. So there is no bigger fitness for people with the gene. Both people with and without the gene have high survival rates and give their genes to the next generation,"The cultural practice of Asian populations to ferment their milk before consumption, greatly decreases the amount of lactose in dairy products. Hence, the lactose persistence gene doesn’t give its carriers the same fitness benefit as it does in populations that do not ferment their milk. The selection pressure for the lactase persistence gene is considerably lower, if not absent, in populations where fermentation was a standard procedure, which can explain why the lactase persistence gene has not increased in frequency as much in Asia.",3
240,How does this information explain why the lactase persistence gene hasn’t increased in frequency as much in Asia?,Omdat fermented melk niet perse de overlevingskans van mensen verhoogde en doordat ze dus geen normale melk binnen kregen kon ook niet via natuurlijke selectie bepaald worden dat dit goed voor je was. ,"The cultural practice of Asian populations to ferment their milk before consumption, greatly decreases the amount of lactose in dairy products. Hence, the lactose persistence gene doesn’t give its carriers the same fitness benefit as it does in populations that do not ferment their milk. The selection pressure for the lactase persistence gene is considerably lower, if not absent, in populations where fermentation was a standard procedure, which can explain why the lactase persistence gene has not increased in frequency as much in Asia.",0
241,How does this information explain why the lactase persistence gene hasn’t increased in frequency as much in Asia?,For the fermented dairy product you don't need the lactase gene to get energy from the food. This means that having the lactase gene doesn't give you an advantage compared to someone who doesn't have the lactase gene and also doesn't necessarily increase you fitness compared to others. ,"The cultural practice of Asian populations to ferment their milk before consumption, greatly decreases the amount of lactose in dairy products. Hence, the lactose persistence gene doesn’t give its carriers the same fitness benefit as it does in populations that do not ferment their milk. The selection pressure for the lactase persistence gene is considerably lower, if not absent, in populations where fermentation was a standard procedure, which can explain why the lactase persistence gene has not increased in frequency as much in Asia.",3
242,How does this information explain why the lactase persistence gene hasn’t increased in frequency as much in Asia?,Their was no selection for this allele. Hence the proportion of this allele in the population did not increase.,"The cultural practice of Asian populations to ferment their milk before consumption, greatly decreases the amount of lactose in dairy products. Hence, the lactose persistence gene doesn’t give its carriers the same fitness benefit as it does in populations that do not ferment their milk. The selection pressure for the lactase persistence gene is considerably lower, if not absent, in populations where fermentation was a standard procedure, which can explain why the lactase persistence gene has not increased in frequency as much in Asia.",1
243,How does this information explain why the lactase persistence gene hasn’t increased in frequency as much in Asia?,Azië consumeerde vooral gefermenteerde producten. Bij deze producten is grotendeels de lactose door bacteriën omgezet in zuren. Hierdoor zijn de geconsumeerde zuivelproducten in Azië veel lager in lactose en is de selectie druk in Azië veel lager.,"The cultural practice of Asian populations to ferment their milk before consumption, greatly decreases the amount of lactose in dairy products. Hence, the lactose persistence gene doesn’t give its carriers the same fitness benefit as it does in populations that do not ferment their milk. The selection pressure for the lactase persistence gene is considerably lower, if not absent, in populations where fermentation was a standard procedure, which can explain why the lactase persistence gene has not increased in frequency as much in Asia.",2
244,How does this information explain why the lactase persistence gene hasn’t increased in frequency as much in Asia?,"Since lactose is partially broken down in fermented dairy products, individuals that don't have the gene can still consume these. This way there is no selective pressure for the gene.","The cultural practice of Asian populations to ferment their milk before consumption, greatly decreases the amount of lactose in dairy products. Hence, the lactose persistence gene doesn’t give its carriers the same fitness benefit as it does in populations that do not ferment their milk. The selection pressure for the lactase persistence gene is considerably lower, if not absent, in populations where fermentation was a standard procedure, which can explain why the lactase persistence gene has not increased in frequency as much in Asia.",3
245,How does this information explain why the lactase persistence gene hasn’t increased in frequency as much in Asia?,Door fermentatie wordt lactose grotendeels in deze producten afgebroken waardoor ze een lagere concentratie lactose bevatten dan bijv melk. De selectiedruk op de lactase persistence gene is hierdoor lager waardoor er geen toename te zien is in de frequentie van het voorkomen van het gen in Azië.,"The cultural practice of Asian populations to ferment their milk before consumption, greatly decreases the amount of lactose in dairy products. Hence, the lactose persistence gene doesn’t give its carriers the same fitness benefit as it does in populations that do not ferment their milk. The selection pressure for the lactase persistence gene is considerably lower, if not absent, in populations where fermentation was a standard procedure, which can explain why the lactase persistence gene has not increased in frequency as much in Asia.",4
246,How does this information explain why the lactase persistence gene hasn’t increased in frequency as much in Asia?,"Gefermenteerde melk bevat geen lactose meer, waardoor dit niet meer door de consument hoeft worden afgebroken door middel van het enzym lactase. Wanneer lactase niet nodig is in het volwassen stadium zal er ook niet op geselecteerd worden door natuurlijke selectie. Dus doordat er in Azië vooral gefermenteerde zuivelproducten gebruikt worden zonder lactose, hebben ze geen lactase enzym nodig en is dit enzym ook minder aanwezig in volwassenen dan in Europa. ","The cultural practice of Asian populations to ferment their milk before consumption, greatly decreases the amount of lactose in dairy products. Hence, the lactose persistence gene doesn’t give its carriers the same fitness benefit as it does in populations that do not ferment their milk. The selection pressure for the lactase persistence gene is considerably lower, if not absent, in populations where fermentation was a standard procedure, which can explain why the lactase persistence gene has not increased in frequency as much in Asia.",3
247,How does this information explain why the lactase persistence gene hasn’t increased in frequency as much in Asia?,"In gefementeerde producten is lactose niet meer in deze vorm aanwezig, maar vaak in kleinere moleculen die makkelijker te verteren zijn.","The cultural practice of Asian populations to ferment their milk before consumption, greatly decreases the amount of lactose in dairy products. Hence, the lactose persistence gene doesn’t give its carriers the same fitness benefit as it does in populations that do not ferment their milk. The selection pressure for the lactase persistence gene is considerably lower, if not absent, in populations where fermentation was a standard procedure, which can explain why the lactase persistence gene has not increased in frequency as much in Asia.",1
248,How does this information explain why the lactase persistence gene hasn’t increased in frequency as much in Asia?,"Omdat het in die delen van Azië niet nodig was om lactose te kunnen verteren voor een selectief voordeel, heeft er ook nooit positieve selectie plaats kunnen vinden op die locus. Het kunnen verteren van lactose leidde niet tot een hogere fitness, en dus ook niet tot selectie op dat karakter kenmerk op die locus.","The cultural practice of Asian populations to ferment their milk before consumption, greatly decreases the amount of lactose in dairy products. Hence, the lactose persistence gene doesn’t give its carriers the same fitness benefit as it does in populations that do not ferment their milk. The selection pressure for the lactase persistence gene is considerably lower, if not absent, in populations where fermentation was a standard procedure, which can explain why the lactase persistence gene has not increased in frequency as much in Asia.",3
249,How does this information explain why the lactase persistence gene hasn’t increased in frequency as much in Asia?,"As the lactase persistence gene did not cause a higher fitness in Asia due to fermented dairy products, there was no selection for this gene, resulting in the gene not being spread through the Asian population. ","The cultural practice of Asian populations to ferment their milk before consumption, greatly decreases the amount of lactose in dairy products. Hence, the lactose persistence gene doesn’t give its carriers the same fitness benefit as it does in populations that do not ferment their milk. The selection pressure for the lactase persistence gene is considerably lower, if not absent, in populations where fermentation was a standard procedure, which can explain why the lactase persistence gene has not increased in frequency as much in Asia.",3
250,How does this information explain why the lactase persistence gene hasn’t increased in frequency as much in Asia?,"the gene is not as beneficial in asia due to the higher consumption of fermented dairy products relative to Europe. While having the lactase persistence gene in Europe is useful because of their diet, in Asia the gene has no reason to spread as quickly since their diet is different and having tolerance to lactase is not as beneficial as in Europe.","The cultural practice of Asian populations to ferment their milk before consumption, greatly decreases the amount of lactose in dairy products. Hence, the lactose persistence gene doesn’t give its carriers the same fitness benefit as it does in populations that do not ferment their milk. The selection pressure for the lactase persistence gene is considerably lower, if not absent, in populations where fermentation was a standard procedure, which can explain why the lactase persistence gene has not increased in frequency as much in Asia.",3
251,How does this information explain why the lactase persistence gene hasn’t increased in frequency as much in Asia?,"Bij fermentatie is lactose niet meer schadelijk, waardoor het geen voordeel heeft om het tolerante gen te hebben en deze zo ook niet toe neemt in de populatie in Azië. ","The cultural practice of Asian populations to ferment their milk before consumption, greatly decreases the amount of lactose in dairy products. Hence, the lactose persistence gene doesn’t give its carriers the same fitness benefit as it does in populations that do not ferment their milk. The selection pressure for the lactase persistence gene is considerably lower, if not absent, in populations where fermentation was a standard procedure, which can explain why the lactase persistence gene has not increased in frequency as much in Asia.",1
252,How does this information explain why the lactase persistence gene hasn’t increased in frequency as much in Asia?,?,"The cultural practice of Asian populations to ferment their milk before consumption, greatly decreases the amount of lactose in dairy products. Hence, the lactose persistence gene doesn’t give its carriers the same fitness benefit as it does in populations that do not ferment their milk. The selection pressure for the lactase persistence gene is considerably lower, if not absent, in populations where fermentation was a standard procedure, which can explain why the lactase persistence gene has not increased in frequency as much in Asia.",0
253,How does this information explain why the lactase persistence gene hasn’t increased in frequency as much in Asia?,"Gefermenteerde zuivelproducten hebben minder lactose, waardoor de selectiedruk op het lactase persistentiegen minder hoog is. Dit gen had minder druk om zich te verspreiden en te ontwikkelen, dan in Europa waar mensen veel meer lactose namen.","The cultural practice of Asian populations to ferment their milk before consumption, greatly decreases the amount of lactose in dairy products. Hence, the lactose persistence gene doesn’t give its carriers the same fitness benefit as it does in populations that do not ferment their milk. The selection pressure for the lactase persistence gene is considerably lower, if not absent, in populations where fermentation was a standard procedure, which can explain why the lactase persistence gene has not increased in frequency as much in Asia.",3
254,How does this information explain why the lactase persistence gene hasn’t increased in frequency as much in Asia?,"In Azië is veel zuivel gefermenteerd, wat betekent dat er veel minder lactose in de zuivel nog aanwezig is. Daardoor levert het lactase persistence gen niet echt een voordeel op, waardoor de frequentie niet toeneemt.","The cultural practice of Asian populations to ferment their milk before consumption, greatly decreases the amount of lactose in dairy products. Hence, the lactose persistence gene doesn’t give its carriers the same fitness benefit as it does in populations that do not ferment their milk. The selection pressure for the lactase persistence gene is considerably lower, if not absent, in populations where fermentation was a standard procedure, which can explain why the lactase persistence gene has not increased in frequency as much in Asia.",3
255,How does this information explain why the lactase persistence gene hasn’t increased in frequency as much in Asia?,"In fermented dairy products, the lactose has already been broken down by bacteria. Therefore, humans that are not carrying the lactase persistence gene would still be able to use fermented milk. Therefore, the selective advantage of having the lactase persistence gene would be considarably less in Asia when compared to Europe and the allel frequency would not increase as much. ","The cultural practice of Asian populations to ferment their milk before consumption, greatly decreases the amount of lactose in dairy products. Hence, the lactose persistence gene doesn’t give its carriers the same fitness benefit as it does in populations that do not ferment their milk. The selection pressure for the lactase persistence gene is considerably lower, if not absent, in populations where fermentation was a standard procedure, which can explain why the lactase persistence gene has not increased in frequency as much in Asia.",5
256,How does this information explain why the lactase persistence gene hasn’t increased in frequency as much in Asia?,"Fermented milk products lack lactose, so people with the lactase persistence gene don't have a higher relative fitness in Asia. ","The cultural practice of Asian populations to ferment their milk before consumption, greatly decreases the amount of lactose in dairy products. Hence, the lactose persistence gene doesn’t give its carriers the same fitness benefit as it does in populations that do not ferment their milk. The selection pressure for the lactase persistence gene is considerably lower, if not absent, in populations where fermentation was a standard procedure, which can explain why the lactase persistence gene has not increased in frequency as much in Asia.",3
257,"What could explain this steep increase, and why is that case different from what happened during the Great Ordovician Biodiversification Event?","Before a mass extinction event, most niches are already occupied and certain taxa dominate over others. This makes speciation more difficult, as there are few unoccupied niches or there will be competition over filled niches. After a mass extinction event, however, a lot of taxa will be lost or reduced. This frees the previously occupied niches, allowing for the surviving taxa to fill them. When they adapt to these niches and reduce gene flow with other populations, speciation may occur. This time at a large scale, as there is little competition and many unoccupied niches to fill, in contrast to before the mass extinction event.","Once such a great proportion of the Earth’s life had become extinct there would have been many open niches, and this would allow evolution to occur in many different contexts, resulting in this rapid increase in biodiversity. In the case of the increase considered in this paper, there was no large-scale extinction preceding the increase, and so the “open niche” hypothesis is less appropriate.",4
258,"What could explain this steep increase, and why is that case different from what happened during the Great Ordovician Biodiversification Event?","Doordat er bij een massa-exctinctie, zoals aan het einde van de Ordovician gebeurt, veel soorten verdwijnen uit het ecosysteem is er geen of minder competitie over bronnen, waardoor er veel niches vrijkomen voor nieuwe soorten om te vormen. Dit is anders dan tijdens de great ordovician biodiversification event, want hierbij heeft geen massa-exctinctie plaatsgevonden.","Once such a great proportion of the Earth’s life had become extinct there would have been many open niches, and this would allow evolution to occur in many different contexts, resulting in this rapid increase in biodiversity. In the case of the increase considered in this paper, there was no large-scale extinction preceding the increase, and so the “open niche” hypothesis is less appropriate.",4
259,"What could explain this steep increase, and why is that case different from what happened during the Great Ordovician Biodiversification Event?","Dit kan verklaard worden door de snelle diversificatie van de soorten die het wel hebben overleefd. Ze konden nu leven in de ruimtes die eerst bezet waren door de uitgestorven soorten en dit zorgt voor meer diversiteit. ... ... Het verschilt met the Great Ordovician Biodiversification Events, omdat die een hoge biodiversiteit in een korte tijd had door meerdere redenen. Bijvoorbeeld door de verandering in de omgeving, onder andere door de meteoriet.","Once such a great proportion of the Earth’s life had become extinct there would have been many open niches, and this would allow evolution to occur in many different contexts, resulting in this rapid increase in biodiversity. In the case of the increase considered in this paper, there was no large-scale extinction preceding the increase, and so the “open niche” hypothesis is less appropriate.",3
260,"What could explain this steep increase, and why is that case different from what happened during the Great Ordovician Biodiversification Event?",Deze steile toename zijn de organismen die niet zijn verdwenen na de massa extinctie. Door dat er veel andere organismen wel zijn verdwenen hebben de overgebleven dieren minder competitie en dus meer ruimte om zich te differenceren en dus nieuwe soorten te maken. Tijdens de GOE zijn er ook veel nieuwe soorten bij gekomen maar deze waren allemaal in competitie met elkaar en hebben zo zich kunnen differenceren. Bij een massa extinctie is er dus opeens veel meer ruimte voor andere organismen om zich te ontwikkelen en bij een GOE niet.,"Once such a great proportion of the Earth’s life had become extinct there would have been many open niches, and this would allow evolution to occur in many different contexts, resulting in this rapid increase in biodiversity. In the case of the increase considered in this paper, there was no large-scale extinction preceding the increase, and so the “open niche” hypothesis is less appropriate.",3
261,"What could explain this steep increase, and why is that case different from what happened during the Great Ordovician Biodiversification Event?","The mass O-S mass extinction was probably caused by a major temperature drop and glaciation that caused a large amount of marine species to die out. This cooling, however, corresponds with an increase of landmass (because of dropped sea levels) and the terrestrialization of landplants and animal species. Thus, a whole new environment (land) opened up for plants and animal species to radiate out. This is different from the GOBE as the environment was still aquatic and there were already competitors and predators in this environment that disallowed species to radiate as vastly as they could on completely new terrain without limiting factors from other species.","Once such a great proportion of the Earth’s life had become extinct there would have been many open niches, and this would allow evolution to occur in many different contexts, resulting in this rapid increase in biodiversity. In the case of the increase considered in this paper, there was no large-scale extinction preceding the increase, and so the “open niche” hypothesis is less appropriate.",2
262,"What could explain this steep increase, and why is that case different from what happened during the Great Ordovician Biodiversification Event?",de snelle steiging van genera zou verklaart kunnen worden doordat er vele niches beschikbaar zijn geworden na de great dying. dit is anders dan de Great ordovian biodiversification event omdat hier geen grote massa exctingctie aan vooraf ging. ,"Once such a great proportion of the Earth’s life had become extinct there would have been many open niches, and this would allow evolution to occur in many different contexts, resulting in this rapid increase in biodiversity. In the case of the increase considered in this paper, there was no large-scale extinction preceding the increase, and so the “open niche” hypothesis is less appropriate.",4
263,"What could explain this steep increase, and why is that case different from what happened during the Great Ordovician Biodiversification Event?",De massa extinctie event zorgde ervoor dat eerdere niches weer vrij zijn gekomen maar ook dat er hele nieuwe niches zijn ontstaan ,"Once such a great proportion of the Earth’s life had become extinct there would have been many open niches, and this would allow evolution to occur in many different contexts, resulting in this rapid increase in biodiversity. In the case of the increase considered in this paper, there was no large-scale extinction preceding the increase, and so the “open niche” hypothesis is less appropriate.",2
264,"What could explain this steep increase, and why is that case different from what happened during the Great Ordovician Biodiversification Event?","The steep decrease is the Ordivician-Silurian extinction event. It has been proposed that this has been caused by a decline in temperature and the formation of ice caps. While this would cause extinctions, these extinctions coupled with climatic change would also provide a lot of new and newly opened niches for organisms more resistent to cold to adapt to. ... It is diffrerent from the GOBE, because it is preceded by a decrease in diversity, leaving many niches in the open. The diversification at the start of the Silurian would be better described as a fast recovery phase rather than a sudden biodiversification.","Once such a great proportion of the Earth’s life had become extinct there would have been many open niches, and this would allow evolution to occur in many different contexts, resulting in this rapid increase in biodiversity. In the case of the increase considered in this paper, there was no large-scale extinction preceding the increase, and so the “open niche” hypothesis is less appropriate.",3
265,"What could explain this steep increase, and why is that case different from what happened during the Great Ordovician Biodiversification Event?","There's suddenly a lot more room for speciation after a large catastrophe, which is different from the GOBE where there were relatively small disturbances that lead to the restriction of dominant species thus allowing more to thrive.","Once such a great proportion of the Earth’s life had become extinct there would have been many open niches, and this would allow evolution to occur in many different contexts, resulting in this rapid increase in biodiversity. In the case of the increase considered in this paper, there was no large-scale extinction preceding the increase, and so the “open niche” hypothesis is less appropriate.",2
266,"What could explain this steep increase, and why is that case different from what happened during the Great Ordovician Biodiversification Event?","De steile toename kan worden verklaard doordat dominante dieren, die dus op andere dieren jagen, uitsterven en hierdoor kunnen andere dieren dominant worden. Dan kunnen dieren ook weer andere soorten vormen. Verder sterven er veel dieren uit en hierdoor kunnen andere dieren de niches vervullen en kunnen er andere soorten gevormd worden.... Dit is anders, omdat er bij de GOBE meerdere kleinere meteorieten waren en deze hebben een kleinere impact op de wereld als een geheel. De meteorieten in de GOBE hebben meer een lokale impact en dit kan in totaal leiden tot een grotere diversiteit.","Once such a great proportion of the Earth’s life had become extinct there would have been many open niches, and this would allow evolution to occur in many different contexts, resulting in this rapid increase in biodiversity. In the case of the increase considered in this paper, there was no large-scale extinction preceding the increase, and so the “open niche” hypothesis is less appropriate.",3
267,"What could explain this steep increase, and why is that case different from what happened during the Great Ordovician Biodiversification Event?","Bij GOBE sterft een klein deel van de genera uit, waardoor dominante soorten minder dominant worden, waarna er plaats is voor andere soorten om zich te verspreiden en ontwikkelen. Bij de massa extinctie sterft juist een super groot deel uit.","Once such a great proportion of the Earth’s life had become extinct there would have been many open niches, and this would allow evolution to occur in many different contexts, resulting in this rapid increase in biodiversity. In the case of the increase considered in this paper, there was no large-scale extinction preceding the increase, and so the “open niche” hypothesis is less appropriate.",2
268,"What could explain this steep increase, and why is that case different from what happened during the Great Ordovician Biodiversification Event?","In this case a mass extinction found place, more than half the genera went extinct. The steep increase was caused by severe species decline and the resulting radiation of surviving genera into multiple species filling in the same niches.","Once such a great proportion of the Earth’s life had become extinct there would have been many open niches, and this would allow evolution to occur in many different contexts, resulting in this rapid increase in biodiversity. In the case of the increase considered in this paper, there was no large-scale extinction preceding the increase, and so the “open niche” hypothesis is less appropriate.",3
269,"What could explain this steep increase, and why is that case different from what happened during the Great Ordovician Biodiversification Event?",Na een massa extinctie zie je een snelle toename in nieuwe soorten omdat er opeens heel veel ruimt is voor adaptatie. Er zijn allemaal niches beschikbaar om weer opgevuld te worden. Dit is anders dan de GOBE omdat de speciatie na de massa extinctie veel sneller plaatsvond dan in de BOGE.,"Once such a great proportion of the Earth’s life had become extinct there would have been many open niches, and this would allow evolution to occur in many different contexts, resulting in this rapid increase in biodiversity. In the case of the increase considered in this paper, there was no large-scale extinction preceding the increase, and so the “open niche” hypothesis is less appropriate.",3
270,"What could explain this steep increase, and why is that case different from what happened during the Great Ordovician Biodiversification Event?",Door het extinctie event stierven veel soorten uit waardoor er ecologische niches vrijkwamen die voorheen bezet waren. Dit in combinatie met het uitsterven van een aantal predatoren gaf overlevende soorten de kans om te diversifi\u00ebren. Dit verschilt met the Great Ordovician Biodiversification event omdat dit event niet door een massa extinctie is veroorzaakt maar door bijvoorbeeld meer habitat beschikken en stabiliere klimaat omstandigheden,"Once such a great proportion of the Earth’s life had become extinct there would have been many open niches, and this would allow evolution to occur in many different contexts, resulting in this rapid increase in biodiversity. In the case of the increase considered in this paper, there was no large-scale extinction preceding the increase, and so the “open niche” hypothesis is less appropriate.",4
271,"What could explain this steep increase, and why is that case different from what happened during the Great Ordovician Biodiversification Event?",a shift in the climate did maybe eliminate most of the taxon but some species survived and quickly adapted ,"Once such a great proportion of the Earth’s life had become extinct there would have been many open niches, and this would allow evolution to occur in many different contexts, resulting in this rapid increase in biodiversity. In the case of the increase considered in this paper, there was no large-scale extinction preceding the increase, and so the “open niche” hypothesis is less appropriate.",1
272,"What could explain this steep increase, and why is that case different from what happened during the Great Ordovician Biodiversification Event?","Hetgeen wat deze stijging kan verklaren is de massa-extinctie, door dezelfde reden als het antwoord op vraag a. Dit verschilt van het biodiversificatie event doordat het in veel grotere mate is, en direct volgt van een enorme daling in biodiversiteit.","Once such a great proportion of the Earth’s life had become extinct there would have been many open niches, and this would allow evolution to occur in many different contexts, resulting in this rapid increase in biodiversity. In the case of the increase considered in this paper, there was no large-scale extinction preceding the increase, and so the “open niche” hypothesis is less appropriate.",1
273,"What could explain this steep increase, and why is that case different from what happened during the Great Ordovician Biodiversification Event?","Less competition after an extinction event, allows for species that survived to expant more easily, This is different than the GOBE because that one wasn't caused by an extinction event.","Once such a great proportion of the Earth’s life had become extinct there would have been many open niches, and this would allow evolution to occur in many different contexts, resulting in this rapid increase in biodiversity. In the case of the increase considered in this paper, there was no large-scale extinction preceding the increase, and so the “open niche” hypothesis is less appropriate.",2
274,"What could explain this steep increase, and why is that case different from what happened during the Great Ordovician Biodiversification Event?","De toename in biodiversiteit is te verklaren door de meteoriet inslag, hierdoor zijn er veel taxa uitgestorven en is er een enorme afname te zien (extinction event) aan het einde van Ordovician. Doordat er veel taxa uitstierven, was er minder competitie en meer ruimte voor de overlevende taxa om zich te specialiseren op een specifieke niche. Dit is anders van de GOBE, omdat er in dit geval veel taxa zijn uitgestorven en dit was bij de GOBE niet zo. Er is dus een verschil in limiterende factor.","Once such a great proportion of the Earth’s life had become extinct there would have been many open niches, and this would allow evolution to occur in many different contexts, resulting in this rapid increase in biodiversity. In the case of the increase considered in this paper, there was no large-scale extinction preceding the increase, and so the “open niche” hypothesis is less appropriate.",4
275,"What could explain this steep increase, and why is that case different from what happened during the Great Ordovician Biodiversification Event?",de zeeen werden overgenomen door kleine filter voerende diertjes die een voedselbron vormde voor grote groepen dieren waardoor deze zich konden diversifi\u00ebren ,"Once such a great proportion of the Earth’s life had become extinct there would have been many open niches, and this would allow evolution to occur in many different contexts, resulting in this rapid increase in biodiversity. In the case of the increase considered in this paper, there was no large-scale extinction preceding the increase, and so the “open niche” hypothesis is less appropriate.",0
276,"What could explain this steep increase, and why is that case different from what happened during the Great Ordovician Biodiversification Event?","Overlevende soorten van de extinction event gaan eigenlijk een soort bottleneck door, maar kunnen de populatie snel groter maken door zich veel te reproduceren aangezien er meer voedsel beschikbaar is dan voor de extinction event. ... Het verschil met de GOBE is dat de GOBE geen bottleneck had maar juist een lange periode van diversicatie zonder dat er een extinction event plaatsvond.","Once such a great proportion of the Earth’s life had become extinct there would have been many open niches, and this would allow evolution to occur in many different contexts, resulting in this rapid increase in biodiversity. In the case of the increase considered in this paper, there was no large-scale extinction preceding the increase, and so the “open niche” hypothesis is less appropriate.",1
277,"What could explain this steep increase, and why is that case different from what happened during the Great Ordovician Biodiversification Event?","Tijdens de Gobe hadden de inslagen wel impact op de leefgebieden, maar niet dusdanig dat er veel soorten uitstierven. De impact was net genoeg dat er meer niches ontstonden die nu beschikbaar werden voor organismen om te evolueren. Bij de ME is de impact op het leefgebied wel te groot waardoor er te veel verandering komt, waardoor de organismen niet genoeg tijd hebben om zich aan te passen op de nieuwe omstandigheden (evolutionair gezien) en hierdoor gaan ze dood.","Once such a great proportion of the Earth’s life had become extinct there would have been many open niches, and this would allow evolution to occur in many different contexts, resulting in this rapid increase in biodiversity. In the case of the increase considered in this paper, there was no large-scale extinction preceding the increase, and so the “open niche” hypothesis is less appropriate.",0
278,"What could explain this steep increase, and why is that case different from what happened during the Great Ordovician Biodiversification Event?",idk.,"Once such a great proportion of the Earth’s life had become extinct there would have been many open niches, and this would allow evolution to occur in many different contexts, resulting in this rapid increase in biodiversity. In the case of the increase considered in this paper, there was no large-scale extinction preceding the increase, and so the “open niche” hypothesis is less appropriate.",0
279,"What could explain this steep increase, and why is that case different from what happened during the Great Ordovician Biodiversification Event?",Tijdens de Silurian vond de kolonisatie van land plaats. Hier was nog weinig competitie dus kon het aantal soorten flink toenemen. Bij de GOBE gaat het om het weghalen van sterke competitie en bij deze toename is er nog geen  sterkje competitie.,"Once such a great proportion of the Earth’s life had become extinct there would have been many open niches, and this would allow evolution to occur in many different contexts, resulting in this rapid increase in biodiversity. In the case of the increase considered in this paper, there was no large-scale extinction preceding the increase, and so the “open niche” hypothesis is less appropriate.",1
280,"What could explain this steep increase, and why is that case different from what happened during the Great Ordovician Biodiversification Event?","Het kan zo zijn dat deze steep increase veroorzaakt wordt door de afwezigheid van veel Cambrian fauna. Te zien is in de figuur dat er namelijk erg veel Cambrian fauna verloren is gegaan samen met de modern fauna, maar de modern fauna is hierna weer snel gaan stijgen, in tegenstelling tot de Cambrian fauna. De afwezigheid van deze Cambrian fauna heeft ervoor kunnen zorgen dat modern fauna is gaan specialiseren in nieuw vrijgekomen niches, wat voor specialisatie en speciatie heeft kunnen zorgen van modern fauna.","Once such a great proportion of the Earth’s life had become extinct there would have been many open niches, and this would allow evolution to occur in many different contexts, resulting in this rapid increase in biodiversity. In the case of the increase considered in this paper, there was no large-scale extinction preceding the increase, and so the “open niche” hypothesis is less appropriate.",2
281,"What could explain this steep increase, and why is that case different from what happened during the Great Ordovician Biodiversification Event?","Bij de GOBE was niet sprake van een massa extinctie die vooraf ging. Bij de GOBE zorgde de inslag van de meteoriet voor een disturbance, waardoor heterogeniteit ontstond. Zo zijn er meer verschillende niches beschikbaar. ... Bij de steile toename aan het eind van de Ordovician was sprake van een massa extinctie die vooraf ging. Dat betekent dat heel veel soorten waren uitgestorven. Dat maakte plats voor nieuwe soorten, omdat er ineens heel veel niches beschikbaar waren, die eerder bezet waren door de toen nog levende soorten.","Once such a great proportion of the Earth’s life had become extinct there would have been many open niches, and this would allow evolution to occur in many different contexts, resulting in this rapid increase in biodiversity. In the case of the increase considered in this paper, there was no large-scale extinction preceding the increase, and so the “open niche” hypothesis is less appropriate.",4
282,"What could explain this steep increase, and why is that case different from what happened during the Great Ordovician Biodiversification Event?","Deze toename kan worden verklaard doordat er veel dieren zijn uitgestorven, de niches van deze dieren beschikbaar werden. Andere soorten konden hierdoor deze plaatsen innemen en zich hierop specificeren, waardoor er nieuwe genera konden ontstaan. Dit is anders dan wat er gebeurde tijden de GOBE, omdat hier geen uitstervingen waren die vooraf hebben plaats gevonden, maar dat kwam door andere 'disturbances'. ","Once such a great proportion of the Earth’s life had become extinct there would have been many open niches, and this would allow evolution to occur in many different contexts, resulting in this rapid increase in biodiversity. In the case of the increase considered in this paper, there was no large-scale extinction preceding the increase, and so the “open niche” hypothesis is less appropriate.",5
283,"What could explain this steep increase, and why is that case different from what happened during the Great Ordovician Biodiversification Event?","Deze massa extinctie werd vermoedelijk veroorzaakt door een daling in wereldwijde temperatuur. Hierdoor stierven veel (mariene) soorten uit en veranderde het milieu ook enorm. Dit verklaart de enorme daling in biodiversiteit. Vervolgens kwamen er niet-bezette niches vrij door de grote sterfte, die gekoloniseerd werden door de niet-uitgestorven soorten. Radiatie vond plaats en soorten specialiseerden zich snel in een relatief korte tijd. Dit verklaart de toename in biodiversiteit na de massa extinctie.","Once such a great proportion of the Earth’s life had become extinct there would have been many open niches, and this would allow evolution to occur in many different contexts, resulting in this rapid increase in biodiversity. In the case of the increase considered in this paper, there was no large-scale extinction preceding the increase, and so the “open niche” hypothesis is less appropriate.",4
284,"What could explain this steep increase, and why is that case different from what happened during the Great Ordovician Biodiversification Event?","Door de extinction event was er veel biodiversiteit uitgestorven, hierdoor kwamen er veel niches vrij waardoor er meer speciatie op kan treden. Het verschilt met de GOBE, doordat hierbij sommige niches helemaal vrij kwamen, terwijl bij de GOBE was elke niche al wel in gebruik.","Once such a great proportion of the Earth’s life had become extinct there would have been many open niches, and this would allow evolution to occur in many different contexts, resulting in this rapid increase in biodiversity. In the case of the increase considered in this paper, there was no large-scale extinction preceding the increase, and so the “open niche” hypothesis is less appropriate.",4
285,"What could explain this steep increase, and why is that case different from what happened during the Great Ordovician Biodiversification Event?","Deze snelle toename na een extinctie komt, omdat dat een groot deel van de dominante soorten is uitgestorven tijdens het extinctie event. Door het verdwijnen van de dominante soorten kunnen meer andere soorten ecologische niches innemen die eerder bezet waren door de dominante soorten. Er komen dus heel snel heel veel ecologische niches vrij wat normaliter niet zomaar gebeurd. ... Tijdens de GOBE is er redelijk wat biodiversiteit bij gekomen, maar beduidend minder dan na de extinctie. Dit komt, omdat er niet eerst een hele boel uitsterving was bij de GOBE. Er werden wel nieuwe niches ingenomen, maar er kwamen er geen extra vrij, dus er zit een soort stop op de hoeveelheid diversificatie die nog kan plaatsvinden.","Once such a great proportion of the Earth’s life had become extinct there would have been many open niches, and this would allow evolution to occur in many different contexts, resulting in this rapid increase in biodiversity. In the case of the increase considered in this paper, there was no large-scale extinction preceding the increase, and so the “open niche” hypothesis is less appropriate.",5
286,"What could explain this steep increase, and why is that case different from what happened during the Great Ordovician Biodiversification Event?",de toename van de biodiversiteit tijdens de ordovician komt waarschijnlijk gewoon door allopatrische speciation en na de massa-extinctie kwamen er meer niches vrij waardoor de biodiversiteit toen toenam. ,"Once such a great proportion of the Earth’s life had become extinct there would have been many open niches, and this would allow evolution to occur in many different contexts, resulting in this rapid increase in biodiversity. In the case of the increase considered in this paper, there was no large-scale extinction preceding the increase, and so the “open niche” hypothesis is less appropriate.",2
287,"What could explain this steep increase, and why is that case different from what happened during the Great Ordovician Biodiversification Event?",Doordat alle overheersende soorten uitsterven konden andere soorten zich gaan uitbreiden zonder gedood te worden door de dominante soort. Bij de GOBE zijn er geen families Enzo uitgestorven dus dan zal je niet verwachten dat de dominante uitsterven en dus de andere een kans krijgen op overleven. ,"Once such a great proportion of the Earth’s life had become extinct there would have been many open niches, and this would allow evolution to occur in many different contexts, resulting in this rapid increase in biodiversity. In the case of the increase considered in this paper, there was no large-scale extinction preceding the increase, and so the “open niche” hypothesis is less appropriate.",1
288,"What could explain this steep increase, and why is that case different from what happened during the Great Ordovician Biodiversification Event?","Na de massaextinctie aan het eind van het Ordovicium zijn er veel taxa verdwenen en dus ook veel voorheen bezette niches vrijgemaakt. Door adaptieve radiatie konden de overgebleven taxa zich diversifi\u00ebren in de vrijgemaakte niches. Dit is anders dan tijdens het GOBE, omdat daar nieuwe niches werden gecre\u00eberd door intermediaire verstoring en hier dus voorheen bezette niches bezet kunnen worden door nieuwe soorten. ","Once such a great proportion of the Earth’s life had become extinct there would have been many open niches, and this would allow evolution to occur in many different contexts, resulting in this rapid increase in biodiversity. In the case of the increase considered in this paper, there was no large-scale extinction preceding the increase, and so the “open niche” hypothesis is less appropriate.",3
289,"What could explain this steep increase, and why is that case different from what happened during the Great Ordovician Biodiversification Event?","Dit komt door adaptieve radiatie. Deze enorme afname biedt namelijk nieuwe 'kansen' voor andere soorten doordat bijvoorbeeld niches zijn aangepast die de overlevende soorten konden gebruiken.... Het verschil met vergelijking tot de GOBE kan worden verklaard, doordat bij GOBE de toename in biodiversiteit kwam door diversificatie van bestaande soorten en aan het einde van de Ordovician ontstond er een nieuw ecologisch gebied waardoor soorten gingen radi\u00ebren.","Once such a great proportion of the Earth’s life had become extinct there would have been many open niches, and this would allow evolution to occur in many different contexts, resulting in this rapid increase in biodiversity. In the case of the increase considered in this paper, there was no large-scale extinction preceding the increase, and so the “open niche” hypothesis is less appropriate.",2
290,"What could explain this steep increase, and why is that case different from what happened during the Great Ordovician Biodiversification Event?","Bij deze toename was er geen sprake van komeetinslagen itt bij de GOBE. De wereld was echter wel sterk veranderd, dit had namelijk ook de voorafgaande massa-uitsterving tot gevolg. Als gevolg van continentale erosie was de samenstelling van de oceaan en de atmosfeer sterk veranderd. Dit zou er toe kunnen hebben geleid dat er ruimte was voor andere soorten om te diversificeren. Het milieu werd niet per se heterogener maar gewoon compleet anders. ","Once such a great proportion of the Earth’s life had become extinct there would have been many open niches, and this would allow evolution to occur in many different contexts, resulting in this rapid increase in biodiversity. In the case of the increase considered in this paper, there was no large-scale extinction preceding the increase, and so the “open niche” hypothesis is less appropriate.",0
291,"What could explain this steep increase, and why is that case different from what happened during the Great Ordovician Biodiversification Event?","Na de massaextinctie zijn er veel niches voor de soorten die hebben overleefd om te exploiteren. Hierdoor zullen deze soorten veel resources hebben, waardoor ze beter en meer kunnen voortplanten en overleven. Deze soorten zullen door natuurlijke selectie steeds beter aangepast raken aan hun niche, wat leidt tot specialisatie en nieuwe soorten, wat dus meer diversiteit voortbrengt. ... Bij de GOBE waren er maar intermediate levels van verstoring, terwijl er na een massa extinctie hoge levels van verstoring zijn. In beide gevallen zal dit leiden tot meer niches, maar bij de GOBE zal je ook meer te maken hebben van het selectief uitsterven van dieren die minder zijn aangepast aan zwaardere omstandigheden. Bij een massa extinctie minder vaak individuen een soort sterven, maar eerder de hele soort zelf, omdat de omstandigheden zo zwaar zijn. Bij de GOBE zal je dus meer te maken hebben met het diversificeren van de soorten die de verstoring hebben overleefd en na de massa extinctie zul je meer nieuwe soorten krijgen, omdat er maar zo weinig de verstoring hebben overleefd. ","Once such a great proportion of the Earth’s life had become extinct there would have been many open niches, and this would allow evolution to occur in many different contexts, resulting in this rapid increase in biodiversity. In the case of the increase considered in this paper, there was no large-scale extinction preceding the increase, and so the “open niche” hypothesis is less appropriate.",5
292,"What could explain this steep increase, and why is that case different from what happened during the Great Ordovician Biodiversification Event?","After a mass extinction event, many species occupying different niches will have disappeared. Species that do survive experience less competition for the now unoccupied niches, allowing for high rates of speciation and causing an increase in biodiversity. ... ... During the GOBE, intermediate levels of meteorite impacts increased the diversity of the environment. This disturbance actually created more niches, instead of freeing up pre-existing niches as is the case with mass extinctions. The creation of more niches also allowed more speciation to take place. ","Once such a great proportion of the Earth’s life had become extinct there would have been many open niches, and this would allow evolution to occur in many different contexts, resulting in this rapid increase in biodiversity. In the case of the increase considered in this paper, there was no large-scale extinction preceding the increase, and so the “open niche” hypothesis is less appropriate.",4
293,"What could explain this steep increase, and why is that case different from what happened during the Great Ordovician Biodiversification Event?","De dominante soorten kunnen na zo'n massa extinctie worden teruggedrongen in aantal, waardoor de minder dominante soorten minder hard hoeven te concurreren en zich zo beter kunnen gaan diversifi\u00ebren. The great Ordovician biodiversification event vond niet plaats na een massa-extinctie, wat betekent dat een verandering in bijvoorbeeld de omgeving de aanleiding is geweest voor de diversificatie. ","Once such a great proportion of the Earth’s life had become extinct there would have been many open niches, and this would allow evolution to occur in many different contexts, resulting in this rapid increase in biodiversity. In the case of the increase considered in this paper, there was no large-scale extinction preceding the increase, and so the “open niche” hypothesis is less appropriate.",1
294,"What could explain this steep increase, and why is that case different from what happened during the Great Ordovician Biodiversification Event?","In the silurian, the first terrestrial vascular plants appeared. This was a key event for biodiversification, as there were a lot of niches left to be filled on land. This was also a great drive for more terrestrial animal diversification. This was different from the GOBE, as this diversification event was driven by an external factor (extraterrestrial chromite grains).","Once such a great proportion of the Earth’s life had become extinct there would have been many open niches, and this would allow evolution to occur in many different contexts, resulting in this rapid increase in biodiversity. In the case of the increase considered in this paper, there was no large-scale extinction preceding the increase, and so the “open niche” hypothesis is less appropriate.",0
295,"What could explain this steep increase, and why is that case different from what happened during the Great Ordovician Biodiversification Event?","After a mass extinction, niches are left empty, allowing other species to evolve and occupy these niches. During GOBE no niches were suddenly left empty.","Once such a great proportion of the Earth’s life had become extinct there would have been many open niches, and this would allow evolution to occur in many different contexts, resulting in this rapid increase in biodiversity. In the case of the increase considered in this paper, there was no large-scale extinction preceding the increase, and so the “open niche” hypothesis is less appropriate.",5
296,"What could explain this steep increase, and why is that case different from what happened during the Great Ordovician Biodiversification Event?","Doordat er aan het eind van de Ordovician ontstaat er een massaextinctie dat veroorzaakt is door mondiale afkoeling en gammastraling leidend tot halvering van de ozonlaag en toenemende uv-straling. Hierdoor konden veel organismen het niet overleven, waardoor de massa-extinctie ontstond. De organisme die dit wel hebben overleefd, konden hierdoor snel in biodiversiteit toenemen omdat er meer niches beschikbaar kwamen, wat de steile toename veroorzaakt. Dit is anders dan het GOBE. Bij het GOBE kwam er een event voor in de mariene wateren, waardoor organismen een betere niche kregen en konden diversificeren. Bij de GOBE is er geen massa-extinctie aan vooraf gegaan, wat bij de Ordovician wel het geval is.","Once such a great proportion of the Earth’s life had become extinct there would have been many open niches, and this would allow evolution to occur in many different contexts, resulting in this rapid increase in biodiversity. In the case of the increase considered in this paper, there was no large-scale extinction preceding the increase, and so the “open niche” hypothesis is less appropriate.",2
297,"What could explain this steep increase, and why is that case different from what happened during the Great Ordovician Biodiversification Event?","The increase can be explained by the fact that during that time period, plants started to grow on land. This gave way for many species to be formed, since the land had many niches that were yet to be filled. This is different from the Great Ordovivian Biodiversification Event, since the steep increase in this period could be explained by intermediate levels of disturbance due to meteorites. ","Once such a great proportion of the Earth’s life had become extinct there would have been many open niches, and this would allow evolution to occur in many different contexts, resulting in this rapid increase in biodiversity. In the case of the increase considered in this paper, there was no large-scale extinction preceding the increase, and so the “open niche” hypothesis is less appropriate.",0
298,"What could explain this steep increase, and why is that case different from what happened during the Great Ordovician Biodiversification Event?","Many species became extinct in a short period of time, reducing competition for animals that survived, which had a much broader niche. Surviving lineages can evolve into the empty niches.","Once such a great proportion of the Earth’s life had become extinct there would have been many open niches, and this would allow evolution to occur in many different contexts, resulting in this rapid increase in biodiversity. In the case of the increase considered in this paper, there was no large-scale extinction preceding the increase, and so the “open niche” hypothesis is less appropriate.",2
299,"What could explain this steep increase, and why is that case different from what happened during the Great Ordovician Biodiversification Event?","Dit kan komen wegens het wegvallen van competitie. ... In deze periode vond de diversificatie van de echinoderms plaats, andere vertebraat fyla ontwikkelde en agnathan vertebraten. ","Once such a great proportion of the Earth’s life had become extinct there would have been many open niches, and this would allow evolution to occur in many different contexts, resulting in this rapid increase in biodiversity. In the case of the increase considered in this paper, there was no large-scale extinction preceding the increase, and so the “open niche” hypothesis is less appropriate.",1
300,"What could explain this steep increase, and why is that case different from what happened during the Great Ordovician Biodiversification Event?","Tijdens de Great Ordovician Biodiversification Event ging geen massa extinctie vooraf aan de vergroting van de biodiversiteit terwijl dit aan het einde van het Ordovician wel het geval. Verstoringen kunnen zorgen voor een verandering in soortensamenstelling, waardoor soorten die eerst veel concurrentie ervaarden dat nu een stuk minder doen. Deze soorten kunnen hierdoor meer voortplanten en ervaren meer natuurlijke selectie waardoor nieuwe soorten kunnen ontstaan. Zo zijn de kleine meteoriete inslagen voldoende om dit te veroorzaken tijdens GOBE. De afkoeling van de aarde, halvering van de ozonlaag en de verhoogde UV straling zijn voldoende om een massa-extinctie te veroorzaken als verstoring aan het einde van het Ordovician.","Once such a great proportion of the Earth’s life had become extinct there would have been many open niches, and this would allow evolution to occur in many different contexts, resulting in this rapid increase in biodiversity. In the case of the increase considered in this paper, there was no large-scale extinction preceding the increase, and so the “open niche” hypothesis is less appropriate.",1
301,"What could explain this steep increase, and why is that case different from what happened during the Great Ordovician Biodiversification Event?","The dramatic extinction event at the end of the Ordovician caused many species to become extinct , leaving empty niches . Other species could diversify and use this empty niches . This is different from the Biodiversification event because in this event niches changed and so biodiversification was possible , in the end ordovician extinction new niches were available because of extinction of earlier species inhabiting the niche. ","Once such a great proportion of the Earth’s life had become extinct there would have been many open niches, and this would allow evolution to occur in many different contexts, resulting in this rapid increase in biodiversity. In the case of the increase considered in this paper, there was no large-scale extinction preceding the increase, and so the “open niche” hypothesis is less appropriate.",4
302,"What could explain this steep increase, and why is that case different from what happened during the Great Ordovician Biodiversification Event?",There are a lot of available niches because there was a lot of biodiversity before the extinction. When the extinction happened this niches could be filled up immediately and therefore explain the steep increase.,"Once such a great proportion of the Earth’s life had become extinct there would have been many open niches, and this would allow evolution to occur in many different contexts, resulting in this rapid increase in biodiversity. In the case of the increase considered in this paper, there was no large-scale extinction preceding the increase, and so the “open niche” hypothesis is less appropriate.",2
303,"What could explain this steep increase, and why is that case different from what happened during the Great Ordovician Biodiversification Event?","The steep increase in biodiversity following the end-Ordovician extinction event, was probably due to the emergence of empty ecological niches and rapid evolutionary adaptation. This event is different form the Great Ordovician Biodiversification Event since this event occurred within the Ordovician period itself and was characterized by intense diversification and evolutionary innovation which was probably caused by environmental stability.","Once such a great proportion of the Earth’s life had become extinct there would have been many open niches, and this would allow evolution to occur in many different contexts, resulting in this rapid increase in biodiversity. In the case of the increase considered in this paper, there was no large-scale extinction preceding the increase, and so the “open niche” hypothesis is less appropriate.",4
304,"What could explain this steep increase, and why is that case different from what happened during the Great Ordovician Biodiversification Event?",The steep increase in biodiversity could be due to rapid exploitation of vacant ecological niches and adaptive radiation by surviving species. the great ordovician biodiversification event involved a more prolonged increase in biodiversity.,"Once such a great proportion of the Earth’s life had become extinct there would have been many open niches, and this would allow evolution to occur in many different contexts, resulting in this rapid increase in biodiversity. In the case of the increase considered in this paper, there was no large-scale extinction preceding the increase, and so the “open niche” hypothesis is less appropriate.",3
305,"What could explain this steep increase, and why is that case different from what happened during the Great Ordovician Biodiversification Event?",Het opeens uitsterven van heel veel taxa kan tot gevolg hebben dat er veel niches vrijkomen waarin nieuwe taxa gebruik van kunnen maken dus een enorm snelle diversificatie. Het verschil met GOBE is dat het op een veel grotere tijdsschaal gebeurt.,"Once such a great proportion of the Earth’s life had become extinct there would have been many open niches, and this would allow evolution to occur in many different contexts, resulting in this rapid increase in biodiversity. In the case of the increase considered in this paper, there was no large-scale extinction preceding the increase, and so the “open niche” hypothesis is less appropriate.",4
306,"What could explain this steep increase, and why is that case different from what happened during the Great Ordovician Biodiversification Event?","Tijdens the Great Ordovician Biodiversification Event is er mogelijk veel variatie ontstaan door een buitenaardse stof genaamd chromite. Mogelijk is deze stof essentieel voor bepaalde levensprocessen en heeft dit gezorgd voor meer diversiteit. Maar een belangrijk verschil vergeleken met de radiatie na de extinctie aan het eind van Ordovicain is dat voor The Great Ordovician Biodiversification Event ook al sprake is van toenemende diversificatie, maar dat deze nu tijdelijk sterker toeneemt.... ... Bij een massa-extinctie zoals die aan het eind van Ordovician verdwijnt echter een groot deel van het leven op aarde door een bepaalde gebeurtenis. Ook is er in dit geval sprake van een 'global cooling'. Dit betekent dat een grote hoeveelheid niches zijn ontstaan waarnaar overleefde soorten naar kunnen aanpassen om dit tot hun habitat te maken. Dit leidt ertoe dat in een relatief korte tijd veel verschillende soorten zullen ontstaan (dus de stijle lijn). ... ... ... (Ik snap niet helemaal waarom chromite ervoor zorgt dat er meer diversiteit onstaan is. Ik zie het verband niet helemaal).","Once such a great proportion of the Earth’s life had become extinct there would have been many open niches, and this would allow evolution to occur in many different contexts, resulting in this rapid increase in biodiversity. In the case of the increase considered in this paper, there was no large-scale extinction preceding the increase, and so the “open niche” hypothesis is less appropriate.",2
307,"What could explain this steep increase, and why is that case different from what happened during the Great Ordovician Biodiversification Event?","The steep increase could be explained by the fact that many niches were left vacant by the dramatic extinction event, thus giving room for other animals to radiate into those niches. This is different from the Great Ordicician Biodiversification event because before the GOB these niches that were filled were never filled before.","Once such a great proportion of the Earth’s life had become extinct there would have been many open niches, and this would allow evolution to occur in many different contexts, resulting in this rapid increase in biodiversity. In the case of the increase considered in this paper, there was no large-scale extinction preceding the increase, and so the “open niche” hypothesis is less appropriate.",3
308,"What could explain this steep increase, and why is that case different from what happened during the Great Ordovician Biodiversification Event?",De snelle toename van het aantal soorten kan komen doordat er weinig competitie meer is en er veel niches beschikbaar komen waardoor de bestaande soorten zich gaan aanpassen aan deze nieuw beschikbare niches en zo nieuwe soorten ontstaan.,"Once such a great proportion of the Earth’s life had become extinct there would have been many open niches, and this would allow evolution to occur in many different contexts, resulting in this rapid increase in biodiversity. In the case of the increase considered in this paper, there was no large-scale extinction preceding the increase, and so the “open niche” hypothesis is less appropriate.",3
309,"What could explain this steep increase, and why is that case different from what happened during the Great Ordovician Biodiversification Event?","After a mass extinction event many niches that were occupied are freed up,thereby creating possibilities for surviving species to diversify, resulting in an increase in biodiversity. This diff from the GOBE because during the GOBE the disturbance from meteorites increased the amount of available niches, which allowed species to diversify and occupy the new niches.","Once such a great proportion of the Earth’s life had become extinct there would have been many open niches, and this would allow evolution to occur in many different contexts, resulting in this rapid increase in biodiversity. In the case of the increase considered in this paper, there was no large-scale extinction preceding the increase, and so the “open niche” hypothesis is less appropriate.",5
310,"What could explain this steep increase, and why is that case different from what happened during the Great Ordovician Biodiversification Event?",I have absolutely no clue :(,"Once such a great proportion of the Earth’s life had become extinct there would have been many open niches, and this would allow evolution to occur in many different contexts, resulting in this rapid increase in biodiversity. In the case of the increase considered in this paper, there was no large-scale extinction preceding the increase, and so the “open niche” hypothesis is less appropriate.",0
311,"What could explain this steep increase, and why is that case different from what happened during the Great Ordovician Biodiversification Event?","door de massa extinctie die vlak hiervoor gebeurt is, zijn er weer veel niches beschikbaar. Hierdoor kunnen taxa snel radicaliseren. Dit verschilt met het GOB event in de zin van dat dit event een andere oorzaak heeft. Hier is massa extinctie namelijk niet de oorzaak, maar key adaptation of het vrijmaken van nieuwe niches door een bepaalde ontwikkeling de oorzaak geweest.","Once such a great proportion of the Earth’s life had become extinct there would have been many open niches, and this would allow evolution to occur in many different contexts, resulting in this rapid increase in biodiversity. In the case of the increase considered in this paper, there was no large-scale extinction preceding the increase, and so the “open niche” hypothesis is less appropriate.",4
312,"What could explain this steep increase, and why is that case different from what happened during the Great Ordovician Biodiversification Event?","A majorty of life became extinct through a mass-extinction, which prevents dominant species to out-compete the less dominant species. As a result, there is more space for less dominant species to evolve and adapt to the environment, and even more time to evolve characteristic against their main predators","Once such a great proportion of the Earth’s life had become extinct there would have been many open niches, and this would allow evolution to occur in many different contexts, resulting in this rapid increase in biodiversity. In the case of the increase considered in this paper, there was no large-scale extinction preceding the increase, and so the “open niche” hypothesis is less appropriate.",1
313,"What could explain this steep increase, and why is that case different from what happened during the Great Ordovician Biodiversification Event?","The steep increase after the Ordivician-Silurian mass extinction is due to large amount of niches that become available after taxa go extinct. These niches can be occupied by the remaining taxa, allowing the mto diversify. The Great Ordivician Biodiversification Event is not due to a mass extinction, but rather intermediate disturbances like meteorites or oxygenation of the environment due to the colonisation of land by plants. Meteorites could have affected dominant species more than less-dominant species, resulting in less evolutionairy constraint (due to interspecific competition) on these species, allowing them to evolve faster. The oxygenation due to the emergence of land plants could also result in diversification of life due to the change in evironmental conditions.","Once such a great proportion of the Earth’s life had become extinct there would have been many open niches, and this would allow evolution to occur in many different contexts, resulting in this rapid increase in biodiversity. In the case of the increase considered in this paper, there was no large-scale extinction preceding the increase, and so the “open niche” hypothesis is less appropriate.",4
314,"What could explain this steep increase, and why is that case different from what happened during the Great Ordovician Biodiversification Event?","The steep increase could be explained by niches that can be taken by other species because the species that took the niche before the extinction event became extinct. Thus, there is opportunity for speciation of other species that could quickly lead to those species filling the niches, thus increasing the number of genera quickly in time. It is different fromt the GOBE, because a huge extinction of genera occurred before the increase occurred, which was not the case for the GOBE.","Once such a great proportion of the Earth’s life had become extinct there would have been many open niches, and this would allow evolution to occur in many different contexts, resulting in this rapid increase in biodiversity. In the case of the increase considered in this paper, there was no large-scale extinction preceding the increase, and so the “open niche” hypothesis is less appropriate.",4
315,"What could explain this steep increase, and why is that case different from what happened during the Great Ordovician Biodiversification Event?","In deze periode kwamen de eerste landplanten, dit zorgde voor een grote toename in biodiversiteit. ","Once such a great proportion of the Earth’s life had become extinct there would have been many open niches, and this would allow evolution to occur in many different contexts, resulting in this rapid increase in biodiversity. In the case of the increase considered in this paper, there was no large-scale extinction preceding the increase, and so the “open niche” hypothesis is less appropriate.",0
316,"What could explain this steep increase, and why is that case different from what happened during the Great Ordovician Biodiversification Event?",The rapid extinction has now freed up niches. because of this surviving taxa are able to diversify and occupy those niches,"Once such a great proportion of the Earth’s life had become extinct there would have been many open niches, and this would allow evolution to occur in many different contexts, resulting in this rapid increase in biodiversity. In the case of the increase considered in this paper, there was no large-scale extinction preceding the increase, and so the “open niche” hypothesis is less appropriate.",3
317,"What could explain this steep increase, and why is that case different from what happened during the Great Ordovician Biodiversification Event?",The existing species have the possibility to specialise more and create more new species,"Once such a great proportion of the Earth’s life had become extinct there would have been many open niches, and this would allow evolution to occur in many different contexts, resulting in this rapid increase in biodiversity. In the case of the increase considered in this paper, there was no large-scale extinction preceding the increase, and so the “open niche” hypothesis is less appropriate.",2
318,"What could explain this steep increase, and why is that case different from what happened during the Great Ordovician Biodiversification Event?","Because of the large extinction event, a lot of species disappeared and left their niches empty. Because a lot of niches were now empty, new species could quickly form to fill these niches. ... This mass extinction was different from the GOBE, as it was 1 more impactful and 2 quicker. ","Once such a great proportion of the Earth’s life had become extinct there would have been many open niches, and this would allow evolution to occur in many different contexts, resulting in this rapid increase in biodiversity. In the case of the increase considered in this paper, there was no large-scale extinction preceding the increase, and so the “open niche” hypothesis is less appropriate.",2
319,"What could explain this steep increase, and why is that case different from what happened during the Great Ordovician Biodiversification Event?",The temperatures increased around the world. With the Great Ordovician Biodiversification Event their isn't a clear explanation for this event.,"Once such a great proportion of the Earth’s life had become extinct there would have been many open niches, and this would allow evolution to occur in many different contexts, resulting in this rapid increase in biodiversity. In the case of the increase considered in this paper, there was no large-scale extinction preceding the increase, and so the “open niche” hypothesis is less appropriate.",1
320,"What could explain this steep increase, and why is that case different from what happened during the Great Ordovician Biodiversification Event?","Door de extinctie zijn er veel open niches die in beslag genomen kunnen worden door of nieuwe soorten of overlevende soorten die hierop geadapteerd kunnen worden. De GOBE is gedreven door verschillende factoren over een lange periode en is bovendien ook geleidelijk. Deze steile toename komt door het benutten van de vrijgekomen niches en evolutionaire aanpassingen en is bovendien abrupt, in tegenstelling tot de GOBE.","Once such a great proportion of the Earth’s life had become extinct there would have been many open niches, and this would allow evolution to occur in many different contexts, resulting in this rapid increase in biodiversity. In the case of the increase considered in this paper, there was no large-scale extinction preceding the increase, and so the “open niche” hypothesis is less appropriate.",5
321,"What could explain this steep increase, and why is that case different from what happened during the Great Ordovician Biodiversification Event?","Tijdens de GOBE was er eerst een graduele diversificatie binnen de periode zelf, dit werd aangedreven door andere factoren dan na de massaextinctie, daarnaast was de opbouw van die diversiteit ook over een veel langer tijdframe uitgesmeerd zonder enige massaextinctie. Voorbeelden van factoren zijn: vergrootte complexiteit van habitats en het mariene leven.... ... Als het gaat over de Ordoviciane massaextinctie, door de plotselingen verminderde biodiversteit is zijn er veel (nieuwe) ecologische niches opengesteld, waar overlevende organismen zich op aan konden passen. Daarnaast is er veel minder competitie onder taxa, waardoor populaties snel en ongehinderd kunnen groeien en diversiviseren. Ook kunnen massa extincties zorgen voor ander klimaat, waardoor er het nieuwe habitats kan cre\u00ebren en dus ook zorgt voor diversificatie en ontstaan van nieuwe taxa.","Once such a great proportion of the Earth’s life had become extinct there would have been many open niches, and this would allow evolution to occur in many different contexts, resulting in this rapid increase in biodiversity. In the case of the increase considered in this paper, there was no large-scale extinction preceding the increase, and so the “open niche” hypothesis is less appropriate.",5
322,"What could explain this steep increase, and why is that case different from what happened during the Great Ordovician Biodiversification Event?","The steep increase can be explained by the fact that an extinction event makes sure a lot of species go extinct, which decreases competition that give better adapted species the room to diversify and radiate. This case is different from what happened during the Great Ordovician Biodiversication Event because this event did not follow a mass extinction. ","Once such a great proportion of the Earth’s life had become extinct there would have been many open niches, and this would allow evolution to occur in many different contexts, resulting in this rapid increase in biodiversity. In the case of the increase considered in this paper, there was no large-scale extinction preceding the increase, and so the “open niche” hypothesis is less appropriate.",4
323,"What could explain this steep increase, and why is that case different from what happened during the Great Ordovician Biodiversification Event?","Extinction events create ecological vacuums by removing many existing species from ecosystems. This opens up opportunities for new species to evolve and occupy vacant ecological niches, leading to rapid diversification and speciation.","Once such a great proportion of the Earth’s life had become extinct there would have been many open niches, and this would allow evolution to occur in many different contexts, resulting in this rapid increase in biodiversity. In the case of the increase considered in this paper, there was no large-scale extinction preceding the increase, and so the “open niche” hypothesis is less appropriate.",4
324,"What could explain this steep increase, and why is that case different from what happened during the Great Ordovician Biodiversification Event?","Een mogelijke verklaring voor deze sterke toename is dat er meer zuurstof beschikbaar kwam, dit was namelijk ongeveer tegelijkertijd met het ontstaan van de landplanten. Dit is anders dan wat er gebeurde tijdens de GOBE omdat tijdens de GOBE verstoringen zorgden voor meer niches en hier geen verstoringen maar de toename in zuurstof zorgt voor meer beschikbare niches. ","Once such a great proportion of the Earth’s life had become extinct there would have been many open niches, and this would allow evolution to occur in many different contexts, resulting in this rapid increase in biodiversity. In the case of the increase considered in this paper, there was no large-scale extinction preceding the increase, and so the “open niche” hypothesis is less appropriate.",1
325,"What could explain this steep increase, and why is that case different from what happened during the Great Ordovician Biodiversification Event?",Na een massa extinctie ontstaan er meer mogelijke niches waardoor er een toename van biodiversiteit komt.... Het is anders omdat er in het siluur meer verschillende organismen waren waardoor er een snellere toename was dan bij de GOB. ,"Once such a great proportion of the Earth’s life had become extinct there would have been many open niches, and this would allow evolution to occur in many different contexts, resulting in this rapid increase in biodiversity. In the case of the increase considered in this paper, there was no large-scale extinction preceding the increase, and so the “open niche” hypothesis is less appropriate.",3
326,"What could explain this steep increase, and why is that case different from what happened during the Great Ordovician Biodiversification Event?","After the Ordovician mass exctinction, a lot of species dissapeared and thus leaving different niches open for other species to occupy. This would most likely result in the sudden increase in number of genera. At the Great Ordovician Biodiversification Event, there was no mass exctinction beforehand so a lot of niches were still occupied which made it harder for such a massive increase in speciation compared to the one after the exctinction.","Once such a great proportion of the Earth’s life had become extinct there would have been many open niches, and this would allow evolution to occur in many different contexts, resulting in this rapid increase in biodiversity. In the case of the increase considered in this paper, there was no large-scale extinction preceding the increase, and so the “open niche” hypothesis is less appropriate.",4
327,"What could explain this steep increase, and why is that case different from what happened during the Great Ordovician Biodiversification Event?","After an extinction event many dominant and less adaptive species go extinct. This opens up many niches for the smaller but more adaptive species. Because of this opening, the species that are left diverse much faster and speciation occurs sooner. This is not what happened during the Great Ordovician Biodiversification Event because in that case there was no extinction event and therefore there were no open niches that could rapidly be refilled by other genera. ","Once such a great proportion of the Earth’s life had become extinct there would have been many open niches, and this would allow evolution to occur in many different contexts, resulting in this rapid increase in biodiversity. In the case of the increase considered in this paper, there was no large-scale extinction preceding the increase, and so the “open niche” hypothesis is less appropriate.",4
328,"What could explain this steep increase, and why is that case different from what happened during the Great Ordovician Biodiversification Event?","Tijdens de dramatische extinctie aan het eind van het Ordovicium stierven veel soorten uit, dit zorgde voor meer ruimte voor andere soorten om te groeien in populatiegrootte. Dit is anders dan tijdens de GOBE, hierin was namelijk geen sprake van een extinctie.","Once such a great proportion of the Earth’s life had become extinct there would have been many open niches, and this would allow evolution to occur in many different contexts, resulting in this rapid increase in biodiversity. In the case of the increase considered in this paper, there was no large-scale extinction preceding the increase, and so the “open niche” hypothesis is less appropriate.",2
329,"What could explain this steep increase, and why is that case different from what happened during the Great Ordovician Biodiversification Event?","Door de vernieling door de impact van de meteorieten, kwamen niches vrij op plekken waar eerst geen ruimte was voor biodiversificatie. Door de disruptie bij bepaalde grotere flora en fauna soorten, kwam er ruimte vrij in die niches voor minder aangetaste soorten om te gaan diversifi\u00ebren. Dit is anders dan de GOBE, omdat deze niet werd getriggered door disruptieve events, maar door nieuwe voedingsstoffen en nutrienten die vrijkwamen in het water.","Once such a great proportion of the Earth’s life had become extinct there would have been many open niches, and this would allow evolution to occur in many different contexts, resulting in this rapid increase in biodiversity. In the case of the increase considered in this paper, there was no large-scale extinction preceding the increase, and so the “open niche” hypothesis is less appropriate.",4
330,"What could explain this steep increase, and why is that case different from what happened during the Great Ordovician Biodiversification Event?","De massa uitsterving zorgde ervoor dat er veel lege niches waren waardoor diversificatie snel volgde en er veel nieuwe soorten ontstonden. Door de mogelijke verwijdering van dominante competitors was er ook meer ruimte voor diversificatie. De studie noemt echter dat de chromiet korrels van de meteorietinslag ook hebben gezorgd voor de toename in biodiversiteit tijdens de GOBE. Als de GOBE verbonden is met de cambrian explosie, dan zou het zo kunnen zijn dat toen soorten een tijd na de cambrian explosie verder geevoueerd waren, er opeens nieuwe niche plek beschrikbaar was voor specifieke aanpassingen, waar eerder nog geen taxa konden leven. Dit zou ook kunnen hebben gezorgd voor de plotselinge toename die wordt geobserveerd bij de GOBE.","Once such a great proportion of the Earth’s life had become extinct there would have been many open niches, and this would allow evolution to occur in many different contexts, resulting in this rapid increase in biodiversity. In the case of the increase considered in this paper, there was no large-scale extinction preceding the increase, and so the “open niche” hypothesis is less appropriate.",4
331,"What could explain this steep increase, and why is that case different from what happened during the Great Ordovician Biodiversification Event?","Door de massa extinctie verdwijnen er veel soorten en komen vele niches vrij voor de overlevende soorten om zich te diversifi\u00ebren en de niches op te vullen. Dit resulteert in een snelle toename in de biodiversiteit om de leeg gelopen ecologische rollen weer zo snel mogelijk te vullen. Ook kan de habitat veranderen  door milieueffecten waardoor andere soorten diversifi\u00ebren. Het verschil met de grote toename van de biodiversiteit tijdens de GOBE en aan het einde van de Ordovician, is het verschil in de drijvende factoren. De toename na de extinctie kwam door de extinctie zelf dat invloed had op de ecologische en evolutionaire processen. Terwijl  de toename tijdens de GOBE werd gedreven door het veranderen van het milieu waardoor er een toename was in de habitatdiversiteit en meer ruimte was voor evolutionaire innovaties. ","Once such a great proportion of the Earth’s life had become extinct there would have been many open niches, and this would allow evolution to occur in many different contexts, resulting in this rapid increase in biodiversity. In the case of the increase considered in this paper, there was no large-scale extinction preceding the increase, and so the “open niche” hypothesis is less appropriate.",4
332,"What could explain this steep increase, and why is that case different from what happened during the Great Ordovician Biodiversification Event?","Door de massa extinctie event verdwijnen veel soorten, waardoor de lijn eerst dus daalt. Hierdoor worden onder andere verscheiden niches beschikbaar voor soorten, die zich hier ook weer op specieren, wat zorgt voor aanpassingen en uiteindelijk nieuwe soorten. Deze situatie is dus vooral verschillend omdat bij de GOBE de meteoriet de aanleg was voor stijging in biodiversiteit. ","Once such a great proportion of the Earth’s life had become extinct there would have been many open niches, and this would allow evolution to occur in many different contexts, resulting in this rapid increase in biodiversity. In the case of the increase considered in this paper, there was no large-scale extinction preceding the increase, and so the “open niche” hypothesis is less appropriate.",4
333,"What could explain this steep increase, and why is that case different from what happened during the Great Ordovician Biodiversification Event?","After a mass extinction event, many different genera go extinct, increasing the number of free ecological niches in an ecosystem. This results in a bigger chance of speciation events to occur, resulting in a huge increase in the number of genera in a little time period. In the Great Ordovician Biodiversification Event, due to increased meteoritical activity, the global temperature decreased by the clouds created by meteorite impacts, which gave rise to more possible ecological niches in the ecosystems.","Once such a great proportion of the Earth’s life had become extinct there would have been many open niches, and this would allow evolution to occur in many different contexts, resulting in this rapid increase in biodiversity. In the case of the increase considered in this paper, there was no large-scale extinction preceding the increase, and so the “open niche” hypothesis is less appropriate.",4
334,"What could explain this steep increase, and why is that case different from what happened during the Great Ordovician Biodiversification Event?","This can be explained by adaptive radiation. As many species go exctinc, ecological oppurtunity allows other taxa to diversify. This is diverent from the great ordovician biodiversification event, because it has little to do with the heterogenitiy of the enviroment, but more so about the opening up of available niches trough extinction of previous taxa. ","Once such a great proportion of the Earth’s life had become extinct there would have been many open niches, and this would allow evolution to occur in many different contexts, resulting in this rapid increase in biodiversity. In the case of the increase considered in this paper, there was no large-scale extinction preceding the increase, and so the “open niche” hypothesis is less appropriate.",2
335,"What could explain this steep increase, and why is that case different from what happened during the Great Ordovician Biodiversification Event?","Voor de toename van de biodiversiteit in het Cambrium, waren er nog maar weinig genera. De toename in de biodiversiteit gedurende de Cambrium Explosion kan verklaard worden doordat er bijvoorbeeld een klimaatverandering plaatsvond die veel aantrekkelijker was voor organismen, bijvoorbeeld doordat het warmer werd. De Great Ordovician Biodiversification Event wordt daarentegen voorafgegaan door een sterke afname van de biodiversiteit. Voor deze afname was er dus al wel een grote biodiversiteit, maar die is in korte tijd afgenomen, waardoor veel niches vrijkwamen. Het verschil tussen de toename in het Cambrium en de Great Ordovician Biodiversification Event is dus dat bij het Cambrium de soortenrijkheid in het verleden altijd laag was geweest, en toen ging toenemen, terwijl bij de Biodiversification Event er juist wel veel soorten in het verleden waren geweest, maar er nu meer ruimte voor nieuwe soorten was door een massa-extinctie.","Once such a great proportion of the Earth’s life had become extinct there would have been many open niches, and this would allow evolution to occur in many different contexts, resulting in this rapid increase in biodiversity. In the case of the increase considered in this paper, there was no large-scale extinction preceding the increase, and so the “open niche” hypothesis is less appropriate.",1
336,"What could explain this steep increase, and why is that case different from what happened during the Great Ordovician Biodiversification Event?","the steep increase at the beginning of the silurian was caused by the mass extinction removing the vast majority of competition of the surviving species, opening up a very large amount of niches and potentially even creating entirely new niches. Because of all of this, the remaining species all 'scrambled' to fill these newly available niches with very little competition, resulting in a massive radiation of new life adapted tot the new environment.... This is different from the GOBE, in that the GOBE didn't remove most of the dominant species, but simply 'evened the playing field' in a sense, by creating new niches and disturbing dominant species, allowing the fast-reproducing non-dominant species to radiate out tremendously, even thpugh their competitors were still present.","Once such a great proportion of the Earth’s life had become extinct there would have been many open niches, and this would allow evolution to occur in many different contexts, resulting in this rapid increase in biodiversity. In the case of the increase considered in this paper, there was no large-scale extinction preceding the increase, and so the “open niche” hypothesis is less appropriate.",5
337,"What could explain this steep increase, and why is that case different from what happened during the Great Ordovician Biodiversification Event?","This steep increase can be explained by the mass extinction event happening prior to the increase. During the Ordovician-Silurian mass extinction event, many species died out. This was then followed by an increase of biodiversity, as new species filled up the gaps the extinct species left. This is different from what happened during GOBE, as this was not a consequence of a mass extinction.","Once such a great proportion of the Earth’s life had become extinct there would have been many open niches, and this would allow evolution to occur in many different contexts, resulting in this rapid increase in biodiversity. In the case of the increase considered in this paper, there was no large-scale extinction preceding the increase, and so the “open niche” hypothesis is less appropriate.",3
338,"What could explain this steep increase, and why is that case different from what happened during the Great Ordovician Biodiversification Event?",Voor de cambrian explosie was er eigenlijk heel weinig diversiteit. Dus er is toen geleidelijk in het Ordovician diversiteit ontstaan. Na de Great Ordovician Biodiversification Event is de diversificatie veel sneller gegaan omdat je met meer diversiteit al begonnen was. ,"Once such a great proportion of the Earth’s life had become extinct there would have been many open niches, and this would allow evolution to occur in many different contexts, resulting in this rapid increase in biodiversity. In the case of the increase considered in this paper, there was no large-scale extinction preceding the increase, and so the “open niche” hypothesis is less appropriate.",1
339,Describe how the topology of a gene tree based on gene LFY (b) would differ from one based on gene PHYC (c). Include the taxa that change position in the topology in your answer.,"in a is alleen blauw nog over, in b zijn zowel blauw als rood evenveel aanwezig en verdeeld over de taxa, in c is er duidelijk een onderscheid in taxa tussen blauw aan de ene kant en rood aan de andere kant",A gene tree based on PHYC (c) matches the species tree. A gene tree based on LFY (b) would cluster Paphiopedilum on a basal node of the Pardalopetalum/ Coryopedilum branch. Barbata and Cochlopetalum would be clustered separately from the previously described branch.,0
340,Describe how the topology of a gene tree based on gene LFY (b) would differ from one based on gene PHYC (c). Include the taxa that change position in the topology in your answer.,"First of all, I have no clue what the word topology means, nor plastid, LFY and PHYC. Online dictionaries were not very helpful, so I am just going to assume topology means something like phylogeny and go from there.        Now, if we were to use the outcome of the gene study of tree c, then we would get the same kind of split between species of the clade Paphiopedilum and Barbata, and the clade consisting of the Cochlopetalum, Pardalopetalum and Coryopedilum. If we were to take the outcome of the gene study in tree B as gospel, then we would come to a completely different conclusion. Then we would cluster all species with the red alleles together and all species with the blue allele. Paphiopedilum would switch with Cochlopetalum and Barbata and Cochlopetalum would be the clade with only the blue alleles.",A gene tree based on PHYC (c) matches the species tree. A gene tree based on LFY (b) would cluster Paphiopedilum on a basal node of the Pardalopetalum/ Coryopedilum branch. Barbata and Cochlopetalum would be clustered separately from the previously described branch.,3
341,Describe how the topology of a gene tree based on gene LFY (b) would differ from one based on gene PHYC (c). Include the taxa that change position in the topology in your answer.,Bij de gene tree die gebasseerd is op het gen LFY is in beide clades de verschillende genen (rode en blauwe lijn) te vinden. Deze genen spelen waarschijnlijk geen rol bij de splitsing van de zwarte node. Bij de gene tree gebaseerd op PHYC gen is dit wel het geval. In de bovenste clade zijn alleen soorten te vinden met het gen van de rode lijn en in de onderste clade juist alleen met de blauwe lijn.,A gene tree based on PHYC (c) matches the species tree. A gene tree based on LFY (b) would cluster Paphiopedilum on a basal node of the Pardalopetalum/ Coryopedilum branch. Barbata and Cochlopetalum would be clustered separately from the previously described branch.,1
342,Describe how the topology of a gene tree based on gene LFY (b) would differ from one based on gene PHYC (c). Include the taxa that change position in the topology in your answer.,"The topology of a gene tree based on gene LFY differs from a gene tree based on PHYC. In the gene tree of gene LFY the blue type of hybrydization happens more often in comparison to the red type of hybrydization, all the offspring is of the blue type of hybridization. In the gene tree of PHYC there is a more equal distribution of the two types of hybridization.",A gene tree based on PHYC (c) matches the species tree. A gene tree based on LFY (b) would cluster Paphiopedilum on a basal node of the Pardalopetalum/ Coryopedilum branch. Barbata and Cochlopetalum would be clustered separately from the previously described branch.,0
343,Describe how the topology of a gene tree based on gene LFY (b) would differ from one based on gene PHYC (c). Include the taxa that change position in the topology in your answer.,"An LFY gene tree could be different than a PHYC gene tree because there is so much variation in genes. So the species tree has a certain structure, but not all gene trees are necessarily oriented the same. Some genes can be more related to eachother than the species tree would show",A gene tree based on PHYC (c) matches the species tree. A gene tree based on LFY (b) would cluster Paphiopedilum on a basal node of the Pardalopetalum/ Coryopedilum branch. Barbata and Cochlopetalum would be clustered separately from the previously described branch.,0
344,Describe how the topology of a gene tree based on gene LFY (b) would differ from one based on gene PHYC (c). Include the taxa that change position in the topology in your answer.,"Als je een gene tree zou maken, groepeer je de blauwe en rode allelen bij elkaar. In de gene LFY (b) gene tree zou dat betekenen dat Paphiopedilum in een lineage zou komen met Pardalopetalum en Coryopedilum. Barbata en Cochlopetalum zouden in de andere lineage samen terecht komen. De lineages tussen deze bomen zullen dus verschillen in welke soorten ze bevatten.",A gene tree based on PHYC (c) matches the species tree. A gene tree based on LFY (b) would cluster Paphiopedilum on a basal node of the Pardalopetalum/ Coryopedilum branch. Barbata and Cochlopetalum would be clustered separately from the previously described branch.,2
345,Describe how the topology of a gene tree based on gene LFY (b) would differ from one based on gene PHYC (c). Include the taxa that change position in the topology in your answer.,"In de fylogenetische boom, gebaseerd op de allelspreiding binnen het LFY gen, zou de Paphiopedilum een zustergroep zijn van (en een monofyletische groep vormen met) de Pardalopetalum en de Coryopedilum.",A gene tree based on PHYC (c) matches the species tree. A gene tree based on LFY (b) would cluster Paphiopedilum on a basal node of the Pardalopetalum/ Coryopedilum branch. Barbata and Cochlopetalum would be clustered separately from the previously described branch.,2
346,Describe how the topology of a gene tree based on gene LFY (b) would differ from one based on gene PHYC (c). Include the taxa that change position in the topology in your answer.,"De topologie is ook wel de vertakkingsstructuur van een fylogenetische boom. De rode en blauwe lijnen representeren verschillende gen kopie\ën die zijn gedivergeerd door isolatie. De topologie is in de gevallen van b en c verschillend na de hybridisatie, maar we hebben wel dezelfde knooppunt in vergelijking met hun MRCA. Bij c blijven de rode en de blauwe lijn net gescheiden en vormen Paphiopedilum en Barbata de taxa van de rode gen kopie, terwijl de andere drie de taxa van de blauwe gen kopie vormen. Bij b mixen de gen kopie\ën met elkaar. Hier vormen Barbata en Cochlopetalum het taxa met de blauwe gen kopie en de andere drie de taxa met de rode gen kopie. Hier zijn dus Paphiopedilum en Cochlopetalum van positie gewisseld.",A gene tree based on PHYC (c) matches the species tree. A gene tree based on LFY (b) would cluster Paphiopedilum on a basal node of the Pardalopetalum/ Coryopedilum branch. Barbata and Cochlopetalum would be clustered separately from the previously described branch.,0
347,Describe how the topology of a gene tree based on gene LFY (b) would differ from one based on gene PHYC (c). Include the taxa that change position in the topology in your answer.,The gene tree based on gene PHYC would be the same as the species tree shown because the gene separated together with the species. However in the species tree shown for LFY the gene didn't separate together with the species resulting in both versions of the gene being present in both monophyletic groups. A gene tree based on gene LFY would compare just the genes and therefore see the blue versions as more closely related to each other and group these together resulting in Paphiopedilum and Cochlopetalum switching positions.,A gene tree based on PHYC (c) matches the species tree. A gene tree based on LFY (b) would cluster Paphiopedilum on a basal node of the Pardalopetalum/ Coryopedilum branch. Barbata and Cochlopetalum would be clustered separately from the previously described branch.,2
348,Describe how the topology of a gene tree based on gene LFY (b) would differ from one based on gene PHYC (c). Include the taxa that change position in the topology in your answer.,het gen komt terecht bij verschillende taxa in de verschillende bomen? ik vind deze vraag moeilijk...,A gene tree based on PHYC (c) matches the species tree. A gene tree based on LFY (b) would cluster Paphiopedilum on a basal node of the Pardalopetalum/ Coryopedilum branch. Barbata and Cochlopetalum would be clustered separately from the previously described branch.,0
349,Describe how the topology of a gene tree based on gene LFY (b) would differ from one based on gene PHYC (c). Include the taxa that change position in the topology in your answer.,"the gene tree based on phyc produces a version in which there are two large  monophyletic taxa after the hybridisation takes place. cochlopetalum, pardalopetalum, coryopedilum would all branch off together like the species tree suggests. The LFY gene tree produces a version in which Barbata and cochlopetalum share a MRCA that the rest does not. Paphiopelidum and cochlopetalum would essentially switch places. This does not match the species tree and is an example of how the gene tree isn't always the most correct.",A gene tree based on PHYC (c) matches the species tree. A gene tree based on LFY (b) would cluster Paphiopedilum on a basal node of the Pardalopetalum/ Coryopedilum branch. Barbata and Cochlopetalum would be clustered separately from the previously described branch.,4
350,Describe how the topology of a gene tree based on gene LFY (b) would differ from one based on gene PHYC (c). Include the taxa that change position in the topology in your answer.,"In c, gebaseerd op PHYC is te zien dat het verschil in genen overeenkomt met de soort boom, hier zou dus niks veranderen. Kijken we naar het gen LFY in figuur b, dan zien we dat de genen niet zo zijn verdeeld als verwacht vanuit de soort boom. Hier zien we dat de barbata en de cochlopetalum dezelfde variant hebben en de andere soorten de andere variant. Dit betekend dat de groepen in de boom op die manier zouden ingedeeld worden, en dus verschilt met de soort boom.",A gene tree based on PHYC (c) matches the species tree. A gene tree based on LFY (b) would cluster Paphiopedilum on a basal node of the Pardalopetalum/ Coryopedilum branch. Barbata and Cochlopetalum would be clustered separately from the previously described branch.,1
351,Describe how the topology of a gene tree based on gene LFY (b) would differ from one based on gene PHYC (c). Include the taxa that change position in the topology in your answer.,"Een boom met LFY als uitgangspunt zal waarschijnlijk de taxa Barbarta en Cochlopelatum samenvoegen tot monofyletische groep, omdat er op die manier maar één mutatie hoeft plaats te vinden in de theoretische MRCA van de twee taxa, in plaats van dat de mutatie op twee verschillende punten is ontstaan. Volgens parsimony is de eerste mogelijkheid namelijk de meest aannemelijke.",A gene tree based on PHYC (c) matches the species tree. A gene tree based on LFY (b) would cluster Paphiopedilum on a basal node of the Pardalopetalum/ Coryopedilum branch. Barbata and Cochlopetalum would be clustered separately from the previously described branch.,2
352,Describe how the topology of a gene tree based on gene LFY (b) would differ from one based on gene PHYC (c). Include the taxa that change position in the topology in your answer.,"a gene tree based on gene LFY     Een genen boom gebaseed op gen LFY zal een spliting veroorzaken waarin barbata en cochlopetalum een groep vormen en paphiopedilum,pardalopetalum en coryopedilm een groep vormen. Dit is anders dan in de genen boom gebaseerd op het PHYC gen. Hier vormen paphiopedilum en barbata een groep en cochlopetalum, pardalopetalum en coryopedilm een groep. Beide gene trees zullen wel de zelfde MRCA hebben.",A gene tree based on PHYC (c) matches the species tree. A gene tree based on LFY (b) would cluster Paphiopedilum on a basal node of the Pardalopetalum/ Coryopedilum branch. Barbata and Cochlopetalum would be clustered separately from the previously described branch.,3
353,Describe how the topology of a gene tree based on gene LFY (b) would differ from one based on gene PHYC (c). Include the taxa that change position in the topology in your answer.,"In gene tree b zullen beide allelen blijven bestaan, maar worden vervolgens gesplit in niet monofyletische groepen. In gene tree c blijven beide allelen ook bestaan, maar worden ze gesplits in monofyletische groepen. In gene tree b zullen Barbata  en Cochlopetalum qua morfologie meer op elkaar lijken doordat ze dezelfde genen hebben, waardoor ze op een andere positie zouden komen te staan in de soortenboom dan bij gene tree c.",A gene tree based on PHYC (c) matches the species tree. A gene tree based on LFY (b) would cluster Paphiopedilum on a basal node of the Pardalopetalum/ Coryopedilum branch. Barbata and Cochlopetalum would be clustered separately from the previously described branch.,0
354,Describe how the topology of a gene tree based on gene LFY (b) would differ from one based on gene PHYC (c). Include the taxa that change position in the topology in your answer.,"Barbata en Cochlopetalum zouden samen een groep vormen omdat ze op basis van deze informatie meer verwant zijn aan elkaar.  En Paphiopedilum, Pardalopetalum en Coryopedilum zullen een groep vormen waarbij Pardolapetalum nog steeds meer verwant is aan Corypedilum dan aan Paphiopedilum.    Dit betekend dat de blauwe gen kopie\ën bij LYF maar bestaat uit twee taxa inplaats van de drie die je bij PHYC ziet, het zelfde geld voor de rode gen kopie\ën die nu uit drie taxa bestaat inplaats van twee.",A gene tree based on PHYC (c) matches the species tree. A gene tree based on LFY (b) would cluster Paphiopedilum on a basal node of the Pardalopetalum/ Coryopedilum branch. Barbata and Cochlopetalum would be clustered separately from the previously described branch.,4
355,Describe how the topology of a gene tree based on gene LFY (b) would differ from one based on gene PHYC (c). Include the taxa that change position in the topology in your answer.,"Bij LFY kruizen de lijnen en dus de genen, dit moet je dus anders neerzetten. dus dan zou Barabata naar beneden gaan om een zustergroep te vormen met Cochlopetalum. En de twee onderste groepen zoude naar boven gaan om een zustergroep te vormen met Paphiopedilum. Dan is het verschil met PHYC dus best groot, aangezien je hele andere zustergroepen zal krijgen.",A gene tree based on PHYC (c) matches the species tree. A gene tree based on LFY (b) would cluster Paphiopedilum on a basal node of the Pardalopetalum/ Coryopedilum branch. Barbata and Cochlopetalum would be clustered separately from the previously described branch.,4
356,Describe how the topology of a gene tree based on gene LFY (b) would differ from one based on gene PHYC (c). Include the taxa that change position in the topology in your answer.,"In b en c zou een andere topologie komen, wanneer je kijkt naar de blauwe en rode groepen. Er is te zien dat de blauwe en rode groep van elkaar splitste aan het begin. Dit zou betekenen dat de rode groep een cluster zal vormen en de blauwe ook. C zou in dezelfde volgorde blijven staan op basis hiervan. In groep b zou echter de paphiopedilum omgewisseld moeten zijn met de cochlopetalum om de rode groep bij elkaar te hebben en de blauwe groep.",A gene tree based on PHYC (c) matches the species tree. A gene tree based on LFY (b) would cluster Paphiopedilum on a basal node of the Pardalopetalum/ Coryopedilum branch. Barbata and Cochlopetalum would be clustered separately from the previously described branch.,3
357,Describe how the topology of a gene tree based on gene LFY (b) would differ from one based on gene PHYC (c). Include the taxa that change position in the topology in your answer.,"gebaseerd op LFY,  zouden Barbata en Cochlopelatum samen in een branch gevoegd worden (en dus nauwer aan elkaar verwant dan aan de rest) terwijl gebaseerd op PHYC, zouden Barbata en Paphiopedilum bij elkaar in een branch gevoegd worden.",A gene tree based on PHYC (c) matches the species tree. A gene tree based on LFY (b) would cluster Paphiopedilum on a basal node of the Pardalopetalum/ Coryopedilum branch. Barbata and Cochlopetalum would be clustered separately from the previously described branch.,2
358,Describe how the topology of a gene tree based on gene LFY (b) would differ from one based on gene PHYC (c). Include the taxa that change position in the topology in your answer.,"Bij speciatie van genen, in dit geval wanneer hybridisatie gebeurd kan het zijn dat de species tree afwijkt van de gene tree. Dat kan ik dit geval gezien worden tussen C en B. Bij B zijn er verschillende haplotypes aanwezig in beide afsplitsingen na de MRCA. Bij C divergeren de twee haplotypes na de MRCA juist van elkaar waardoor er aan de bovenkant een zustergroep ontstaat met één haplotype en aan de onderkant ook een groep ontstaat met ook maar één haplotype.",A gene tree based on PHYC (c) matches the species tree. A gene tree based on LFY (b) would cluster Paphiopedilum on a basal node of the Pardalopetalum/ Coryopedilum branch. Barbata and Cochlopetalum would be clustered separately from the previously described branch.,0
359,Describe how the topology of a gene tree based on gene LFY (b) would differ from one based on gene PHYC (c). Include the taxa that change position in the topology in your answer.,"We weten dat zowel LFY als PHYC dezelfde node hebben voor hun MRCA. De divergentie van deze genen komen dus van een gemeenschappelijke voorouder. Toch laten beide gen bomen verschillende topologi\ën zijn, dit is mogelijk doordat de organisatie na hybridisatie tussen beide bomen verschillen. Bij boom c is er een 'gelijke' verdeling van de twee haplotypes na hybridisatie, respectievelijk tussen paphiopedilum, barbata en  cochlopetalum, pardalopetalum, coryolopetalum. Bij boom b is deze distributie echter anders, waardoor de topologie dus verschilt.",A gene tree based on PHYC (c) matches the species tree. A gene tree based on LFY (b) would cluster Paphiopedilum on a basal node of the Pardalopetalum/ Coryopedilum branch. Barbata and Cochlopetalum would be clustered separately from the previously described branch.,0
360,Describe how the topology of a gene tree based on gene LFY (b) would differ from one based on gene PHYC (c). Include the taxa that change position in the topology in your answer.,"Gebaseerd op 'b' zouden 'Barbata' en 'Cochlopetalum' samen komen te staan, terwijl in 'c' 'Paphiodelium' en 'Barbata' samen zouden staan. Dit komt omdat er sprake is van incomplete lineage sorting, aangezien bij de verschillende bomen gekeken wordt naar slechts één deel van het genoom. Dit levert andere resultaten op tussen de verschillende bomen.",A gene tree based on PHYC (c) matches the species tree. A gene tree based on LFY (b) would cluster Paphiopedilum on a basal node of the Pardalopetalum/ Coryopedilum branch. Barbata and Cochlopetalum would be clustered separately from the previously described branch.,2
361,Describe how the topology of a gene tree based on gene LFY (b) would differ from one based on gene PHYC (c). Include the taxa that change position in the topology in your answer.,"Based on the different gene trees, it would be very likely that the corresponding phylogenetic tree would change between a, b and c. The colours would each time correspond to the clades.    ",A gene tree based on PHYC (c) matches the species tree. A gene tree based on LFY (b) would cluster Paphiopedilum on a basal node of the Pardalopetalum/ Coryopedilum branch. Barbata and Cochlopetalum would be clustered separately from the previously described branch.,0
362,Describe how the topology of a gene tree based on gene LFY (b) would differ from one based on gene PHYC (c). Include the taxa that change position in the topology in your answer.,"The nuclear gene tree for PHYC (c) shows that after the isolation and hybridization process, the two different haplotypes diverged into two lineages consisting of multiple taxa. Here, the taxa Barbata and Paphiopedilum are sister groups that share one type of the haplotype. Cochlopetalum shares the other haplotype with its sister group, containing Pardalopetalum and Coryopedilum. The gene three for LFY (b) shows a different distribution of relatedness when looking at this particular gene. This tree shows that the taxa Paphiopedilum, Pardalopetalum and Coryopedilum share an certain haplotype. From this we suggest that these two taxa are closer related to each other than they are to the group with the other haplotype, containing taxa Barbata and Cochlopetalum.",A gene tree based on PHYC (c) matches the species tree. A gene tree based on LFY (b) would cluster Paphiopedilum on a basal node of the Pardalopetalum/ Coryopedilum branch. Barbata and Cochlopetalum would be clustered separately from the previously described branch.,3
363,Describe how the topology of a gene tree based on gene LFY (b) would differ from one based on gene PHYC (c). Include the taxa that change position in the topology in your answer.,"Omdat je bij de trees b en c kijkt naar 2 verschillende genen verwacht je ook andere patronen van verwantschap. Genen kunnen muteren en er kan gene flow plaatsvinden onder andere. Dit beïnvloedt de uiting van een specifiek gen, waardoor kijkend naar een gene tree gericht op een specifiek gen soorten anders verwant lijken dan bij een gene tree gericht op een ander specifiek gen.        Vond deze vraag moeilijk, dit is het beste wat ik er van kan maken haha",A gene tree based on PHYC (c) matches the species tree. A gene tree based on LFY (b) would cluster Paphiopedilum on a basal node of the Pardalopetalum/ Coryopedilum branch. Barbata and Cochlopetalum would be clustered separately from the previously described branch.,0
364,Describe how the topology of a gene tree based on gene LFY (b) would differ from one based on gene PHYC (c). Include the taxa that change position in the topology in your answer.,"The topology of the gene tree based on gene LFY would differ from that based on gene PHYC, as the first node would split taxa depending on their version of the gene (red/blue). Here, paphiopedilum would swap positions with cochlopetalum.",A gene tree based on PHYC (c) matches the species tree. A gene tree based on LFY (b) would cluster Paphiopedilum on a basal node of the Pardalopetalum/ Coryopedilum branch. Barbata and Cochlopetalum would be clustered separately from the previously described branch.,3
365,Describe how the topology of a gene tree based on gene LFY (b) would differ from one based on gene PHYC (c). Include the taxa that change position in the topology in your answer.,Ik snap deze vraag niet zo goed om eerlijk te zijn. Bij c vindt er een scheiding van de genen plaats. bij B ook maar niet compleet van elkaar gescheiden.,A gene tree based on PHYC (c) matches the species tree. A gene tree based on LFY (b) would cluster Paphiopedilum on a basal node of the Pardalopetalum/ Coryopedilum branch. Barbata and Cochlopetalum would be clustered separately from the previously described branch.,0
366,Describe how the topology of a gene tree based on gene LFY (b) would differ from one based on gene PHYC (c). Include the taxa that change position in the topology in your answer.,Ik denk dat de topologie zou veranderen zoals het al staat afgebeeld? Ik snap de vraag niet.,A gene tree based on PHYC (c) matches the species tree. A gene tree based on LFY (b) would cluster Paphiopedilum on a basal node of the Pardalopetalum/ Coryopedilum branch. Barbata and Cochlopetalum would be clustered separately from the previously described branch.,0
367,Describe how the topology of a gene tree based on gene LFY (b) would differ from one based on gene PHYC (c). Include the taxa that change position in the topology in your answer.,"Ze verschillen doordat er dus wordt gekeken naar verschillende genen. Deze genen kunnen verschillend worden overge\ërfd en dit kan een invloed hebben over hoe ze gerelateerd zijn met elkaar. Hierdoor zouden ze anders gaan clusteren, zoals ook aangegeven in de afbeelding. Maar het beste zou zijn wanneer de rode en de blauwe lijnen bij elkaar zouden zitten. Dus in afbeelding b zouden paphiopedilum om moeten wisselen met cochlopetalum. Bij afbeelding c ziet het er goed uit en zou ik niks veranderen, aangezien rood bij rood staat en blauw bij blauw.",A gene tree based on PHYC (c) matches the species tree. A gene tree based on LFY (b) would cluster Paphiopedilum on a basal node of the Pardalopetalum/ Coryopedilum branch. Barbata and Cochlopetalum would be clustered separately from the previously described branch.,2
368,Describe how the topology of a gene tree based on gene LFY (b) would differ from one based on gene PHYC (c). Include the taxa that change position in the topology in your answer.,"When you look at the genetic relationships between the different taxa based on the LFY gene, you can see that Paphiopedilum, Pardalopetalum and Corypedilum show the same gene copy (red line). Barbata and Cocolopetalum share another gene copy (blue line). If you would create a tree only based on this gene, you would give different branches to the different colors, one for blue and one for red. However, this does not match the species tree. This is because other genes, like PHYC, show a different relationship between the taxa.",A gene tree based on PHYC (c) matches the species tree. A gene tree based on LFY (b) would cluster Paphiopedilum on a basal node of the Pardalopetalum/ Coryopedilum branch. Barbata and Cochlopetalum would be clustered separately from the previously described branch.,2
369,Describe how the topology of a gene tree based on gene LFY (b) would differ from one based on gene PHYC (c). Include the taxa that change position in the topology in your answer.,"in b zijn barbata en cochlopetalum een groep, terwijl in c barbata en paphiopedilum een groep zijn. Cochlopetalum   of paphiopedilum veranderd dus van positie",A gene tree based on PHYC (c) matches the species tree. A gene tree based on LFY (b) would cluster Paphiopedilum on a basal node of the Pardalopetalum/ Coryopedilum branch. Barbata and Cochlopetalum would be clustered separately from the previously described branch.,1
370,Describe how the topology of a gene tree based on gene LFY (b) would differ from one based on gene PHYC (c). Include the taxa that change position in the topology in your answer.,"In gene tree b (based on LFY) we see that both groups on the species tree have one branch that has a red line and another branch that has a blue line. This means that in both groups, two different alleles are found for the LFY gene. Based on this gene, it would be most logical to have two groups, one of which has blue lines and another which has red lines. Therefore, Paphiopedilum and Cochpetalum would switch places compared to the species tree, which corresponds with tree c based on PHYC.",A gene tree based on PHYC (c) matches the species tree. A gene tree based on LFY (b) would cluster Paphiopedilum on a basal node of the Pardalopetalum/ Coryopedilum branch. Barbata and Cochlopetalum would be clustered separately from the previously described branch.,2
371,Describe how the topology of a gene tree based on gene LFY (b) would differ from one based on gene PHYC (c). Include the taxa that change position in the topology in your answer.,"De topologie is de structuur van de fylogenetische boom. Op basis van gen PHYC (c) zou je de topologie verwachten zoals die daar staat. Op basis van gen LFY zou je een andere topologie verwachten. Je kan namelijk kijken naar de gekleurde lijnen om de topologie te bepalen, want de gekleurde lijnen representeren de verschillende haplotypes. Op basis daarvan zou je zeggen dat \""Barbata\"" en \""Cochlopetalum\"" samen zouden aftakken van de andere groep soorten. \""Barbata\"" en \""Cochlopetalum\"" zullen als meer verwant aan elkaar dan aan de rest beschouwd worden.",A gene tree based on PHYC (c) matches the species tree. A gene tree based on LFY (b) would cluster Paphiopedilum on a basal node of the Pardalopetalum/ Coryopedilum branch. Barbata and Cochlopetalum would be clustered separately from the previously described branch.,4
372,Describe how the topology of a gene tree based on gene LFY (b) would differ from one based on gene PHYC (c). Include the taxa that change position in the topology in your answer.,"De topology zou verschillen aangezien in b de verschillende gen kopie\ën nu over twee monofyletische groepen verdeeld zijn, terwijl ze in c gescheiden zijn per monofyletische groep.  De taxa cochlopelatum en barbata zouden volgens b tot dezelfde monofyletische groep moeten behoren, terwijl paphiopedilum ofwel zijn eigen groep vormt of tot dezelfde monofyletische groep als pardalopetalum en coryopedilum zou behoren.",A gene tree based on PHYC (c) matches the species tree. A gene tree based on LFY (b) would cluster Paphiopedilum on a basal node of the Pardalopetalum/ Coryopedilum branch. Barbata and Cochlopetalum would be clustered separately from the previously described branch.,3
373,Describe how the topology of a gene tree based on gene LFY (b) would differ from one based on gene PHYC (c). Include the taxa that change position in the topology in your answer.,"(Ik snap deze vraag echt totaal niet)    een hybridisatie heeft plaatsgevonden op gene LFY waardoor Paphiopedilum, Pardalopetalum en Corypedilum eigelijk verwant zijn aan elkaar    een hybridisatie heeft plaatsgevonden op gene PHYC waardoor de taxa Paphiopedilum en Bardata eigelijk in dat gen op aan elkaar verwant zijn en los gaan van de blauwe groep        (sorry, maar wat is hybridisatie?? en wat zijn die kleuren op de figuur?? ik snap het echt niet)",A gene tree based on PHYC (c) matches the species tree. A gene tree based on LFY (b) would cluster Paphiopedilum on a basal node of the Pardalopetalum/ Coryopedilum branch. Barbata and Cochlopetalum would be clustered separately from the previously described branch.,1
374,Describe how the topology of a gene tree based on gene LFY (b) would differ from one based on gene PHYC (c). Include the taxa that change position in the topology in your answer.,"The tree based on gene LFY suggests that Barbata and Chochlopetalum would become sistergroups and that Paphiopedilum, Pardalopetalum and Coryopedilum would become sistergroups of each other. However, in a gene tree based on gene PHYC, Paphiopedilum and Barbata would remain sistergroups and Chochlopetalum, Pardalopetalum and Coryopedilum would remain sistergroups too but these both sistergroups will contain different gene copies compared to each other.",A gene tree based on PHYC (c) matches the species tree. A gene tree based on LFY (b) would cluster Paphiopedilum on a basal node of the Pardalopetalum/ Coryopedilum branch. Barbata and Cochlopetalum would be clustered separately from the previously described branch.,4
375,Describe how the topology of a gene tree based on gene LFY (b) would differ from one based on gene PHYC (c). Include the taxa that change position in the topology in your answer.,"Both gene trees will have two different gene copies, blue and red. However, with the LFY tree, only Barbata and Cochlopetalum will in one clade and the others will be in the red clade. With the PHYC tree, Paphidolium and Barbata will be together in one clade. So Paphidolium and Cochlopetalum are the taxa that change position.",A gene tree based on PHYC (c) matches the species tree. A gene tree based on LFY (b) would cluster Paphiopedilum on a basal node of the Pardalopetalum/ Coryopedilum branch. Barbata and Cochlopetalum would be clustered separately from the previously described branch.,3
376,Describe how the topology of a gene tree based on gene LFY (b) would differ from one based on gene PHYC (c). Include the taxa that change position in the topology in your answer.,"Bij figuur c zijn na de node twee onafhankelijke varianten ontstaan, terwijl er bij figuur b sprake is van een verandering is deze verhouding, namelijk dat dir meer verspreid is. Uit figuur b zou je dus af kunnen leiden dat barbata en cochlopetalum dichter bij elkaar 'horen' dan is afgebeeld.",A gene tree based on PHYC (c) matches the species tree. A gene tree based on LFY (b) would cluster Paphiopedilum on a basal node of the Pardalopetalum/ Coryopedilum branch. Barbata and Cochlopetalum would be clustered separately from the previously described branch.,2
377,Describe how the topology of a gene tree based on gene LFY (b) would differ from one based on gene PHYC (c). Include the taxa that change position in the topology in your answer.,"The tree based on gene PHYC, the tree wouldn't changed compared to the plastid gene tree, and would be: (Paphiopedilium; Barbata); (Cochlopetalum; Padalopetalum; Coryopedilium) (although Pedalopetalum and Coryopedilium might be in a group together based on this gene, it might also be a different combination. In the end it doesn't matter for the comparison between these two genes.)         Based only on gene LFY the most parsimonous grouping would be: (Cochlopetalum; Barbata); (Paphiopedilium; Padalopetalum; Coryopedilium). (although Pedalopetalum and Coryopedilium might be in a group together based on this gene, it might also be a different combination. In the end it doesn't matter for the comparison between these two genes.)  Cochlopetalum and Paphiopedilium are swtiched compared to tree a and c. This would suggest the least number of changes, where only one mutation happens during (or right before or right after) the splitting of species. If we were to follow the shape of tree based on PHYC, the LFY tree would have at least 2 mutations. Thus, in order to gain maximum parsimony, the tree needs to be different for this specific gene.",A gene tree based on PHYC (c) matches the species tree. A gene tree based on LFY (b) would cluster Paphiopedilum on a basal node of the Pardalopetalum/ Coryopedilum branch. Barbata and Cochlopetalum would be clustered separately from the previously described branch.,3
378,Describe how the topology of a gene tree based on gene LFY (b) would differ from one based on gene PHYC (c). Include the taxa that change position in the topology in your answer.,ik weet echt niet hoe ik moet beginnen met deze vraag.,A gene tree based on PHYC (c) matches the species tree. A gene tree based on LFY (b) would cluster Paphiopedilum on a basal node of the Pardalopetalum/ Coryopedilum branch. Barbata and Cochlopetalum would be clustered separately from the previously described branch.,0
379,Describe how the topology of a gene tree based on gene LFY (b) would differ from one based on gene PHYC (c). Include the taxa that change position in the topology in your answer.,"Bij figuur c zijn na de twee node twee onafhankelijke varianten ontstaan terwijl bij figuur b sprake is van reen verandering in deze verhouding, namelijk dat dit meer verspreid is. Uit figuur b zou je dus af kunnen leiden dat barbata en cochlopetalum dichter bij elkaar ''horen'' dan is afgebeeld.",A gene tree based on PHYC (c) matches the species tree. A gene tree based on LFY (b) would cluster Paphiopedilum on a basal node of the Pardalopetalum/ Coryopedilum branch. Barbata and Cochlopetalum would be clustered separately from the previously described branch.,2
380,Describe how the topology of a gene tree based on gene LFY (b) would differ from one based on gene PHYC (c). Include the taxa that change position in the topology in your answer.,"wanneer de boom gebaseerd is op LFY zullen barbata en cochlopetalum genetisch het dichtst bij elkaar liggen, en de andere groepen zullen het dichts bij elkaar liggen. Wanneer de boom gebaseerd is op PHYC zullen de pahiopedilum en barbata sterk verwant zijn, en de andere zullen sterk aan elkaar verwant zijn.",A gene tree based on PHYC (c) matches the species tree. A gene tree based on LFY (b) would cluster Paphiopedilum on a basal node of the Pardalopetalum/ Coryopedilum branch. Barbata and Cochlopetalum would be clustered separately from the previously described branch.,4
381,Describe how the topology of a gene tree based on gene LFY (b) would differ from one based on gene PHYC (c). Include the taxa that change position in the topology in your answer.,Het gen van LFY is pas later opgesplits. En omdat de genen zich op een andere plek zullen bevinden zal het overgebleven haplotype kunnen verschillen vergeleken met de topology van PHYC. De taxa Barbata en Cochlopetalum hebben hierdoor op basis van het gen LFY een ander verwantschap aan hun zustergroepen bij het gen PHYC.,A gene tree based on PHYC (c) matches the species tree. A gene tree based on LFY (b) would cluster Paphiopedilum on a basal node of the Pardalopetalum/ Coryopedilum branch. Barbata and Cochlopetalum would be clustered separately from the previously described branch.,1
382,Describe how the topology of a gene tree based on gene LFY (b) would differ from one based on gene PHYC (c). Include the taxa that change position in the topology in your answer.,"Zowel de celkern als de Phytochroom C hebben hun eigen DNA. Dit komt omdat de chloroplasten oorspronkelijk een ander organisme waren, die door de proto-plantencel zijn opgenomen. Bij de hybridizatie heeft het Phytochroom C van Paphiopedilum en Barbata het gen overgenomen van de rode lijn, terwijl de Cochlopetalum, Pardalopetalum en de Coryopedilum het gen hebben overgenomen van de blauwe lijn. Aangezien de celkernen een eigen genoom hebben, Zie je dat daar juist de Pahiopedilum, Pardalopetalum en de Coryopedilum het gen van de rode lijn hebben overge\ërfd, de Barbata en Cochlopetalum het gen van de blauwe lijn. Doordat de celkernen en Phytochroom C dus hun eigen genoom hebben, is deze verandering in positie in de topologie mogelijk.",A gene tree based on PHYC (c) matches the species tree. A gene tree based on LFY (b) would cluster Paphiopedilum on a basal node of the Pardalopetalum/ Coryopedilum branch. Barbata and Cochlopetalum would be clustered separately from the previously described branch.,3
383,Describe how the topology of a gene tree based on gene LFY (b) would differ from one based on gene PHYC (c). Include the taxa that change position in the topology in your answer.,"For the gene LFY, the red and blue gene copies occur in both lineages after the black node. For the PHYC gene, the red gene copy only occurs in the upper lineage and the blue gene copy only in the lower lineage after the black node of the gene tree. Thus, the PHYC gene tree would probably give the same result as the species tree. However, for the LFY, we would obtain in the gene tree that the Barbata and Cochlopetalum would be more closely related to each other than any of the other species, and the Paphiopedilum would be closely related to the Pardalopetalum and the Coryopedilum.",A gene tree based on PHYC (c) matches the species tree. A gene tree based on LFY (b) would cluster Paphiopedilum on a basal node of the Pardalopetalum/ Coryopedilum branch. Barbata and Cochlopetalum would be clustered separately from the previously described branch.,5
384,Describe how the topology of a gene tree based on gene LFY (b) would differ from one based on gene PHYC (c). Include the taxa that change position in the topology in your answer.,"In a tree based on gene LFY, barbata and cochlopetalum would be grouped together in contast to barbata and paphiopelidum being grouped together in a tree based on gene PHYC. As a result, in the tree based on gene LFY, pahiopelidum, pardalopetalum and coryopedilum would be grouped together.",A gene tree based on PHYC (c) matches the species tree. A gene tree based on LFY (b) would cluster Paphiopedilum on a basal node of the Pardalopetalum/ Coryopedilum branch. Barbata and Cochlopetalum would be clustered separately from the previously described branch.,3
385,Describe how the topology of a gene tree based on gene LFY (b) would differ from one based on gene PHYC (c). Include the taxa that change position in the topology in your answer.,"De barbata, pardalopetalum en coryopedilum zijn van topologie veranderd. Het gebruik van de ene boom ten opzichte van de andere boom zorgt dus voor een compleet andere topologie.",A gene tree based on PHYC (c) matches the species tree. A gene tree based on LFY (b) would cluster Paphiopedilum on a basal node of the Pardalopetalum/ Coryopedilum branch. Barbata and Cochlopetalum would be clustered separately from the previously described branch.,1
386,Describe how the topology of a gene tree based on gene LFY (b) would differ from one based on gene PHYC (c). Include the taxa that change position in the topology in your answer.,"Als je een gene tree zou maken van het LFY gen dan zouden Pahiopedilium meer verwant zijn aan Pardaloptalum en Coryopedilum in plaats van aan Barbata. Je zou dus verwachten dat Pahiopedilium van plaats zou wisselen met Cochlopetalum, omdat deze dan juist meer verwant zou zijn aan Barbata.",A gene tree based on PHYC (c) matches the species tree. A gene tree based on LFY (b) would cluster Paphiopedilum on a basal node of the Pardalopetalum/ Coryopedilum branch. Barbata and Cochlopetalum would be clustered separately from the previously described branch.,3
387,Describe how the topology of a gene tree based on gene LFY (b) would differ from one based on gene PHYC (c). Include the taxa that change position in the topology in your answer.,"A gene tree based on gene LFY would show that Cochlopetalum and Barbata are more related to each other than they are to the other species, This is because they share the same gene copy (blue) whilst the other species share the other gene copy (red).         A gene tree based on gene PHY would show that Barbata is more closely related to Paphiopedilum than to the other species (instead of Cochlopetalum). This is because for gene PHY, Barbata and Paphiopedilum share a gene copy (red) whilst all the other species (including Cochlopetalum) share the other gene copy (blue).        Depending on which gene you look at, relatedness between species changes and thus the topology of the tree changes.",A gene tree based on PHYC (c) matches the species tree. A gene tree based on LFY (b) would cluster Paphiopedilum on a basal node of the Pardalopetalum/ Coryopedilum branch. Barbata and Cochlopetalum would be clustered separately from the previously described branch.,3
388,Describe how the topology of a gene tree based on gene LFY (b) would differ from one based on gene PHYC (c). Include the taxa that change position in the topology in your answer.,bij de LFY gene tree zie je dat de blauwe en rode lijnen door elkaar lopen en bij PHYC zie je dat niet. Hierdoor zou je kunnen zeggen dat de topologie van LFY meer een geheel is en bij PHYC dat de topologie meer los van elkaar zit omdat daar de blauwe en rode lijnen niet door elkaar lopne,A gene tree based on PHYC (c) matches the species tree. A gene tree based on LFY (b) would cluster Paphiopedilum on a basal node of the Pardalopetalum/ Coryopedilum branch. Barbata and Cochlopetalum would be clustered separately from the previously described branch.,0
389,Describe how the topology of a gene tree based on gene LFY (b) would differ from one based on gene PHYC (c). Include the taxa that change position in the topology in your answer.,c is already in the right position when we look at the figure; red branching and blue branching    in b Pahphiopedilum should switch with cochlopetalum to make the correct tree,A gene tree based on PHYC (c) matches the species tree. A gene tree based on LFY (b) would cluster Paphiopedilum on a basal node of the Pardalopetalum/ Coryopedilum branch. Barbata and Cochlopetalum would be clustered separately from the previously described branch.,4
390,Describe how the topology of a gene tree based on gene LFY (b) would differ from one based on gene PHYC (c). Include the taxa that change position in the topology in your answer.,"De topologie van b en c hebben eenzelfde begin door MRCA --> most recent common ancester. Het verschil zit hem in wat daarna gebeurt. Bij LFY verstrengelen de verschillende kopi\ën met elkaar, zo lijken Paphiopedlium, Paralopetalum en Coryopedilum sterker met elkaar verwant te zijn dan de overige Barbarata en Cochlopetalum die op zich weer een groep vormen.  De topologie begint dan met de ancestor, vervolgens een lineages waarin Barbarata en Cochlopetalum zustergroepen zijn die op hetzelfde moment zijn afgesplitst. En een andere lineage waar eerst Paphiopedlium en dan de zustergroep van Paralopetalum en Coryopedilum overblijft.         Dit verschilt met PHYC waarin er een duidelijke splitsing is tussen Paphiopedlium en Barbarata, die samen een zustergroep vormen. Cochlopetalum, Paralopetalum en Coryopedilum vormen de andere lineage, waar Cochlopetalum als eerste afplitst.         Deze twee toplogi\ën verschillen dus doordat er verschillende kopie\ën door elkaar heen lopen vergeleken met het originele toplogie van a.",A gene tree based on PHYC (c) matches the species tree. A gene tree based on LFY (b) would cluster Paphiopedilum on a basal node of the Pardalopetalum/ Coryopedilum branch. Barbata and Cochlopetalum would be clustered separately from the previously described branch.,5
391,Describe how the topology of a gene tree based on gene LFY (b) would differ from one based on gene PHYC (c). Include the taxa that change position in the topology in your answer.,When looking at c we see that PHYC sort the taxa in the way their already sorted. Both monofyletic groups split up in two red and blue which is representative of the sortment. When looking at B one can see that the LFY gene shows that the taxa barbata and cochlopetalum are more closely related to each other then any other taxa meaning that the topology would use these two as a monofyletic group instead of the other taxa,A gene tree based on PHYC (c) matches the species tree. A gene tree based on LFY (b) would cluster Paphiopedilum on a basal node of the Pardalopetalum/ Coryopedilum branch. Barbata and Cochlopetalum would be clustered separately from the previously described branch.,4
392,Describe how the topology of a gene tree based on gene LFY (b) would differ from one based on gene PHYC (c). Include the taxa that change position in the topology in your answer.,"Gene trees based on gene LFY (b) and PHYC (c) share a same MRCA, therefor, we will only ook at the difference in topology after this MRCA with the differentiation of two different haplotypes. In species tree b, the blue haplotype diverges after the MRCA and ends up existing in Barbata and Cochlopedatulum. This means that if we only look at the LFY gene, Barbata and Cochlopedatulum should be sistergroups to each other, and their clade should be a sistergroup to the clade of Paphiopledatum, Pardalopetalum and Coryopedilum where the red haplotype persits. This differs from the topology based on gene PHYC where Paphiopedilum and Barbata are sistergroup clade from the other terminal nodes.",A gene tree based on PHYC (c) matches the species tree. A gene tree based on LFY (b) would cluster Paphiopedilum on a basal node of the Pardalopetalum/ Coryopedilum branch. Barbata and Cochlopetalum would be clustered separately from the previously described branch.,4
393,Describe how the topology of a gene tree based on gene LFY (b) would differ from one based on gene PHYC (c). Include the taxa that change position in the topology in your answer.,"The LFY gene tree suggests that cochlopetalum and barbata form one monophyletic group. Paphiopadilum, pardalopetalum, and coryopedilum form a sister group. The PHYC gene tree suggests that paphiopdilum and barbata form a monophyletic group, and cochlopetalum, pardalopetalum, and coryopedilum the sister group. So effectively cochlopetalum and paphiopadilum switch places in the two trees.",A gene tree based on PHYC (c) matches the species tree. A gene tree based on LFY (b) would cluster Paphiopedilum on a basal node of the Pardalopetalum/ Coryopedilum branch. Barbata and Cochlopetalum would be clustered separately from the previously described branch.,4
394,Describe how the topology of a gene tree based on gene LFY (b) would differ from one based on gene PHYC (c). Include the taxa that change position in the topology in your answer.,"In the gene tree based on the PHYC gene Paphiopedilum and Barbata would be one taxa, with Cochlopetalum,Pardalopetalum and Coryopediulum being the other. The gene tree based on LFY (b) differs in that it would put Barbata and Cochlopetalum in one taxa, and Paphiopedilum, Pardalopetalum and Coryopedilum in the other taxa.",A gene tree based on PHYC (c) matches the species tree. A gene tree based on LFY (b) would cluster Paphiopedilum on a basal node of the Pardalopetalum/ Coryopedilum branch. Barbata and Cochlopetalum would be clustered separately from the previously described branch.,3
395,Describe how the topology of a gene tree based on gene LFY (b) would differ from one based on gene PHYC (c). Include the taxa that change position in the topology in your answer.,"After the hybridization event, the gene tree based on gene LFY would have Barbata and Cochlopetalum as one clade and Paphiopedilum, Pardalopetalum and Coryopedilum as a second clade. The gene tree based on gene PHYC would see Paphiopedilum and Barbata in one clade and Cochlopetalum, Pardalopetalum and Coryopedilum as a second clade.",A gene tree based on PHYC (c) matches the species tree. A gene tree based on LFY (b) would cluster Paphiopedilum on a basal node of the Pardalopetalum/ Coryopedilum branch. Barbata and Cochlopetalum would be clustered separately from the previously described branch.,4
396,Describe how the topology of a gene tree based on gene LFY (b) would differ from one based on gene PHYC (c). Include the taxa that change position in the topology in your answer.,"Barbata and  Cochlopetalum have the blue line, and share this with each other in B. However, these taxa are in different clades based on the gene tree, even though the blue line suggests that they are closely related. This is different to C, where the blue and red lines are separated in monophyletic groups.",A gene tree based on PHYC (c) matches the species tree. A gene tree based on LFY (b) would cluster Paphiopedilum on a basal node of the Pardalopetalum/ Coryopedilum branch. Barbata and Cochlopetalum would be clustered separately from the previously described branch.,2
397,Describe how the topology of a gene tree based on gene LFY (b) would differ from one based on gene PHYC (c). Include the taxa that change position in the topology in your answer.,"ze hebben een andere most recent common ancestor. Bij b blijft de hybridization veel langer dan bij C. Daarnaast zijn de groepen bij c monofyletisch en bij b niet, hier splitsen de genen apart van elkaar        ??",A gene tree based on PHYC (c) matches the species tree. A gene tree based on LFY (b) would cluster Paphiopedilum on a basal node of the Pardalopetalum/ Coryopedilum branch. Barbata and Cochlopetalum would be clustered separately from the previously described branch.,1
398,Describe how the topology of a gene tree based on gene LFY (b) would differ from one based on gene PHYC (c). Include the taxa that change position in the topology in your answer.,"For a gene tree based on gene LFY (b), the topology would change so that the taxa Cochlopetalum would change places in the tree with the taxa Paphiopedilum. A gene tree based on PHYC (c) would stay the same as in the figure.",A gene tree based on PHYC (c) matches the species tree. A gene tree based on LFY (b) would cluster Paphiopedilum on a basal node of the Pardalopetalum/ Coryopedilum branch. Barbata and Cochlopetalum would be clustered separately from the previously described branch.,4
399,Describe how the topology of a gene tree based on gene LFY (b) would differ from one based on gene PHYC (c). Include the taxa that change position in the topology in your answer.,"Bij gen LFY zijn Barbata & Cochlopetalum nauwer verwant aan elkaar en zouden deze dus samen in een groep worden geplaatst in de boom. Ook Papniopedium zou op basis van dit gen nauwer verwant zijn aan Pardalopetalum en Coryopedium en zich bij die groep plaatsen in de boom. Op basis van gen PHYC zou je zeggen dat Cochlopetalum, Pardalopetalum en Coryopedium samen één verwant groep vormen en samen in de boom als een groep staan en dat Papniopedium en Barbata dit ook doen. ",A gene tree based on PHYC (c) matches the species tree. A gene tree based on LFY (b) would cluster Paphiopedilum on a basal node of the Pardalopetalum/ Coryopedilum branch. Barbata and Cochlopetalum would be clustered separately from the previously described branch.,4
400,Describe how the topology of a gene tree based on gene LFY (b) would differ from one based on gene PHYC (c). Include the taxa that change position in the topology in your answer.,I have no idea how to answer this question...,A gene tree based on PHYC (c) matches the species tree. A gene tree based on LFY (b) would cluster Paphiopedilum on a basal node of the Pardalopetalum/ Coryopedilum branch. Barbata and Cochlopetalum would be clustered separately from the previously described branch.,0
401,Describe how the topology of a gene tree based on gene LFY (b) would differ from one based on gene PHYC (c). Include the taxa that change position in the topology in your answer.,bij b) zie je dat de rode en blauwe lijnen door elkaar lopen en bij c) is dat niet. de topologie van LFY is dus meer geheel dan PHYC.,A gene tree based on PHYC (c) matches the species tree. A gene tree based on LFY (b) would cluster Paphiopedilum on a basal node of the Pardalopetalum/ Coryopedilum branch. Barbata and Cochlopetalum would be clustered separately from the previously described branch.,2
402,Describe how the topology of a gene tree based on gene LFY (b) would differ from one based on gene PHYC (c). Include the taxa that change position in the topology in your answer.,"bij b is paphiopedilum meer related aan pardalopetalum en coryopedilum, maar aan de hand van de splitsingen in de fylogenetische boom zou je dat niet denken. volgens c is paphiopedilum meer related aan barbata dan de rest, wat je ook zou verwachten volgens de splitsingen in de fylogenetische boom",A gene tree based on PHYC (c) matches the species tree. A gene tree based on LFY (b) would cluster Paphiopedilum on a basal node of the Pardalopetalum/ Coryopedilum branch. Barbata and Cochlopetalum would be clustered separately from the previously described branch.,2
403,Describe how the topology of a gene tree based on gene LFY (b) would differ from one based on gene PHYC (c). Include the taxa that change position in the topology in your answer.,"De topologie van een boom gebaseerd op het gen LFY verschilt in de groepen die de taxa vormen ten opzichte van een boom gebaseerd op gen PHYC. In de LFY vormen Barbata en Cochlopetalum samen een groep en Pardalopetalum, Coryopedilum en Paphiopedilum vormen samen een groep. In de PHYC boom vormen Pardalopetalum, Coryopedilum en Cochlopetalum samen een groep en Barbata en Paphiopedilum vormen samen een groep.",A gene tree based on PHYC (c) matches the species tree. A gene tree based on LFY (b) would cluster Paphiopedilum on a basal node of the Pardalopetalum/ Coryopedilum branch. Barbata and Cochlopetalum would be clustered separately from the previously described branch.,4
404,Describe how the topology of a gene tree based on gene LFY (b) would differ from one based on gene PHYC (c). Include the taxa that change position in the topology in your answer.,"The topology would be different. In the LFY gene tree, Paphiopedilum would switch with Cochlopetalum from their position in the PHYC tree.     ",A gene tree based on PHYC (c) matches the species tree. A gene tree based on LFY (b) would cluster Paphiopedilum on a basal node of the Pardalopetalum/ Coryopedilum branch. Barbata and Cochlopetalum would be clustered separately from the previously described branch.,4
405,Describe how the topology of a gene tree based on gene LFY (b) would differ from one based on gene PHYC (c). Include the taxa that change position in the topology in your answer.,"De verschillende allelen blijven bij boom b langer bij elkaar, tot de MCRA van paphiopedilum en zustergroep, en tot de MCRA van cochlopetalum en andere groepen.  Bij boom  C scheiden de allelen al na de zwarte node.",A gene tree based on PHYC (c) matches the species tree. A gene tree based on LFY (b) would cluster Paphiopedilum on a basal node of the Pardalopetalum/ Coryopedilum branch. Barbata and Cochlopetalum would be clustered separately from the previously described branch.,1
406,Describe how the topology of a gene tree based on gene LFY (b) would differ from one based on gene PHYC (c). Include the taxa that change position in the topology in your answer.,"het zijn verschillende genen en deze worden onafhankelijk van elkaar overge\ërfd naar de volgende generatie. Daarom zijn de bomen niet het zelfde, omdat het per taxa verschilt welk gen mee gaat.",A gene tree based on PHYC (c) matches the species tree. A gene tree based on LFY (b) would cluster Paphiopedilum on a basal node of the Pardalopetalum/ Coryopedilum branch. Barbata and Cochlopetalum would be clustered separately from the previously described branch.,1
407,Describe how the topology of a gene tree based on gene LFY (b) would differ from one based on gene PHYC (c). Include the taxa that change position in the topology in your answer.,"A gene tree based on gene LFY (b) would have the Barbata and Cochlopetalum placed in one group instead instead of two separate ones after hybridisation (like in c). The Paphiopedilum would be placed in one group with the Pardalopetalum and Coryopedilum. So, the Cochlopetalum and the Paphiopedilum switch places.",A gene tree based on PHYC (c) matches the species tree. A gene tree based on LFY (b) would cluster Paphiopedilum on a basal node of the Pardalopetalum/ Coryopedilum branch. Barbata and Cochlopetalum would be clustered separately from the previously described branch.,3
408,Describe how the topology of a gene tree based on gene LFY (b) would differ from one based on gene PHYC (c). Include the taxa that change position in the topology in your answer.,"Je kunt als verschil tussen deze twee zien dat bij b bij hybridisatie 2 gen variaties zijn uitgekomen en bij c maar 1.  Hierna splitst het ook in twee takken. Dit kan gebeuren door variaties in de sequenties die mogelijk op mutaties gebaseerd zijn, maar mogelijk ook op bepaalde evolutionaire gebeurtenissen van de genen zoals selectiedruk. Wanneer de genvariaties dus te divers zijn zullen ze splitsen. Deze genen van b en c vertonen dus ook andere soorten verwantschappen zoals bij c monofyletische en bij b onder andere polyfyletische doordat beide genvariaties zijn doorgedragen.",A gene tree based on PHYC (c) matches the species tree. A gene tree based on LFY (b) would cluster Paphiopedilum on a basal node of the Pardalopetalum/ Coryopedilum branch. Barbata and Cochlopetalum would be clustered separately from the previously described branch.,1
409,Describe how the topology of a gene tree based on gene LFY (b) would differ from one based on gene PHYC (c). Include the taxa that change position in the topology in your answer.,"The topology of the gene tree will change, since these taxa have different associations compared to their sister taxa depending on which gene is used for the comparison. If only LFY is used, then Barbata and Choclopetalum would be assumed to group together, with Paphiopedilum, Pardalopetalum and Coryopedilum in the other group. However, if only PHYC is used, then Paphiopedilum and Barbata are assumed to group together, with Cochlopetalum, Pardalopetalum and Coryopedilum in the other group.",A gene tree based on PHYC (c) matches the species tree. A gene tree based on LFY (b) would cluster Paphiopedilum on a basal node of the Pardalopetalum/ Coryopedilum branch. Barbata and Cochlopetalum would be clustered separately from the previously described branch.,4
410,Describe how the topology of a gene tree based on gene LFY (b) would differ from one based on gene PHYC (c). Include the taxa that change position in the topology in your answer.,"Barbata wordt omgewisseld met Pardalopetalum en Coryopedilum in gene based tree (b). Dit komt, omdat de taxa op basis van het gen b, niet op de juiste positie zijn geplaatst in de boom.",A gene tree based on PHYC (c) matches the species tree. A gene tree based on LFY (b) would cluster Paphiopedilum on a basal node of the Pardalopetalum/ Coryopedilum branch. Barbata and Cochlopetalum would be clustered separately from the previously described branch.,3
411,Describe how the topology of a gene tree based on gene LFY (b) would differ from one based on gene PHYC (c). Include the taxa that change position in the topology in your answer.,"Volgens LFY zijn Barbata en Cochlopetalum nauwer verwant dan de andere drie, terwijl bij PHYC Barbata nauwer verwant is aan Paphiopedilum.",A gene tree based on PHYC (c) matches the species tree. A gene tree based on LFY (b) would cluster Paphiopedilum on a basal node of the Pardalopetalum/ Coryopedilum branch. Barbata and Cochlopetalum would be clustered separately from the previously described branch.,2
412,Describe how the topology of a gene tree based on gene LFY (b) would differ from one based on gene PHYC (c). Include the taxa that change position in the topology in your answer.,"The tree based on LFY suggests first isolation, then hybridization, during which the two different LFY genotypes were mixed among populations. After hybridization, the two types would be spread over the populations, with the red genotype being more common in the populations which would have brought forward Parphiopelium, Pardalopedium and Coryopedilum. A phylogenetic tree based on this gene, would be most parsimonious if these three would be closest related to each other.     The PHYC genotypes would give a tree in which the aforementioned species would not form a clade. These genotypes spread differently over the populations during hybridization, Paphiopedilum and Barbata would form a monophyletic clade within that tree.",A gene tree based on PHYC (c) matches the species tree. A gene tree based on LFY (b) would cluster Paphiopedilum on a basal node of the Pardalopetalum/ Coryopedilum branch. Barbata and Cochlopetalum would be clustered separately from the previously described branch.,4
413,Describe how the topology of a gene tree based on gene LFY (b) would differ from one based on gene PHYC (c). Include the taxa that change position in the topology in your answer.,"In a topology based on gene LFY Barbarata and Cochlopetalum would chare a MRCA that lived after the hybridization and the rest of the species would share a different MRCA. In a topology based on gene PHYC paphiopedilum and Barbarata would share a MRCA, while the rest of the species would share a different MRCA. The difference between the topologies on the genes LFY and PHYC would be that Barabarata would be the most related to Cochlopetalum in stead of Paphiopedilum.",A gene tree based on PHYC (c) matches the species tree. A gene tree based on LFY (b) would cluster Paphiopedilum on a basal node of the Pardalopetalum/ Coryopedilum branch. Barbata and Cochlopetalum would be clustered separately from the previously described branch.,4
414,Describe how the topology of a gene tree based on gene LFY (b) would differ from one based on gene PHYC (c). Include the taxa that change position in the topology in your answer.,"The topology kan veranderen door de verschillende benodigsheden. In c kan je zien dat het gen belangrijk is geweest voor de maan van verschillende soorten en is dus een eigenschap dat dus alleen voor die soort nuttig is, terwijl in b is het eerder een gen dat voor een omgeving nuttig kan zijn en kan dus plaatsvinden en anders kan het misschien ook teveel competitie zijn voor iets als het allemaal in dezelfde soort plaatvind",A gene tree based on PHYC (c) matches the species tree. A gene tree based on LFY (b) would cluster Paphiopedilum on a basal node of the Pardalopetalum/ Coryopedilum branch. Barbata and Cochlopetalum would be clustered separately from the previously described branch.,0
415,Describe how the topology of a gene tree based on gene LFY (b) would differ from one based on gene PHYC (c). Include the taxa that change position in the topology in your answer.,De taxa Barbata en Pardalopetalum +Coryopedilum veranderen van plaats in b. Hierdoor zijn andere taxa nauwer aan elkaar verwant.,A gene tree based on PHYC (c) matches the species tree. A gene tree based on LFY (b) would cluster Paphiopedilum on a basal node of the Pardalopetalum/ Coryopedilum branch. Barbata and Cochlopetalum would be clustered separately from the previously described branch.,2
416,"Based on the abovementioned results, explain why pseudogenes evolve faster than their functional counterparts and why this pattern is different for the third position in codons.","Pseudogenen evolueren sneller dan functionele genen, dit komt omdat er geen selectiedruk zit op deze genen omdat ze toch niet functioneel zijn en dus niet gecontroleerd worden op errors. Dit is anders voor de derde positie in een codon, omdat een verandering in deze positie meestal niet zorgt voor een verandering in aminozuur.","Pseudogenes evolve faster than their functional counterparts, because some mutations at functional genes will be deleterious since they affect the function of the gene. In contrast, all of the mutations at pseudogenes should be neutral. Given that the substitution rate of deleterious mutations is much lower than that of neutral mutations, the lack of functional constraint allows pseudogenes to evolve faster than the functional genes. This difference is smallest at the third codon position. We can infer that pseudogenes are evolving neutrally and that the evolution of functional genes is slowed by functional constraint. This constraint is less apparent for the third codon position.",3
417,"Based on the abovementioned results, explain why pseudogenes evolve faster than their functional counterparts and why this pattern is different for the third position in codons.","De pseudogenen evolueren sneller dan hun functionele tegenhangers omdat ze hun originele functie hebben verloren en niet functioneel zijn. De mutaties die er ontstaan zullen dus geen aantoonbare gevolgen hebben waardoor ze kunnen blijven voortbestaan. Meer mutaties betekent meer evolutionaire verandering. Het geval is anders bij de derde positie in codons, want deze bepaalt het aminozuur. Als hier iets verandert (bv. muteert) kan de functie van het eiwit veranderen en dit leidt tot aanneembare veranderingen. Deze evolueren dan ook minder snel.","Pseudogenes evolve faster than their functional counterparts, because some mutations at functional genes will be deleterious since they affect the function of the gene. In contrast, all of the mutations at pseudogenes should be neutral. Given that the substitution rate of deleterious mutations is much lower than that of neutral mutations, the lack of functional constraint allows pseudogenes to evolve faster than the functional genes. This difference is smallest at the third codon position. We can infer that pseudogenes are evolving neutrally and that the evolution of functional genes is slowed by functional constraint. This constraint is less apparent for the third codon position.",2
418,"Based on the abovementioned results, explain why pseudogenes evolve faster than their functional counterparts and why this pattern is different for the third position in codons.","If a functional gene has a significant effect on the fitness, it will be under the influence of selection. The reason is that a deleterous or otherwise harmful mutation inside this gene can result in the inability to produce the protein the gene codes for. Organisms with these mutations will thus have a decreased fitness, if they are even viable at all, depending on the importance of this protein for this organism. Only mutations that are neutral (synonymous) or beneficial are thus expected to be able to accumulate over time as any individual with non-synonymous mutations will be strongly selected against. In contrast, a pseudogene is thought to have lost its function. This means that any kind of mutation that might occur, will have virtually no effect. Whether that mutation is synonymous or non-synonymous, it does not influence the fitness of the organism, and thus mutations are free to accumulate over time.*It is interesting to note here that because of gene duplication, it is possible for one gene to accumulate disadvantageous mutations as its counterpart is enough to take over its function allowing for the continuation of the production of the protein in question. In certain situations, the other gene can thus become a pseudogene.*As for why the third position of a codon does not differ as much in number of accumulated mutations, one has to understand that there are many more codons than amino acids. In practise this means that multiple different codons often encode for the same amino acid. The first and second position are most important for determining the identity of amino acid it translates to, but the third base often has little influence. This allows for more freedom for synonymous mutations to occur at the third position than at the first or second. At the third position, there will thus be less selection against any random mutation that might occur within a functional gene.Side note, because of this quirk that the third base does not matter much, it is sometimes referred to as the \""wobble base\"".","Pseudogenes evolve faster than their functional counterparts, because some mutations at functional genes will be deleterious since they affect the function of the gene. In contrast, all of the mutations at pseudogenes should be neutral. Given that the substitution rate of deleterious mutations is much lower than that of neutral mutations, the lack of functional constraint allows pseudogenes to evolve faster than the functional genes. This difference is smallest at the third codon position. We can infer that pseudogenes are evolving neutrally and that the evolution of functional genes is slowed by functional constraint. This constraint is less apparent for the third codon position.",5
419,"Based on the abovementioned results, explain why pseudogenes evolve faster than their functional counterparts and why this pattern is different for the third position in codons.","Pseudogenen hebben geen functie meer. Hierdoor zijn deze genen ook niet gevoelig voor eventuele selectie druk. Daarnaast hebben pseudogenen een hogere mutatie rate, dit draagt ook bij aan het feit dat pseudogenen sneller evolueren. Dit is anders voor de derde positie omdat dit vaak een synonieme verandering is. Dat betekent dat de verandering van een base niet leidt tot een ander aminozuur.","Pseudogenes evolve faster than their functional counterparts, because some mutations at functional genes will be deleterious since they affect the function of the gene. In contrast, all of the mutations at pseudogenes should be neutral. Given that the substitution rate of deleterious mutations is much lower than that of neutral mutations, the lack of functional constraint allows pseudogenes to evolve faster than the functional genes. This difference is smallest at the third codon position. We can infer that pseudogenes are evolving neutrally and that the evolution of functional genes is slowed by functional constraint. This constraint is less apparent for the third codon position.",3
420,"Based on the abovementioned results, explain why pseudogenes evolve faster than their functional counterparts and why this pattern is different for the third position in codons.","pseudogenes are not functional for the organisms fitness, and is therefore under less selective pressure, therefore mutations can happen without it having any consequences. As for the third position in codons: the third codon often does not change the amino acid even if it changes, and therefore has less selective pressure than the first 2 positions.","Pseudogenes evolve faster than their functional counterparts, because some mutations at functional genes will be deleterious since they affect the function of the gene. In contrast, all of the mutations at pseudogenes should be neutral. Given that the substitution rate of deleterious mutations is much lower than that of neutral mutations, the lack of functional constraint allows pseudogenes to evolve faster than the functional genes. This difference is smallest at the third codon position. We can infer that pseudogenes are evolving neutrally and that the evolution of functional genes is slowed by functional constraint. This constraint is less apparent for the third codon position.",3
421,"Based on the abovementioned results, explain why pseudogenes evolve faster than their functional counterparts and why this pattern is different for the third position in codons.","pseudogenes hebben geen functie, normale genen wel, hierbij heb je ook te maken met selectie. De genen die het meest voordelig zijn blijven in de populatie. Bij pseudogenen heb je hier geen last van, omdat ze toch niet functioneel zijn. Mutaties worden hierbij niet uit de populatie gehaald en kunnen dus veel sneller door blijven evolueren bij een opeenstapeling van mutaties. Als de mutatie op de derde positie in het codon zit heeeft de mutatie meestal geen effect omdat het aminozuur dan meestal hetzelfde blijft.","Pseudogenes evolve faster than their functional counterparts, because some mutations at functional genes will be deleterious since they affect the function of the gene. In contrast, all of the mutations at pseudogenes should be neutral. Given that the substitution rate of deleterious mutations is much lower than that of neutral mutations, the lack of functional constraint allows pseudogenes to evolve faster than the functional genes. This difference is smallest at the third codon position. We can infer that pseudogenes are evolving neutrally and that the evolution of functional genes is slowed by functional constraint. This constraint is less apparent for the third codon position.",3
422,"Based on the abovementioned results, explain why pseudogenes evolve faster than their functional counterparts and why this pattern is different for the third position in codons.","Pseudogenes are free of purifying selection, because they are nonfunctional, which means that they accumulate selectively neutral differences more rapidly. Pseudogenes do not produce a gene product, so mutations in their DNA will be selectively neutral, which results in rapid evolving. The third position in codons is often the same for many codons, which results very often in no chance in aminoacid. The mutations in the third codon are thus not often prone to evolution, because there is not a lot of change for further processes. ","Pseudogenes evolve faster than their functional counterparts, because some mutations at functional genes will be deleterious since they affect the function of the gene. In contrast, all of the mutations at pseudogenes should be neutral. Given that the substitution rate of deleterious mutations is much lower than that of neutral mutations, the lack of functional constraint allows pseudogenes to evolve faster than the functional genes. This difference is smallest at the third codon position. We can infer that pseudogenes are evolving neutrally and that the evolution of functional genes is slowed by functional constraint. This constraint is less apparent for the third codon position.",2
423,"Based on the abovementioned results, explain why pseudogenes evolve faster than their functional counterparts and why this pattern is different for the third position in codons.","Pseudogenes evolve faster due to lack of selection, relaxed selective pressures, and increased genetic drift. Synonymous mutations at the third position in codons are less constrained by selection, yet subject to codon bias and translation efficiency, resulting in a different evolutionary pattern. Overall, pseudogenes accumulate mutations more rapidly than functional genes, while the third position in codons experiences a mix of relaxed selection and translational constraints, influencing their respective rates of evolution.","Pseudogenes evolve faster than their functional counterparts, because some mutations at functional genes will be deleterious since they affect the function of the gene. In contrast, all of the mutations at pseudogenes should be neutral. Given that the substitution rate of deleterious mutations is much lower than that of neutral mutations, the lack of functional constraint allows pseudogenes to evolve faster than the functional genes. This difference is smallest at the third codon position. We can infer that pseudogenes are evolving neutrally and that the evolution of functional genes is slowed by functional constraint. This constraint is less apparent for the third codon position.",2
424,"Based on the abovementioned results, explain why pseudogenes evolve faster than their functional counterparts and why this pattern is different for the third position in codons.","pseudogenes spelen geen functionele rol in het organismen, mutaties hopen zich op maar hebben geen invloed op het organisme. 3e positie codons hebben meestal ook geen invloed maar de aminozuren die eruit komen hebben nog wel invloed op het organisme","Pseudogenes evolve faster than their functional counterparts, because some mutations at functional genes will be deleterious since they affect the function of the gene. In contrast, all of the mutations at pseudogenes should be neutral. Given that the substitution rate of deleterious mutations is much lower than that of neutral mutations, the lack of functional constraint allows pseudogenes to evolve faster than the functional genes. This difference is smallest at the third codon position. We can infer that pseudogenes are evolving neutrally and that the evolution of functional genes is slowed by functional constraint. This constraint is less apparent for the third codon position.",1
425,"Based on the abovementioned results, explain why pseudogenes evolve faster than their functional counterparts and why this pattern is different for the third position in codons.","Pseudogenen evolueren sneller dan hun functionele counterparts, aangezien een verandering in een niet functioneel gen amper verschil zal maken voor het organisme, terwijl een verandering in het functionele gen meestal leidt tot een nadelig effect voor het organisme. Dit nadelige effect zorgt ervoor dat mutaties die in zo'n functioneel gen plaatsvinden vaker leiden tot de dood van het organisme, waardoor dat gen minder vaak wordt doorgegeven aan de nakomelingen. Hierdoor komt de verandering in zo'n functioneel gen dus minder snel en vaak in de populatie terecht, waardoor de verandering in dat gen minder vaak leidt tot een evolutionaire verandering van dat gen. Functionele genen evolueren dus minder snel, omdat een verandering meestal een negatief effect heeft op het individu en dus ook op de populatie. Bij pseudogenen kan er een mutatie plaatsvinden, die simpelweg door genetische drift (dus door toeval) in de populatie kan komen. Aangezien dat gen niet functioneel is, zal een verandering in dat gen dus ook geen negatieve effecten hebben voor het organisme, waardoor het door toeval vaker wordt doorgegeven aan nakomelingen, waardoor het vaker in de populatie zal komen, waardoor dit pseudogen dus sneller evolueert dan een functioneel gen.De derde positie in een codon fungeert als wobbel base, dus een verandering op deze plaats zal dus minder vaak leiden tot een verandering van het eiwit, omdat er bij een verandering op die plek de kans groot is dat hetzelfde aminozuur wordt gebonden. Een verandering op de derde plek van een codon zal dus minder snel leiden tot een functionele verandering, waardoor die verandering door toeval in de populatie kan komen. Er zal dus vaker een mutatie plaatsvinden op de derde plek dan op de eerste twee plekken, want een verandering op de eerste twee plekken zal vaker leiden tot een nadelig effect op het organisme. ","Pseudogenes evolve faster than their functional counterparts, because some mutations at functional genes will be deleterious since they affect the function of the gene. In contrast, all of the mutations at pseudogenes should be neutral. Given that the substitution rate of deleterious mutations is much lower than that of neutral mutations, the lack of functional constraint allows pseudogenes to evolve faster than the functional genes. This difference is smallest at the third codon position. We can infer that pseudogenes are evolving neutrally and that the evolution of functional genes is slowed by functional constraint. This constraint is less apparent for the third codon position.",3
426,"Based on the abovementioned results, explain why pseudogenes evolve faster than their functional counterparts and why this pattern is different for the third position in codons.","Pseudogenes are no longer functional so they are not transcribed/translated to proteins. Therefore mutations in pseudogenes are less likely to be deleterious. When, on the other hand, mutations occur in coding genes, the shape and therefore function of the protein will likely be altered, which has a negative effect on fitness in most cases. A mutation at the third position will not always change the amino acid, so the effect will be much smaller than a mutation in the first or second position, since those positions of the codon determine which amino acid will be added in transcription. ","Pseudogenes evolve faster than their functional counterparts, because some mutations at functional genes will be deleterious since they affect the function of the gene. In contrast, all of the mutations at pseudogenes should be neutral. Given that the substitution rate of deleterious mutations is much lower than that of neutral mutations, the lack of functional constraint allows pseudogenes to evolve faster than the functional genes. This difference is smallest at the third codon position. We can infer that pseudogenes are evolving neutrally and that the evolution of functional genes is slowed by functional constraint. This constraint is less apparent for the third codon position.",2
427,"Based on the abovementioned results, explain why pseudogenes evolve faster than their functional counterparts and why this pattern is different for the third position in codons.","Pseudogenen evolueren sneller omdat er geen selectie is tegen deleterious mutaties. Als er bij een functioneel gen een negatieve mutatie optreedt zal dit namelijk snel weer verdwijnen doordat ertegen wordt geselecteerd. Dit patroon is echter wel anders voor de derde positie van het codon. Dit komt doordat de derde positie van het codon in functionele genen niet vaak voor een deleterious mutatie zorgt, omdat de derde positie vaak niet het aminozuur waar het codon voor codeert beinvloedt. Hierdoor zal er geen selectie tegen deze mutaties plaatsvinden.","Pseudogenes evolve faster than their functional counterparts, because some mutations at functional genes will be deleterious since they affect the function of the gene. In contrast, all of the mutations at pseudogenes should be neutral. Given that the substitution rate of deleterious mutations is much lower than that of neutral mutations, the lack of functional constraint allows pseudogenes to evolve faster than the functional genes. This difference is smallest at the third codon position. We can infer that pseudogenes are evolving neutrally and that the evolution of functional genes is slowed by functional constraint. This constraint is less apparent for the third codon position.",3
428,"Based on the abovementioned results, explain why pseudogenes evolve faster than their functional counterparts and why this pattern is different for the third position in codons.","Pseudogenen evolueren sneller omdat deze zich niet onder een selectieve constraint bevinden, en de mutaties daarom niet snel verdwijnen. Loci waar een functie aanhangt bevatten vaak wel deze constraint en zal puryfing ondergaan, hierdoor veranderd de sequentie niet zomaar. Voor de derde positie is dit anders, omdat de derde positie vaak coderend is voor het aminozuur, dit heeft dus ook een belangrijke functie en hier word daarom ook meer op geselecteerd. ","Pseudogenes evolve faster than their functional counterparts, because some mutations at functional genes will be deleterious since they affect the function of the gene. In contrast, all of the mutations at pseudogenes should be neutral. Given that the substitution rate of deleterious mutations is much lower than that of neutral mutations, the lack of functional constraint allows pseudogenes to evolve faster than the functional genes. This difference is smallest at the third codon position. We can infer that pseudogenes are evolving neutrally and that the evolution of functional genes is slowed by functional constraint. This constraint is less apparent for the third codon position.",2
429,"Based on the abovementioned results, explain why pseudogenes evolve faster than their functional counterparts and why this pattern is different for the third position in codons.","Pseudogenes are not contrained by functionality, and can therefore undergo nonsynonomous mutations without it affecting the fitness (to a degree that matters). Non-pseudogenes do not have the same luxury, and any mutation that is nonsynonomous is most likely deleterous (as explained by the natrual molecular evolution theory), and thus will have a lower fitness, causing negative natrual selective on most mutations.However, comared to the first and second positions, the third position in a codon is most of the time less deciding for that amino acid will be placed in the protein. Thus, most mutations on the third position in a codon are synonomous, meaning that there is less natrual selection on mutations that happen on the third position in a codon compared to the first and second positions. This in turn explains the difference in pattern, as the causation for natrual selection of the actual gene compared to the pseudogene is less present on the third codon, causing a much smaller disparity between the two specifically on the thrid position in their codons.","Pseudogenes evolve faster than their functional counterparts, because some mutations at functional genes will be deleterious since they affect the function of the gene. In contrast, all of the mutations at pseudogenes should be neutral. Given that the substitution rate of deleterious mutations is much lower than that of neutral mutations, the lack of functional constraint allows pseudogenes to evolve faster than the functional genes. This difference is smallest at the third codon position. We can infer that pseudogenes are evolving neutrally and that the evolution of functional genes is slowed by functional constraint. This constraint is less apparent for the third codon position.",4
430,"Based on the abovementioned results, explain why pseudogenes evolve faster than their functional counterparts and why this pattern is different for the third position in codons.","When a gene has lost it function, such as a pseudogene, it won't have any results if there is a change in the nucleotide sequence. Therefore it can change faster. In normal genes changes in the third position usually do not lead to a significant effect,t ehrefore this can also change faster.","Pseudogenes evolve faster than their functional counterparts, because some mutations at functional genes will be deleterious since they affect the function of the gene. In contrast, all of the mutations at pseudogenes should be neutral. Given that the substitution rate of deleterious mutations is much lower than that of neutral mutations, the lack of functional constraint allows pseudogenes to evolve faster than the functional genes. This difference is smallest at the third codon position. We can infer that pseudogenes are evolving neutrally and that the evolution of functional genes is slowed by functional constraint. This constraint is less apparent for the third codon position.",1
431,"Based on the abovementioned results, explain why pseudogenes evolve faster than their functional counterparts and why this pattern is different for the third position in codons.",Pseudogenes are nonfunctional duplicates of functional genes. Because they are non-functional mutations have less effect on fitness> so therefore they can evolve faster than their functional counterparts. Often when a third codon mutates it is not such a problem as  this is often a synonemous mutation. ,"Pseudogenes evolve faster than their functional counterparts, because some mutations at functional genes will be deleterious since they affect the function of the gene. In contrast, all of the mutations at pseudogenes should be neutral. Given that the substitution rate of deleterious mutations is much lower than that of neutral mutations, the lack of functional constraint allows pseudogenes to evolve faster than the functional genes. This difference is smallest at the third codon position. We can infer that pseudogenes are evolving neutrally and that the evolution of functional genes is slowed by functional constraint. This constraint is less apparent for the third codon position.",3
432,"Based on the abovementioned results, explain why pseudogenes evolve faster than their functional counterparts and why this pattern is different for the third position in codons.",Pseudogenes evolve faster as they are non-functional and thus don't have as much of an impact on the fitness of the organism. The third position codons have the highest diversion rate since third postion changes have no influence on the amino acid sequence in most cases.,"Pseudogenes evolve faster than their functional counterparts, because some mutations at functional genes will be deleterious since they affect the function of the gene. In contrast, all of the mutations at pseudogenes should be neutral. Given that the substitution rate of deleterious mutations is much lower than that of neutral mutations, the lack of functional constraint allows pseudogenes to evolve faster than the functional genes. This difference is smallest at the third codon position. We can infer that pseudogenes are evolving neutrally and that the evolution of functional genes is slowed by functional constraint. This constraint is less apparent for the third codon position.",3
433,"Based on the abovementioned results, explain why pseudogenes evolve faster than their functional counterparts and why this pattern is different for the third position in codons.","Pseudogenen zijn genen die hun erfelijke eigenschappen niet tot expressie kunnen brengen. Hierdoor is er geen sprake van selectiedruk op de expressie van de genen, waardoor de kans op mutaties groter is. Omdat de derde positie vaak geen invloed uitoefent op de vorming van een aminozuur, en daarmee de vorming van een eiwit, is de selectiedruk bij genen die wél tot expressie komen op deze positie erg laag. Hierdoor is het verschil op de derde positie tussen de 2 muizen heel klein.","Pseudogenes evolve faster than their functional counterparts, because some mutations at functional genes will be deleterious since they affect the function of the gene. In contrast, all of the mutations at pseudogenes should be neutral. Given that the substitution rate of deleterious mutations is much lower than that of neutral mutations, the lack of functional constraint allows pseudogenes to evolve faster than the functional genes. This difference is smallest at the third codon position. We can infer that pseudogenes are evolving neutrally and that the evolution of functional genes is slowed by functional constraint. This constraint is less apparent for the third codon position.",3
434,"Based on the abovementioned results, explain why pseudogenes evolve faster than their functional counterparts and why this pattern is different for the third position in codons.","Pseudogenes evolve faster than their functional counterparts because at least one of the genes is no longer functional and therefor free of restraints. As most mutations are deleterious, most of mutations are not replicated in reprouduction as they have negative effect on the reproduciton. Pseudogenes are no longer function and therefor cannot have negative effects on reproduction and no longer have this functional constraint. They can mutate 'freely' and thus mutate a lot faster than functional counterparts that do have this functional countstraint. In the third position fo the codon there is a lot more variety possible for the codon to change its third base whilst still being able to code for the same amino acid. These mutations are neutral and are not being restricted by any constraints as there is (often) no different or deleterious effect of a mutation on the thirds base for the coding of amino acids and therefor the fenotypical presentation.","Pseudogenes evolve faster than their functional counterparts, because some mutations at functional genes will be deleterious since they affect the function of the gene. In contrast, all of the mutations at pseudogenes should be neutral. Given that the substitution rate of deleterious mutations is much lower than that of neutral mutations, the lack of functional constraint allows pseudogenes to evolve faster than the functional genes. This difference is smallest at the third codon position. We can infer that pseudogenes are evolving neutrally and that the evolution of functional genes is slowed by functional constraint. This constraint is less apparent for the third codon position.",4
435,"Based on the abovementioned results, explain why pseudogenes evolve faster than their functional counterparts and why this pattern is different for the third position in codons.","pseudogenen zijn genen die geen functie meer hebben. Ze zijn dus niet deleterious (of beneficial), hierdoor zullen ze niet snel verdwijnen. Het derde basepaar in een codon kan ook verschillen en alsnog het zelfde aminozuur geven. Er verandert dan niks aan de functie van het eiwit dat er uit ontstaat. Daarom is er meer ruimte voor het derde basepaar voor mutaties. De mutaties zullen namelijk vaak neutraal zijn en geen functie hebben. ","Pseudogenes evolve faster than their functional counterparts, because some mutations at functional genes will be deleterious since they affect the function of the gene. In contrast, all of the mutations at pseudogenes should be neutral. Given that the substitution rate of deleterious mutations is much lower than that of neutral mutations, the lack of functional constraint allows pseudogenes to evolve faster than the functional genes. This difference is smallest at the third codon position. We can infer that pseudogenes are evolving neutrally and that the evolution of functional genes is slowed by functional constraint. This constraint is less apparent for the third codon position.",3
436,"Based on the abovementioned results, explain why pseudogenes evolve faster than their functional counterparts and why this pattern is different for the third position in codons.","pseudogenen evolueren sneller omdat ze minder functionele beperkingen ervaren, terwijl de derde positie in codons sneller evolueert omdat mutaties op deze positie vaak synoniem zijn en weinig effect hebben op de functionaliteit van het gecodeerde eiwit.","Pseudogenes evolve faster than their functional counterparts, because some mutations at functional genes will be deleterious since they affect the function of the gene. In contrast, all of the mutations at pseudogenes should be neutral. Given that the substitution rate of deleterious mutations is much lower than that of neutral mutations, the lack of functional constraint allows pseudogenes to evolve faster than the functional genes. This difference is smallest at the third codon position. We can infer that pseudogenes are evolving neutrally and that the evolution of functional genes is slowed by functional constraint. This constraint is less apparent for the third codon position.",3
437,"Based on the abovementioned results, explain why pseudogenes evolve faster than their functional counterparts and why this pattern is different for the third position in codons.","Ik snap het plaatje niet helemaal, maar het zal iets te maken hebben dat de derde positie van een codon vaker kan veranderd, zonder daar een verandering mee in het aminozuur aan te richten. Kortom het effect van de mutatie is klein. Alleen is bij pseudogenen dit niet echt zichtbaar en heeft de eerste en tweede positie van het codon dezelfde of zelfs meer substituties. Deze substituties hebben eigenlijk altijd het effect dat er een ander aminozuur ontstaat waarmee de kans ook groot is dat er een stopcodon gecreëerd wordt. Kortom kortom door een hogere substitutuie rate met groot effect evolueert deze sequentie zich sneller dan de andere. Het effect van deze mutaties is dus groot en meer tov de mutaties op het derde positie van een codon van een andere sequentie. ","Pseudogenes evolve faster than their functional counterparts, because some mutations at functional genes will be deleterious since they affect the function of the gene. In contrast, all of the mutations at pseudogenes should be neutral. Given that the substitution rate of deleterious mutations is much lower than that of neutral mutations, the lack of functional constraint allows pseudogenes to evolve faster than the functional genes. This difference is smallest at the third codon position. We can infer that pseudogenes are evolving neutrally and that the evolution of functional genes is slowed by functional constraint. This constraint is less apparent for the third codon position.",1
438,"Based on the abovementioned results, explain why pseudogenes evolve faster than their functional counterparts and why this pattern is different for the third position in codons.","Bij functionele genen heeft mutatie in de eerste of tweede positie een grote kans op verandering van het aminozuur en vervolgens het eiwit. Een mutatie op de derde positie heeft niet zo vaak invloed daar op. In de meeste gevallen heeft een mutatie een negatief effect op het organisme. Deze mutatie worden dus vaker uit de populatie geselecteerd en mutatie op de derde positie niet, want die hebben niet veel effect. Daarom is de mutatie rate bij de derde locatie hoger dan bij de eerste en tweede locatie. Pseudogenen hebben niet een functie, dus als daar een mutatie plaatsvindt heeft dat geen effect op het organisme en daarom is de mutatie rate bij pseudogenen bij de drie posities ongeveer gelijk.","Pseudogenes evolve faster than their functional counterparts, because some mutations at functional genes will be deleterious since they affect the function of the gene. In contrast, all of the mutations at pseudogenes should be neutral. Given that the substitution rate of deleterious mutations is much lower than that of neutral mutations, the lack of functional constraint allows pseudogenes to evolve faster than the functional genes. This difference is smallest at the third codon position. We can infer that pseudogenes are evolving neutrally and that the evolution of functional genes is slowed by functional constraint. This constraint is less apparent for the third codon position.",2
439,"Based on the abovementioned results, explain why pseudogenes evolve faster than their functional counterparts and why this pattern is different for the third position in codons.",In tabel 1 zien we dat bij pseudogenen (Between O and A) de eerste positie in een codon vaker een nucleotide substitutie laten zien vergeleken met functionele genen (Between O and B). Dit zorgt ervoor dat pseudogenen sneller evolueren dan de functionele genen. De reden dat dit patroon anders is voor de derde positie is omdat mutaties op deze positie waarschijnlijker synoniem zijn. Deze mutatie zal hoogstwaarschijnlijk niet resulteren in een ander aminozuur. ,"Pseudogenes evolve faster than their functional counterparts, because some mutations at functional genes will be deleterious since they affect the function of the gene. In contrast, all of the mutations at pseudogenes should be neutral. Given that the substitution rate of deleterious mutations is much lower than that of neutral mutations, the lack of functional constraint allows pseudogenes to evolve faster than the functional genes. This difference is smallest at the third codon position. We can infer that pseudogenes are evolving neutrally and that the evolution of functional genes is slowed by functional constraint. This constraint is less apparent for the third codon position.",3
440,"Based on the abovementioned results, explain why pseudogenes evolve faster than their functional counterparts and why this pattern is different for the third position in codons.","Pseudogenes don't code for any functional proteins, so any mutation is therefore neutral. In functional genes however, mutations in especially the first and second base of a codon are more often deleterious and will be selected against. The third base is a wobble base, meaning if a mutation happens, the amino acid will likely still be the same and will not be selected against. So in pseudogenes and functional genes, the mutation rate of the first two bases differs much more than the mutation rate of the third.","Pseudogenes evolve faster than their functional counterparts, because some mutations at functional genes will be deleterious since they affect the function of the gene. In contrast, all of the mutations at pseudogenes should be neutral. Given that the substitution rate of deleterious mutations is much lower than that of neutral mutations, the lack of functional constraint allows pseudogenes to evolve faster than the functional genes. This difference is smallest at the third codon position. We can infer that pseudogenes are evolving neutrally and that the evolution of functional genes is slowed by functional constraint. This constraint is less apparent for the third codon position.",4
441,"Based on the abovementioned results, explain why pseudogenes evolve faster than their functional counterparts and why this pattern is different for the third position in codons.","Pseudogenen hebben geen functie doordat ze niet tot expressie komen en dus geen erfelijke eigenschappen doorgeven. Hierdoor zitten er geen consequenties aan mutaties ook niet al ze slecht zijn en zullen ze sneller evolueren in vergelijking met andere genen. Er werkt hierdoor ook een lagere selectiedruk op pseudogenen dan op functionerende genen. De derde positie op codons evolueert van zichzelf al meer dan de ander twee posities, omdat sommige mutaties niet meteen zorgen voor een verschil in bijvoorbeeld aminozuren. Door dit verschilt ook het patroon van de evolutie van pseudogenen op de derde positie gezien de andere twee posities.","Pseudogenes evolve faster than their functional counterparts, because some mutations at functional genes will be deleterious since they affect the function of the gene. In contrast, all of the mutations at pseudogenes should be neutral. Given that the substitution rate of deleterious mutations is much lower than that of neutral mutations, the lack of functional constraint allows pseudogenes to evolve faster than the functional genes. This difference is smallest at the third codon position. We can infer that pseudogenes are evolving neutrally and that the evolution of functional genes is slowed by functional constraint. This constraint is less apparent for the third codon position.",4
442,"Based on the abovementioned results, explain why pseudogenes evolve faster than their functional counterparts and why this pattern is different for the third position in codons.","A change in nucleotide base for the third position in codons often does not affect the amino-acid that will be produced. Therefore, mutations in the third position are often silent/synonymous mutations and do not result in a disadvantaguous mutation or deleterious. This means that these mutations will not be impacted and eliminated by natural selection. Therefore, mutations in normal genes can evolve at quite the same rate for third position codons as pseudogenes.","Pseudogenes evolve faster than their functional counterparts, because some mutations at functional genes will be deleterious since they affect the function of the gene. In contrast, all of the mutations at pseudogenes should be neutral. Given that the substitution rate of deleterious mutations is much lower than that of neutral mutations, the lack of functional constraint allows pseudogenes to evolve faster than the functional genes. This difference is smallest at the third codon position. We can infer that pseudogenes are evolving neutrally and that the evolution of functional genes is slowed by functional constraint. This constraint is less apparent for the third codon position.",2
443,"Based on the abovementioned results, explain why pseudogenes evolve faster than their functional counterparts and why this pattern is different for the third position in codons.","Pseudogenen zijn niet-functionerende versies van genen die geen genproduct maken. Mutaties in pseudogenen hebben daarom geen effect en zijn neutraal waardoor deze zonder problemen kunnen opstapelen, dit zorgt ervoor dat pseudogenen sneller evolueren volgens de neutrale theory van moleculaire evolutie. Voor de derde positie in codons geldt dat een mutatie meestal geen effect heeft op het aminozuur waardoor mutaties kunnen ontstaan zonder de functionaliteit van het eiwit te beïnvloeden, waardoor ook deze sneller zullen evolueren dan de andere posities. De rede dat de derde positie in codons langzamer evolueert dan pseudogenen is waarschijnlijk omdat de derde positie wel kan zorgen voor andere eiwitvouwing of verminderde transcriptie-snelheid wat de functionaliteit beïnvloed. Daarnaast kunnen mutaties van de derde positie bij sommige aminozuren wel zorgen voor een verandering in een ander aminozuur of zelfs een stopcodon, dit zal de functionaliteit aanpassen waardoor het geen effectieve neutraliteit is en het langzamer zal evolueren dan pseudogenen.","Pseudogenes evolve faster than their functional counterparts, because some mutations at functional genes will be deleterious since they affect the function of the gene. In contrast, all of the mutations at pseudogenes should be neutral. Given that the substitution rate of deleterious mutations is much lower than that of neutral mutations, the lack of functional constraint allows pseudogenes to evolve faster than the functional genes. This difference is smallest at the third codon position. We can infer that pseudogenes are evolving neutrally and that the evolution of functional genes is slowed by functional constraint. This constraint is less apparent for the third codon position.",3
444,"Based on the abovementioned results, explain why pseudogenes evolve faster than their functional counterparts and why this pattern is different for the third position in codons.","The fact that pseudogenes evolve faster than their functional counterparts has to do with the neutral theory of molecular evolution, i.e. the theory stating that deleterious and neutral mutations are most abundant. When a deleterious mutation happens in a functional gene, the fitness will be reduced; however, when a deleterious mutation happens in a pseudogene, the fitness remains neutral. This means there is less - or even no - selection against mutations in the pseudogene, which means it can evolve faster as the mutations are more likely to remain within the population when inherited. That said, the third position of the codon already is largely irrelevant for which amino acid the codon codes for. Thus, even in a functional gene, the selection is less hard on the third position in the codon, and thus the substitution rate becomes much more comparable to that of the pseudogene.","Pseudogenes evolve faster than their functional counterparts, because some mutations at functional genes will be deleterious since they affect the function of the gene. In contrast, all of the mutations at pseudogenes should be neutral. Given that the substitution rate of deleterious mutations is much lower than that of neutral mutations, the lack of functional constraint allows pseudogenes to evolve faster than the functional genes. This difference is smallest at the third codon position. We can infer that pseudogenes are evolving neutrally and that the evolution of functional genes is slowed by functional constraint. This constraint is less apparent for the third codon position.",5
445,"Based on the abovementioned results, explain why pseudogenes evolve faster than their functional counterparts and why this pattern is different for the third position in codons.","Pseudogenes do not have any effect on which amino acids are produced: they do not have any function anymore. Most mutations are deleterious: they have a negative effect (the chances of a mutation messing up the function of a gene/locus are larger, as there are many ways to get it wrong and only a few ways to not meddle with function or sometimes be beneficial). When functional genes are mutated in a deleterious manner, these are often represented in the phenotype. Deleterious mutations then have a negative impact on fitness and are selected against. Because of this selection, expectation would be that mutation rate is lower in functional genes than in non-functional pseudogenes, which experience very little to no selection pressure. the difference between codons can be explained by the fact that these have less influence on the actual amino acid sequence and thus are under less selection pressure, allowing more room for mutations and thus evolution. This means that the difference in selection pressure between the pseudogenes in the third position in codons is smaller and the expected difference in mutation rate is different as well. ","Pseudogenes evolve faster than their functional counterparts, because some mutations at functional genes will be deleterious since they affect the function of the gene. In contrast, all of the mutations at pseudogenes should be neutral. Given that the substitution rate of deleterious mutations is much lower than that of neutral mutations, the lack of functional constraint allows pseudogenes to evolve faster than the functional genes. This difference is smallest at the third codon position. We can infer that pseudogenes are evolving neutrally and that the evolution of functional genes is slowed by functional constraint. This constraint is less apparent for the third codon position.",4
446,"Based on the abovementioned results, explain why pseudogenes evolve faster than their functional counterparts and why this pattern is different for the third position in codons.","Pseudogenes evolve faster than their functional counterparts because they often do not affect any process for the organism. No proteins need to be produced through the pseudogene as the function is gone. Thus, if the pseudogene evolves, most of the times, no amino acid will be changed.But if we compare the third codon for a pseudogene with the third codon of a functional counterpart, the difference is smaller. This is because a third codon mutation is often synonymous, which means that the amino acid will not change. Thus, a third codon mutation will less often be disadvantageous.","Pseudogenes evolve faster than their functional counterparts, because some mutations at functional genes will be deleterious since they affect the function of the gene. In contrast, all of the mutations at pseudogenes should be neutral. Given that the substitution rate of deleterious mutations is much lower than that of neutral mutations, the lack of functional constraint allows pseudogenes to evolve faster than the functional genes. This difference is smallest at the third codon position. We can infer that pseudogenes are evolving neutrally and that the evolution of functional genes is slowed by functional constraint. This constraint is less apparent for the third codon position.",4
447,"Based on the abovementioned results, explain why pseudogenes evolve faster than their functional counterparts and why this pattern is different for the third position in codons.","De voornaamste reden is dat pseudogenen geen \""actieve deelname\"" hebben aan de tot uiting komende genetische code. Een mutatie van de eerste of tweede positie in het codon maakt in een pseudogen simpel gezegd niks uit. In een coderend gen zou het eiwit wat door deze genen wordt geproduceerd niet werkzaam zijn, wat uiteindelijk zou kunnen leiden tot celdood. Gezien een pseudogen geen eiwitten maakt, kan op die streng zo'n invloedrijke mutatie gewoon aanwezig zijn zonder dat dit de werking van de cel beïnvloed.","Pseudogenes evolve faster than their functional counterparts, because some mutations at functional genes will be deleterious since they affect the function of the gene. In contrast, all of the mutations at pseudogenes should be neutral. Given that the substitution rate of deleterious mutations is much lower than that of neutral mutations, the lack of functional constraint allows pseudogenes to evolve faster than the functional genes. This difference is smallest at the third codon position. We can infer that pseudogenes are evolving neutrally and that the evolution of functional genes is slowed by functional constraint. This constraint is less apparent for the third codon position.",3
448,"Based on the abovementioned results, explain why pseudogenes evolve faster than their functional counterparts and why this pattern is different for the third position in codons.","There are different types of mutation effects. You have silent mutations and other mutation types like nonsense or missense. Silent mutations dont affect the individual, nonsense and missense mutations often cause a reduction in fitness. Since pseudogenes dont have functions all their mutations are silent. This is also true for most third nucleotide mutations. Thesemutations can therefore survive through generations. Mutations on the first and second nucleotide are often nonsense or missense they evolve slower because the individuals with those mutations have lowered fitness and dont give their genes to the next generation","Pseudogenes evolve faster than their functional counterparts, because some mutations at functional genes will be deleterious since they affect the function of the gene. In contrast, all of the mutations at pseudogenes should be neutral. Given that the substitution rate of deleterious mutations is much lower than that of neutral mutations, the lack of functional constraint allows pseudogenes to evolve faster than the functional genes. This difference is smallest at the third codon position. We can infer that pseudogenes are evolving neutrally and that the evolution of functional genes is slowed by functional constraint. This constraint is less apparent for the third codon position.",4
449,"Based on the abovementioned results, explain why pseudogenes evolve faster than their functional counterparts and why this pattern is different for the third position in codons.",Because of geneticdrift they evolve way faster,"Pseudogenes evolve faster than their functional counterparts, because some mutations at functional genes will be deleterious since they affect the function of the gene. In contrast, all of the mutations at pseudogenes should be neutral. Given that the substitution rate of deleterious mutations is much lower than that of neutral mutations, the lack of functional constraint allows pseudogenes to evolve faster than the functional genes. This difference is smallest at the third codon position. We can infer that pseudogenes are evolving neutrally and that the evolution of functional genes is slowed by functional constraint. This constraint is less apparent for the third codon position.",0
450,"Based on the abovementioned results, explain why pseudogenes evolve faster than their functional counterparts and why this pattern is different for the third position in codons.","Pseudogenen zijn genkopiëen die geen functionele gevolgen hebben. Aangezien ze geen functioneel gevolg hebben, zullen ze geen nadelige gevolgen hebben en dus de fitness niet verlagen. Als veranderingen plaatsvinden in wel functionele delen, zal dit wel nadelige gevolgen kunnen hebben waardoor de fitness verlaagd worden. Hierdoor kunnen pseudogenen heel snel evolueren omdat ze geen tegen gas krijgen door geen nadelige fitness gevolgen, terwijl dit bij functionele componenten wel nadelig is en dus minder snel kunnen evolueren omdat het nadelig is voor de fitness.In de derde positie van de codons zitten vaak pseudogenen. Als er hier een verandering in plaats vindt, blijft het vaak precies hetzelfde aminozuur. Dus het maakt niet uit of de laatste codon verandert, want het heeft geen gevolgen. Hierdoor kan de laatste codon veel sneller evolueren dan dat de eerste twee dat kunnen.","Pseudogenes evolve faster than their functional counterparts, because some mutations at functional genes will be deleterious since they affect the function of the gene. In contrast, all of the mutations at pseudogenes should be neutral. Given that the substitution rate of deleterious mutations is much lower than that of neutral mutations, the lack of functional constraint allows pseudogenes to evolve faster than the functional genes. This difference is smallest at the third codon position. We can infer that pseudogenes are evolving neutrally and that the evolution of functional genes is slowed by functional constraint. This constraint is less apparent for the third codon position.",3
451,"Based on the abovementioned results, explain why pseudogenes evolve faster than their functional counterparts and why this pattern is different for the third position in codons.","Wanneer pseudogenen muteren, zal er geen belangrijke functie wegvallen in het organisme. Hierdoor zal de fitness van het organisme met een mutant pseudogen niet verminderen. Dit mutant kan dus gewoon worden doorgegeven aan de volgende generaties. Wanneer er een mutatie zit in het functionele gen, zal deze uiteindelijk gevolgen kunnen hebben op de fitness van het organisme. Wanneer de fitness lager wordt van dit organisme, is de kans groot dat dit mutante gen verloren gaat door natuurlijke selectie. ","Pseudogenes evolve faster than their functional counterparts, because some mutations at functional genes will be deleterious since they affect the function of the gene. In contrast, all of the mutations at pseudogenes should be neutral. Given that the substitution rate of deleterious mutations is much lower than that of neutral mutations, the lack of functional constraint allows pseudogenes to evolve faster than the functional genes. This difference is smallest at the third codon position. We can infer that pseudogenes are evolving neutrally and that the evolution of functional genes is slowed by functional constraint. This constraint is less apparent for the third codon position.",3
452,"Based on the abovementioned results, explain why pseudogenes evolve faster than their functional counterparts and why this pattern is different for the third position in codons.","Pseudogenen evalueren sneller, omdat deze genen maar 1 kopie hebben van een gen. Hierdoor kan er niet worden gecompenseerd voor mutaties door de andere kopie. Dit zorgt ervoor dat de mutaties in het pseudogen sneller zichtbaar zijn en dus sneller evalueren, aangezien de mutaties maar in 1 gen kunnen opbouwen. Dit is anders dan bij de derde positie, omdat de derde positie sowieso sneller evalueert dan de eerste of tweede positie. Dit komt doordat een verschil in de derde positie vaak niet uitmaakt voor het aminozuur dat wordt afgelezen en hierdoor is het minder conservatief. ","Pseudogenes evolve faster than their functional counterparts, because some mutations at functional genes will be deleterious since they affect the function of the gene. In contrast, all of the mutations at pseudogenes should be neutral. Given that the substitution rate of deleterious mutations is much lower than that of neutral mutations, the lack of functional constraint allows pseudogenes to evolve faster than the functional genes. This difference is smallest at the third codon position. We can infer that pseudogenes are evolving neutrally and that the evolution of functional genes is slowed by functional constraint. This constraint is less apparent for the third codon position.",2
453,"Based on the abovementioned results, explain why pseudogenes evolve faster than their functional counterparts and why this pattern is different for the third position in codons.","Pseudogenen hebben geen functie doordat ze niet tot expressie komen en dus geen erfelijke eigenschappen doorgeven. Hierdoor zitten er geen consequenties aan slechte mutaties, waardoor deze genen sneller kunnen evolueren in vergelijking met andere genen. Er werkt dus minder selectiedruk op pseudogenen dan op functionerende genen. De derde positie op codons evolueert van zichzelf al vaker dan de andere twee posities, aangezien een mutatie hierop niet altijd leidt tot een andere aminozuur (synonymous mutations), waardoor ook het patroon hiervan verschilt met die van de pseudogenen. ","Pseudogenes evolve faster than their functional counterparts, because some mutations at functional genes will be deleterious since they affect the function of the gene. In contrast, all of the mutations at pseudogenes should be neutral. Given that the substitution rate of deleterious mutations is much lower than that of neutral mutations, the lack of functional constraint allows pseudogenes to evolve faster than the functional genes. This difference is smallest at the third codon position. We can infer that pseudogenes are evolving neutrally and that the evolution of functional genes is slowed by functional constraint. This constraint is less apparent for the third codon position.",4
454,"Based on the abovementioned results, explain why pseudogenes evolve faster than their functional counterparts and why this pattern is different for the third position in codons.","Pseudogenes are nonfunctional duplicates of functioning genes and therefor do not contribute to the organisms fitness. When mutations occur in these genes, the outcome will be selectively neutral because a mutation in this gene will not disrupt any function the gene may have, therefor not affecting the organisms fitness. Because of this, these regions are able to evolve faster without significantly increasing or decreasing the fitness of an organism than their functional counterparts. A mutation in the third position in codons is more likely to result in a synonymous mutation than a mutation in the first of second position. Thus, mutations in the third position are more likely to be selectively neutral. However, the genomes of species with a large effective population tend to be biased toward the codons that are most efficient, which creates a different pattern than that of pseudogenes. ","Pseudogenes evolve faster than their functional counterparts, because some mutations at functional genes will be deleterious since they affect the function of the gene. In contrast, all of the mutations at pseudogenes should be neutral. Given that the substitution rate of deleterious mutations is much lower than that of neutral mutations, the lack of functional constraint allows pseudogenes to evolve faster than the functional genes. This difference is smallest at the third codon position. We can infer that pseudogenes are evolving neutrally and that the evolution of functional genes is slowed by functional constraint. This constraint is less apparent for the third codon position.",5
455,"Based on the abovementioned results, explain why pseudogenes evolve faster than their functional counterparts and why this pattern is different for the third position in codons.",De derde positie is een wobble positie deze positie kan vaak verschillend zijn en nog steeds zorgen voor hetzelfde aminozuur hierdoor zorgt een verandering van deze positie niet altijd voor een aminozuur verandering. De pseudogenen hebben vaak geen invloed en zullen dus ook vaker niet zorgen voor slechte invloed waardoor de verandering van het gen weer verloren gaat ze worden dus vaker behouden en evolueren daardoor dus ook sneller.,"Pseudogenes evolve faster than their functional counterparts, because some mutations at functional genes will be deleterious since they affect the function of the gene. In contrast, all of the mutations at pseudogenes should be neutral. Given that the substitution rate of deleterious mutations is much lower than that of neutral mutations, the lack of functional constraint allows pseudogenes to evolve faster than the functional genes. This difference is smallest at the third codon position. We can infer that pseudogenes are evolving neutrally and that the evolution of functional genes is slowed by functional constraint. This constraint is less apparent for the third codon position.",2
456,"Based on the abovementioned results, explain why pseudogenes evolve faster than their functional counterparts and why this pattern is different for the third position in codons.","Een pseudogen is een niet functioneel gen. Ze evolueren sneller, omdat ze niet dezelfde selectie druk ervaren als functonele genen. Dit aangezien ze niet coderen voor functionele eiwitten. Daarnaast behoud natuurlijke selectie deze functie niet, waardoor mutaties zich kunnen ophopen en daardoor sneller zullen evolueren.Dit patroon is verschillend voor de derde positie in codons, omdat dit vaak de plaats is voor synonymous mutaties - deze veranderen de primaire structuur van het eiwit niet aangezien ze coderen voor hetzelfde aminozuur. ","Pseudogenes evolve faster than their functional counterparts, because some mutations at functional genes will be deleterious since they affect the function of the gene. In contrast, all of the mutations at pseudogenes should be neutral. Given that the substitution rate of deleterious mutations is much lower than that of neutral mutations, the lack of functional constraint allows pseudogenes to evolve faster than the functional genes. This difference is smallest at the third codon position. We can infer that pseudogenes are evolving neutrally and that the evolution of functional genes is slowed by functional constraint. This constraint is less apparent for the third codon position.",4
457,"Based on the abovementioned results, explain why pseudogenes evolve faster than their functional counterparts and why this pattern is different for the third position in codons.","Aangezien pseudo genen hun functie verloren zijn hebben mutaties hierin geen invloed op de fitness van een organisme. Hierdoor kunnen ze sneller evolueren. Mutaties in de derde positie van codons hebben op hun beurt minder invloed op de aminozuursequentie dan die in de 1ste en tweede positie, maar dit hoeft niet altijd het geval te zijn. ","Pseudogenes evolve faster than their functional counterparts, because some mutations at functional genes will be deleterious since they affect the function of the gene. In contrast, all of the mutations at pseudogenes should be neutral. Given that the substitution rate of deleterious mutations is much lower than that of neutral mutations, the lack of functional constraint allows pseudogenes to evolve faster than the functional genes. This difference is smallest at the third codon position. We can infer that pseudogenes are evolving neutrally and that the evolution of functional genes is slowed by functional constraint. This constraint is less apparent for the third codon position.",3
458,"Based on the abovementioned results, explain why pseudogenes evolve faster than their functional counterparts and why this pattern is different for the third position in codons.","Pseudogenen, zijn genen die na gen duplicatie niet meer functioneel zijn. Deze genen evolueren sneller dan de functionerende delen, doordat het evolueren geen invloed heeft of er iets veranderd, want het is definitief niet functioneel. Dit is anders voor de derde positie van het codon, omdat een verandering in dit -ook wanneer die wel functioneert- niet veel invloed heeft op het aminozuur die geproduceerd zal worden. Hierdoor zal deze nog sneller evolueren in vergelijking met de eerste en derde positie van het codon, want deze zijn meer geconserveerd. ","Pseudogenes evolve faster than their functional counterparts, because some mutations at functional genes will be deleterious since they affect the function of the gene. In contrast, all of the mutations at pseudogenes should be neutral. Given that the substitution rate of deleterious mutations is much lower than that of neutral mutations, the lack of functional constraint allows pseudogenes to evolve faster than the functional genes. This difference is smallest at the third codon position. We can infer that pseudogenes are evolving neutrally and that the evolution of functional genes is slowed by functional constraint. This constraint is less apparent for the third codon position.",4
459,"Based on the abovementioned results, explain why pseudogenes evolve faster than their functional counterparts and why this pattern is different for the third position in codons.","pseudogenes don't contribute to fitness, mutations can accumulate without being selected against. third position mutations are often synonymous.","Pseudogenes evolve faster than their functional counterparts, because some mutations at functional genes will be deleterious since they affect the function of the gene. In contrast, all of the mutations at pseudogenes should be neutral. Given that the substitution rate of deleterious mutations is much lower than that of neutral mutations, the lack of functional constraint allows pseudogenes to evolve faster than the functional genes. This difference is smallest at the third codon position. We can infer that pseudogenes are evolving neutrally and that the evolution of functional genes is slowed by functional constraint. This constraint is less apparent for the third codon position.",2
460,"Based on the abovementioned results, explain why pseudogenes evolve faster than their functional counterparts and why this pattern is different for the third position in codons.",Pseudogenen hebben een lagere selectiedruk doordat de meeste mutaties uiteindelijk geen gevolgen hebben op een belangrijke eiwitfunctie. Ze evolueren daarom sneller dan hun functional counter parts waarbij een mutatie wel negatieve gevolgen kan hebben.De derde nucleotide bepaald minder vaak het uiteindelijke AZ. Verder weet ik het niet echt...,"Pseudogenes evolve faster than their functional counterparts, because some mutations at functional genes will be deleterious since they affect the function of the gene. In contrast, all of the mutations at pseudogenes should be neutral. Given that the substitution rate of deleterious mutations is much lower than that of neutral mutations, the lack of functional constraint allows pseudogenes to evolve faster than the functional genes. This difference is smallest at the third codon position. We can infer that pseudogenes are evolving neutrally and that the evolution of functional genes is slowed by functional constraint. This constraint is less apparent for the third codon position.",3
461,"Based on the abovementioned results, explain why pseudogenes evolve faster than their functional counterparts and why this pattern is different for the third position in codons.","ten eerste, ik snap niet hoe ik de tabel moet lezen, dus ik snap de helft van deze opdracht niet, maar ik ga het proberen.De reden dat pseudogenen sneller evolueren is omdat ze geen directe functie meer hebben, en er dus geen negatieve drawbacks zijn als deze een slechte mutatie oploopt. als dit in een functioneel gen zou geberuen dan zou de individu niet overleven en de genen niet doorgeven, maar omdat het pseudogen geen directe functie meer heeft wordt daar niet op geselecteerd en kunnen bijna alle mutaties gewoon in stand blijven en doorgegeven worden naar de volgende generatie. dit is anders voor de derde positie, omdat de derde positie in functionele genen ook minder belangrijk en minder geconserveerd is, wat ervoor zorgt dat mutaties die hier gebeuren, zelfs bij functionele genen niet tegen geselecteerd worden. hierdoor wordt de evolutie snelheid van de derde posities bij pseudogenen en functionele genen gelijk.","Pseudogenes evolve faster than their functional counterparts, because some mutations at functional genes will be deleterious since they affect the function of the gene. In contrast, all of the mutations at pseudogenes should be neutral. Given that the substitution rate of deleterious mutations is much lower than that of neutral mutations, the lack of functional constraint allows pseudogenes to evolve faster than the functional genes. This difference is smallest at the third codon position. We can infer that pseudogenes are evolving neutrally and that the evolution of functional genes is slowed by functional constraint. This constraint is less apparent for the third codon position.",5
462,"Based on the abovementioned results, explain why pseudogenes evolve faster than their functional counterparts and why this pattern is different for the third position in codons.","pseudogenes have lost function and dont have any effect on phenotype, thus mutations that happen here neither have a positive or negative effect on the individual. Some mutations that would've been deadly or cause infertility when occured at functional genes (due to its effect on phenotype) can occur at the nonfunctional pseudogene with no issue, and that causes this pseudogene to mutate and evolve faster than the functioning gene because it can be passed on to the next generation and cause no problems. The third position in a codon often doesnt matter, because it oftentimes still results in the same amino-acid and no change takes place in the resulting protein. This means that mutations can take place here and cause no issue, so more mutations are viable at this specific position unlike at the first and second position.","Pseudogenes evolve faster than their functional counterparts, because some mutations at functional genes will be deleterious since they affect the function of the gene. In contrast, all of the mutations at pseudogenes should be neutral. Given that the substitution rate of deleterious mutations is much lower than that of neutral mutations, the lack of functional constraint allows pseudogenes to evolve faster than the functional genes. This difference is smallest at the third codon position. We can infer that pseudogenes are evolving neutrally and that the evolution of functional genes is slowed by functional constraint. This constraint is less apparent for the third codon position.",3
463,"Based on the abovementioned results, explain why pseudogenes evolve faster than their functional counterparts and why this pattern is different for the third position in codons.","Pseudogenes evolve faster than their functional counterparts, because there is no functional constraint on the pseudogenes. Since a pseudogene lost its function, mutations occuring here have minimal effect. The difference in mutation rates is thus based on the difference in the functional constraint.This pattern is much less visible in the third position, because the third position of a codon can differ more often (than the first or second position) without altering the amino acid it encodes. Therefore the third position is less functionally constraint in 'normal' genes. Consequently, regarding the third position of a codon, the difference in functional constraint between the genes and pseudogenes is less. Thus the mutation rate is more similar. ","Pseudogenes evolve faster than their functional counterparts, because some mutations at functional genes will be deleterious since they affect the function of the gene. In contrast, all of the mutations at pseudogenes should be neutral. Given that the substitution rate of deleterious mutations is much lower than that of neutral mutations, the lack of functional constraint allows pseudogenes to evolve faster than the functional genes. This difference is smallest at the third codon position. We can infer that pseudogenes are evolving neutrally and that the evolution of functional genes is slowed by functional constraint. This constraint is less apparent for the third codon position.",5
464,"Based on the abovementioned results, explain why pseudogenes evolve faster than their functional counterparts and why this pattern is different for the third position in codons.","Pseudogenen evolueren dan functionele tegenhangers omdat mutaties in pseudogenen vaak een veel kleiner effect hebben dan mutaties in de functionele tegenhanger. Een mutatie in een functioneel gen zal vaak ervoor zorgen dat het gen zijn functie niet meer uit kan voeren waardoor deze mutaties niet voordelig zijn en dus sneller uit de populatie verdwijnen. Mutaties in pseudogenen hebben vaak geen nadelig effect en worden daarom niet uit de populatie geselecteerd.Dit patroon is anders voor de derde positie in codons omdat de derde positie in het codon minder invloed heeft op het aminozuur in de aminozuursequentie dan de eerste en de tweede positie in het codon. Hierdoor heeft het een minder groot effect als er een mutatie in de derde positie plaatsvindt, waardoor deze mutatie zich kan 'settelen' in de populatie. Een mutatie in de eerste of tweede positie van het codon zorgt vaak al voor een ander aminozuur waardoor het eiwit niet meer goed werkt en dit een nadelig effect heeft. Dit zal dus uit de populatie geselecteerd worden omdat het nadelig is.","Pseudogenes evolve faster than their functional counterparts, because some mutations at functional genes will be deleterious since they affect the function of the gene. In contrast, all of the mutations at pseudogenes should be neutral. Given that the substitution rate of deleterious mutations is much lower than that of neutral mutations, the lack of functional constraint allows pseudogenes to evolve faster than the functional genes. This difference is smallest at the third codon position. We can infer that pseudogenes are evolving neutrally and that the evolution of functional genes is slowed by functional constraint. This constraint is less apparent for the third codon position.",4
465,"Based on the abovementioned results, explain why pseudogenes evolve faster than their functional counterparts and why this pattern is different for the third position in codons.","Pseudogenes evolve faster than functional counterparts because mutations in these genes do most often not have deleterious effects for the organisms, as the pseudogenes are not functional and thus a change in their composition does not have an effect on the phenotype. Therefore, there is less selection on the composition of the pseudogene, allowing it to evolve faster than the functional gene, which does get selected for its composition. The third position in codons most often does not alter the aminoacid sequence, therefore having minimal effect on the fitness of the organism. A third position change in the functional gene therefore is just as insignificant as a third position change in the pseudogene. Thus the pattern of faster pseudogene evolution does not hold up for third position changes. ","Pseudogenes evolve faster than their functional counterparts, because some mutations at functional genes will be deleterious since they affect the function of the gene. In contrast, all of the mutations at pseudogenes should be neutral. Given that the substitution rate of deleterious mutations is much lower than that of neutral mutations, the lack of functional constraint allows pseudogenes to evolve faster than the functional genes. This difference is smallest at the third codon position. We can infer that pseudogenes are evolving neutrally and that the evolution of functional genes is slowed by functional constraint. This constraint is less apparent for the third codon position.",5
466,"Based on the abovementioned results, explain why pseudogenes evolve faster than their functional counterparts and why this pattern is different for the third position in codons.",pseudogenes are non functional so mutations can accumulate more rapidly without being deleted by natural selection ,"Pseudogenes evolve faster than their functional counterparts, because some mutations at functional genes will be deleterious since they affect the function of the gene. In contrast, all of the mutations at pseudogenes should be neutral. Given that the substitution rate of deleterious mutations is much lower than that of neutral mutations, the lack of functional constraint allows pseudogenes to evolve faster than the functional genes. This difference is smallest at the third codon position. We can infer that pseudogenes are evolving neutrally and that the evolution of functional genes is slowed by functional constraint. This constraint is less apparent for the third codon position.",1
467,"Based on the abovementioned results, explain why pseudogenes evolve faster than their functional counterparts and why this pattern is different for the third position in codons.",Pseudogenen kunnen mutaties ondergaan aangezien ze niet afhankelijk zijn van selectiedruk waardoor ze sneller evolutionaire veranderingen hebben. Het patroon voor de derde positie van het codon is anders omdat een verandering op de derde positie meestal geen invloed heeft op een verandering van het aminozuur in een eiwit. Dus mutaties op de derde positie kunnen zich dan ophopen zonder dat het enig effect heeft waardoor er op de derde positie sneller evolutionaire veranderingen kunnen plaatsvinden dan bij het eerste en tweede codon.,"Pseudogenes evolve faster than their functional counterparts, because some mutations at functional genes will be deleterious since they affect the function of the gene. In contrast, all of the mutations at pseudogenes should be neutral. Given that the substitution rate of deleterious mutations is much lower than that of neutral mutations, the lack of functional constraint allows pseudogenes to evolve faster than the functional genes. This difference is smallest at the third codon position. We can infer that pseudogenes are evolving neutrally and that the evolution of functional genes is slowed by functional constraint. This constraint is less apparent for the third codon position.",3
468,"Based on the abovementioned results, explain why pseudogenes evolve faster than their functional counterparts and why this pattern is different for the third position in codons.","Mutaties zijn vaker negatief dan positief. Hierdoor geven mutaties in een functioneel deel van het genoom vaker een evolutionair nadeel dan een evolutionair voordeel. Om die reden fixeren nieuwe mutaties niet vaak in een functioneel deel van het genoom. Pseudogenen hebben geen functie en dus kunnen mutaties in pseudogenen geen evolutionair voordeel of nadeel opleveren. Dit leidt er dan weer toe dat mutaties in pseudogenen sneller opstapelen, waardoor het pseudogen sneller evolueert. Dit patroon is anders voor mutaties in de derde positie van het codon, omdat veel mutaties in het derde codon synoniem zijn. Hierdoor zijn deze mutaties bij benadering neutraal, waardoor er geen selectiedruk tegen is.  ","Pseudogenes evolve faster than their functional counterparts, because some mutations at functional genes will be deleterious since they affect the function of the gene. In contrast, all of the mutations at pseudogenes should be neutral. Given that the substitution rate of deleterious mutations is much lower than that of neutral mutations, the lack of functional constraint allows pseudogenes to evolve faster than the functional genes. This difference is smallest at the third codon position. We can infer that pseudogenes are evolving neutrally and that the evolution of functional genes is slowed by functional constraint. This constraint is less apparent for the third codon position.",4
469,"Based on the abovementioned results, explain why pseudogenes evolve faster than their functional counterparts and why this pattern is different for the third position in codons.",Pseudogenen evolven sneller omdat ze niet functioneel zijn dus genotypisch kunnen ze veel verschillen maar er veranderd niks aan het fenotype waardoor het geen invloed heeft op evolutie en ze worde dus niet snel uitgeselecteerd. Omdat het dus niet uitmaakt op welke positie de substituties plaatsvinden zal er niet perse een groot verschil zijn. Bij normale genen hebben substituties op positie 1 en 2 meer effect en is daar de verhouding met positie 3 dus anders.,"Pseudogenes evolve faster than their functional counterparts, because some mutations at functional genes will be deleterious since they affect the function of the gene. In contrast, all of the mutations at pseudogenes should be neutral. Given that the substitution rate of deleterious mutations is much lower than that of neutral mutations, the lack of functional constraint allows pseudogenes to evolve faster than the functional genes. This difference is smallest at the third codon position. We can infer that pseudogenes are evolving neutrally and that the evolution of functional genes is slowed by functional constraint. This constraint is less apparent for the third codon position.",3
470,"Based on the abovementioned results, explain why pseudogenes evolve faster than their functional counterparts and why this pattern is different for the third position in codons.","Pseudogenes evolve faster because there is almost no natural selection against it, so there is almost no functional constraint, because the functional gene is still there doing its job. The pattern is different in the third position of codons as synonymous mutations can occur here, leading to the same amino acid, albeit folded a bit differently. This has at most a small effect and therefore mutations that occur here are usually not selected against by natural selection.","Pseudogenes evolve faster than their functional counterparts, because some mutations at functional genes will be deleterious since they affect the function of the gene. In contrast, all of the mutations at pseudogenes should be neutral. Given that the substitution rate of deleterious mutations is much lower than that of neutral mutations, the lack of functional constraint allows pseudogenes to evolve faster than the functional genes. This difference is smallest at the third codon position. We can infer that pseudogenes are evolving neutrally and that the evolution of functional genes is slowed by functional constraint. This constraint is less apparent for the third codon position.",3
471,"Based on the abovementioned results, explain why pseudogenes evolve faster than their functional counterparts and why this pattern is different for the third position in codons.","Pseudogenen evolueren sneller dan hun functionele tegenhangers omdat pseudogenen hun functie verloren hebben. In functionele genen zijn de 1e en 2e positie erg belangrijk omdat voor de meeste aminozuren alleen deze posities van belang zijn. Aangezien de neutrale theorie aanneemt dat bijna alle mutaties ofwel deleterious of neutraal zijn zullen bijna alle mutaties in de 1e en 2e positie een deleterious effect hebben en hierdoor een kleine kans hebben om te fixeren en dus een grote kans om verloren te gaan. De pseudogenen hebben geen functie meer waardoor mutaties op de 1e en 2e posities niet meer deleterious zijn, maar neutraal. Neutrale mutaties hebben een veel grotere kans om te fixeren dus gebeurt dit vaker en dus is de evolutie snelheid in het pseudogen sneller. Ook de 3e positie is voor pseudogenen bijna altijd neutraal, maar voor functionele genen is dit vaak ook het geval. Hierdoor hebben neutrale mutaties op de 3e positie in het functionele gen dus ongeveer dezelfde kans om te fixeren als in het pseudogen en is de evolutie snelheid voor de 3e positie niet sneller in pseudogenen. ","Pseudogenes evolve faster than their functional counterparts, because some mutations at functional genes will be deleterious since they affect the function of the gene. In contrast, all of the mutations at pseudogenes should be neutral. Given that the substitution rate of deleterious mutations is much lower than that of neutral mutations, the lack of functional constraint allows pseudogenes to evolve faster than the functional genes. This difference is smallest at the third codon position. We can infer that pseudogenes are evolving neutrally and that the evolution of functional genes is slowed by functional constraint. This constraint is less apparent for the third codon position.",4
472,"Based on the abovementioned results, explain why pseudogenes evolve faster than their functional counterparts and why this pattern is different for the third position in codons.","Pseudogenes evolve rapidly because of genetic drift, and the third position is less likely to influence the amino acid sequence, which makes it less evolutionary relevant.","Pseudogenes evolve faster than their functional counterparts, because some mutations at functional genes will be deleterious since they affect the function of the gene. In contrast, all of the mutations at pseudogenes should be neutral. Given that the substitution rate of deleterious mutations is much lower than that of neutral mutations, the lack of functional constraint allows pseudogenes to evolve faster than the functional genes. This difference is smallest at the third codon position. We can infer that pseudogenes are evolving neutrally and that the evolution of functional genes is slowed by functional constraint. This constraint is less apparent for the third codon position.",1
473,"Based on the abovementioned results, explain why pseudogenes evolve faster than their functional counterparts and why this pattern is different for the third position in codons.","any mutation in pseudogenes is generally neutral because it's a nonfunctional duplicate gene and thus does not have negative selection. This means any change is accepted which isn't the case for other genes, where deleterious changes are under purifying selection. Because the third position in codons can often change without changing the amino acid, this point is more acceptable for mutation in regular genes as well. These are synonymous changes.","Pseudogenes evolve faster than their functional counterparts, because some mutations at functional genes will be deleterious since they affect the function of the gene. In contrast, all of the mutations at pseudogenes should be neutral. Given that the substitution rate of deleterious mutations is much lower than that of neutral mutations, the lack of functional constraint allows pseudogenes to evolve faster than the functional genes. This difference is smallest at the third codon position. We can infer that pseudogenes are evolving neutrally and that the evolution of functional genes is slowed by functional constraint. This constraint is less apparent for the third codon position.",3
474,"Based on the abovementioned results, explain why pseudogenes evolve faster than their functional counterparts and why this pattern is different for the third position in codons.","pseudogenen hebben geen functie, dus het maakt niet uit zo gauw ze evolueren, terwijl er bij normale genen wel een functie is, dus als deze veranderen dan kan dat een negatief effect hebben en is er een kleine kans dat de mutatie stabiliseert in de populatie","Pseudogenes evolve faster than their functional counterparts, because some mutations at functional genes will be deleterious since they affect the function of the gene. In contrast, all of the mutations at pseudogenes should be neutral. Given that the substitution rate of deleterious mutations is much lower than that of neutral mutations, the lack of functional constraint allows pseudogenes to evolve faster than the functional genes. This difference is smallest at the third codon position. We can infer that pseudogenes are evolving neutrally and that the evolution of functional genes is slowed by functional constraint. This constraint is less apparent for the third codon position.",1
475,"Based on the abovementioned results, explain why pseudogenes evolve faster than their functional counterparts and why this pattern is different for the third position in codons.","Omdat op pseudo genen niet geselecteerd kan worden. Veranderingen op de derde positie van het codon, hebben vaak geen invloed op het aminozuur en dus minder snel beperkt wordt door functionele beperking.","Pseudogenes evolve faster than their functional counterparts, because some mutations at functional genes will be deleterious since they affect the function of the gene. In contrast, all of the mutations at pseudogenes should be neutral. Given that the substitution rate of deleterious mutations is much lower than that of neutral mutations, the lack of functional constraint allows pseudogenes to evolve faster than the functional genes. This difference is smallest at the third codon position. We can infer that pseudogenes are evolving neutrally and that the evolution of functional genes is slowed by functional constraint. This constraint is less apparent for the third codon position.",2
476,"Based on the abovementioned results, explain why pseudogenes evolve faster than their functional counterparts and why this pattern is different for the third position in codons.","Pseudo genen komen niet tot uiting, waardoor er geen selectiedruk op staat. Als er mutaties voorkomen in deze pseudo genen, heeft dit geen positief of negatief effect op het bestaan en voortplanten van een individu. Hierdoor kunnen deze pseudo genen met die mutaties doorgegeven worden. Als er mutaties voorkomen in genen die wel tot uiting komen, zouden deze gevolgen hebben op het doorgeven van genen. Doordat mutaties vaker negatieve gevolgen hebben op het bestaan en/of voortplanten van een individu, is het moeilijker om deze genen door te geven. Hierdoor blijven mutaties in pseudo genen over het algemeen vaker voorkomen vergeleken hun functionele 'counterparts'.","Pseudogenes evolve faster than their functional counterparts, because some mutations at functional genes will be deleterious since they affect the function of the gene. In contrast, all of the mutations at pseudogenes should be neutral. Given that the substitution rate of deleterious mutations is much lower than that of neutral mutations, the lack of functional constraint allows pseudogenes to evolve faster than the functional genes. This difference is smallest at the third codon position. We can infer that pseudogenes are evolving neutrally and that the evolution of functional genes is slowed by functional constraint. This constraint is less apparent for the third codon position.",3
477,"Based on the abovementioned results, explain why pseudogenes evolve faster than their functional counterparts and why this pattern is different for the third position in codons.",beacause they are not functional so mutations can occur more often at the third codon because they don't have much effect on the amino acid even when they are deleterious ,"Pseudogenes evolve faster than their functional counterparts, because some mutations at functional genes will be deleterious since they affect the function of the gene. In contrast, all of the mutations at pseudogenes should be neutral. Given that the substitution rate of deleterious mutations is much lower than that of neutral mutations, the lack of functional constraint allows pseudogenes to evolve faster than the functional genes. This difference is smallest at the third codon position. We can infer that pseudogenes are evolving neutrally and that the evolution of functional genes is slowed by functional constraint. This constraint is less apparent for the third codon position.",1
478,"Based on the abovementioned results, explain why pseudogenes evolve faster than their functional counterparts and why this pattern is different for the third position in codons.","Pseudo genen zijn hun functie verloren, ze worden niet afgeschreven en behoren dus niet tot de exonen. Er wordt minder 'gecontroleerd'op mutaties. pseidogenen zullen iets minder sneller evolueren vergeleken met de functinal genen wanneer het gaat om de 3de base. Deze base heeft namelijk minder invloed op de code voor een amino zuur. Het is dus niet altijd erg als een base is gemuteerd in een andere base, want er komt vaak toch hetzelfde aminozuur uit. Dit wordt dus vaak ook niet hersteld in de functionele base.","Pseudogenes evolve faster than their functional counterparts, because some mutations at functional genes will be deleterious since they affect the function of the gene. In contrast, all of the mutations at pseudogenes should be neutral. Given that the substitution rate of deleterious mutations is much lower than that of neutral mutations, the lack of functional constraint allows pseudogenes to evolve faster than the functional genes. This difference is smallest at the third codon position. We can infer that pseudogenes are evolving neutrally and that the evolution of functional genes is slowed by functional constraint. This constraint is less apparent for the third codon position.",0
479,"Based on the abovementioned results, explain why pseudogenes evolve faster than their functional counterparts and why this pattern is different for the third position in codons.","Pseudogenen zijn niet functionele kopieën van een gen. Aangezien pseudogenen niet functioneel zijn, kunnen daar eerder veranderingen optreden zonder dat dit een negatief effect heeft op de fitness van het organisme. Daardoor kunnen pseudogenen sneller evolueren dan het functionele kopie van het gen. Dit is anders voor de 3e positie op een codon. De derde positie van een codon kan in veel gevallen variëren en toch blijven coderen voor hetzelfde aminozuur. Dus de kans is groot wanneer er een variatie is in de 3e base van het codon dit niet leidt tot een ander aminozuur. Daarom heeft een mutatie op de 3e positie minder snel een effect wat leidt tot evolutie. ","Pseudogenes evolve faster than their functional counterparts, because some mutations at functional genes will be deleterious since they affect the function of the gene. In contrast, all of the mutations at pseudogenes should be neutral. Given that the substitution rate of deleterious mutations is much lower than that of neutral mutations, the lack of functional constraint allows pseudogenes to evolve faster than the functional genes. This difference is smallest at the third codon position. We can infer that pseudogenes are evolving neutrally and that the evolution of functional genes is slowed by functional constraint. This constraint is less apparent for the third codon position.",5
480,"Based on the abovementioned results, explain why pseudogenes evolve faster than their functional counterparts and why this pattern is different for the third position in codons.","Pseudogenen hebben hun functie al verloren, waardoor de selectiedruk minder zwaar op hen ligt. De derde positie van de codons is bij pseudogenen én normale genen al minder functioneel beperkt, waardoor die positie in beide gevallen snel kan veranderen en het verlies van hun functie (bij pseudogenen) hier dus geen invloed op heeft. ","Pseudogenes evolve faster than their functional counterparts, because some mutations at functional genes will be deleterious since they affect the function of the gene. In contrast, all of the mutations at pseudogenes should be neutral. Given that the substitution rate of deleterious mutations is much lower than that of neutral mutations, the lack of functional constraint allows pseudogenes to evolve faster than the functional genes. This difference is smallest at the third codon position. We can infer that pseudogenes are evolving neutrally and that the evolution of functional genes is slowed by functional constraint. This constraint is less apparent for the third codon position.",3
481,"Based on the abovementioned results, explain why pseudogenes evolve faster than their functional counterparts and why this pattern is different for the third position in codons.","At O, the difference between 1 and 2 is still quite small compared to the first and second position, since they have not seperated yet thus does the pattern not hold. Pseudogenes do not or barely have influence on the protein they produce, since they have mutations in either the second or first positions in their codons and thus can mutate more freely since it does not alter their function most of the time. This pattern is different for third the position in codons, since when there is a mutation there, it does alter their function most of the time and change the amino acid sequence","Pseudogenes evolve faster than their functional counterparts, because some mutations at functional genes will be deleterious since they affect the function of the gene. In contrast, all of the mutations at pseudogenes should be neutral. Given that the substitution rate of deleterious mutations is much lower than that of neutral mutations, the lack of functional constraint allows pseudogenes to evolve faster than the functional genes. This difference is smallest at the third codon position. We can infer that pseudogenes are evolving neutrally and that the evolution of functional genes is slowed by functional constraint. This constraint is less apparent for the third codon position.",0
482,"Based on the abovementioned results, explain why pseudogenes evolve faster than their functional counterparts and why this pattern is different for the third position in codons.","Pseudogenes evolve faster because they are not functionally constrained like functional genes and can therefore evolve freely without having effect on the fitness of the organism itself. Mutations in functional genes however could lead to death, so there is less room for evolution in these functional genes. This is different for the third position in codons because the third nucleotide often does not change the aminoacid encoded by the codon. This nucleotide can therefore evolve without having much effect on fitness in both pseudogenes and in functional genes. ","Pseudogenes evolve faster than their functional counterparts, because some mutations at functional genes will be deleterious since they affect the function of the gene. In contrast, all of the mutations at pseudogenes should be neutral. Given that the substitution rate of deleterious mutations is much lower than that of neutral mutations, the lack of functional constraint allows pseudogenes to evolve faster than the functional genes. This difference is smallest at the third codon position. We can infer that pseudogenes are evolving neutrally and that the evolution of functional genes is slowed by functional constraint. This constraint is less apparent for the third codon position.",5
483,"Based on the abovementioned results, explain why pseudogenes evolve faster than their functional counterparts and why this pattern is different for the third position in codons.","Why pseudogenes evolve faster: Functional genes that mutate at a random position can mutate non-synonymously. This mutation will more often cause a worse (or loss of) function than improving function of the protein product. This loss of function will be selected against by natural selection. Thus random mutations will often be selected against, because they often induce a worse functioning gene. However, pseudogenes have no function thus the random mutations in them will not be selected against. The random mutations remain in the population.Why this pattern is different for the third position: Mutating the third position often codes the same amino acid as before. The function of the protein will then remain the same. When function remains, natural selection will not select against the mutation. Thus the selection pressure is lower and mutations of the third codon in the functional gene are kept in the population more often than mutations in the first and second codon.","Pseudogenes evolve faster than their functional counterparts, because some mutations at functional genes will be deleterious since they affect the function of the gene. In contrast, all of the mutations at pseudogenes should be neutral. Given that the substitution rate of deleterious mutations is much lower than that of neutral mutations, the lack of functional constraint allows pseudogenes to evolve faster than the functional genes. This difference is smallest at the third codon position. We can infer that pseudogenes are evolving neutrally and that the evolution of functional genes is slowed by functional constraint. This constraint is less apparent for the third codon position.",5
484,"Based on the abovementioned results, explain why pseudogenes evolve faster than their functional counterparts and why this pattern is different for the third position in codons.","Pseudogenen zijn niet functionele versies van functionele genen. Wanneer deze muteren produceren ze dus geen gen product en zijn de mutaties in de DNA sequentie ongeveer neutraal. Deze neutrale mutaties evolueren sneller dan mutaties die een positief of negatief effect hebben. Dit komt, omdat positieve en negatieve mutaties deels afhankelijk zijn van natuurlijke selectie. De natuurlijke selectie selecteert op deze mutaties en dus gaan deze mutaties soms verloren of worden gefixeerd. Wat leidt tot minder snelle evolutie. De derde positie van een codon is minder belangrijk voor het bepalen van het aminozuur. Vaak coderen codons met dezelfde eerste twee posities en een verschillende derde nog steeds voor hetzelfde aminozuur. Toch kan deze derde base de effectiviteit van de vouwing van het eiwit aanpassen. Wat nadelig is voor individuen.  Hierdoor evolueert dit niet sneller dan functionele counterparts. ","Pseudogenes evolve faster than their functional counterparts, because some mutations at functional genes will be deleterious since they affect the function of the gene. In contrast, all of the mutations at pseudogenes should be neutral. Given that the substitution rate of deleterious mutations is much lower than that of neutral mutations, the lack of functional constraint allows pseudogenes to evolve faster than the functional genes. This difference is smallest at the third codon position. We can infer that pseudogenes are evolving neutrally and that the evolution of functional genes is slowed by functional constraint. This constraint is less apparent for the third codon position.",3
485,"Based on the abovementioned results, explain why pseudogenes evolve faster than their functional counterparts and why this pattern is different for the third position in codons.","Pseudogenes are non-functional, meaning a change in the gene does not influence the fenotype of the organism, contrary to normal genes. Given that a change in the first position in a codon usually has a big influence on how this codon is read, a mutation in the first position of a functional gene is likely to have a negative impact and thus die out. However, this does not account for pseudogenes, which can freely mutate as they are non-functional. This explains the rapid evolution of pseudogenes compared to functional genes in the first position in codons.However, this pattern is not the same for the third position in codons. Given that changes in the third position of a codon often have little to no influence on how the codon is read, this position can mutate more freely in functional genes without negative effects too. This means that when looking at the third position of a codon, both pseudogenes and functional genes both have quite some freedom to mutate, resulting in similar mutation rates.","Pseudogenes evolve faster than their functional counterparts, because some mutations at functional genes will be deleterious since they affect the function of the gene. In contrast, all of the mutations at pseudogenes should be neutral. Given that the substitution rate of deleterious mutations is much lower than that of neutral mutations, the lack of functional constraint allows pseudogenes to evolve faster than the functional genes. This difference is smallest at the third codon position. We can infer that pseudogenes are evolving neutrally and that the evolution of functional genes is slowed by functional constraint. This constraint is less apparent for the third codon position.",5
486,"Based on the abovementioned results, explain why pseudogenes evolve faster than their functional counterparts and why this pattern is different for the third position in codons.","Bij verandering van de eerste positie van het codon verandert het aminozuur waarschijnlijk ook, waardoor het gen ook anders is. Bij een normaal gen zorgt dit voor een ander eiwit, die misschien niet meer werkt. Bij pseudogenen heeft deze verandering van aminozuur minder effect, omdat het gen toch niet functioneel is.","Pseudogenes evolve faster than their functional counterparts, because some mutations at functional genes will be deleterious since they affect the function of the gene. In contrast, all of the mutations at pseudogenes should be neutral. Given that the substitution rate of deleterious mutations is much lower than that of neutral mutations, the lack of functional constraint allows pseudogenes to evolve faster than the functional genes. This difference is smallest at the third codon position. We can infer that pseudogenes are evolving neutrally and that the evolution of functional genes is slowed by functional constraint. This constraint is less apparent for the third codon position.",2
487,"Based on the abovementioned results, explain why pseudogenes evolve faster than their functional counterparts and why this pattern is different for the third position in codons.","Ik snap de figuur hierboven niet helemaal en weet dus niet hoe ik het met behulp van de figuur uit kan leggen. Maar ik kan dit wel doen aan de hand van mijn kennis:pseudogenen evoluren sneller dan functionele genen. Dit wordt veroorzaakt doordat een mutatie in pseudogenen geen invloed heeft op de fitness van een individu en deze dus vrijspel heeft in muteren, maar een mutatie in een functioneel gen wel. Meestal neem de fitness af bij een mutatie in een functioneel gen en hier vind dan selectie op plaats. Individuen waarbij veel mutaties in het functionele gen plaatsvinden worden daardoor over het algemeen weg geselecteerd. Waardoor je na meerdere generaties vooral individuen overhoud waarbij er niet snel mutaties in het functionele gen plaats vinden. Het zelfde geld voor de derde positie in een codon. Mutaties in het derde codon hebben meestal geen effect op de fitness, terwijl mutaties in de eerste of tweede positie dit wel doen.","Pseudogenes evolve faster than their functional counterparts, because some mutations at functional genes will be deleterious since they affect the function of the gene. In contrast, all of the mutations at pseudogenes should be neutral. Given that the substitution rate of deleterious mutations is much lower than that of neutral mutations, the lack of functional constraint allows pseudogenes to evolve faster than the functional genes. This difference is smallest at the third codon position. We can infer that pseudogenes are evolving neutrally and that the evolution of functional genes is slowed by functional constraint. This constraint is less apparent for the third codon position.",4
488,"Based on the abovementioned results, explain why pseudogenes evolve faster than their functional counterparts and why this pattern is different for the third position in codons.","Pseudogenen zijn minder waarschijnlijk om onder invloed van zijn van een 'functional constraint', omdat ze geen functie hebben. Daardoor gaan nucleotide substituties sneller, en is het gevolg dat het gen sneller evolueert. Dit patroon is anders voor de derde positie van codons, want (als ik het goed begrijp) zijn zij natuurlijk nog gebonden aan twee andere posities. Deze staan wel vaak onder 'functional constraint', en dit is de reden dat het geheel minder snel evolueert.","Pseudogenes evolve faster than their functional counterparts, because some mutations at functional genes will be deleterious since they affect the function of the gene. In contrast, all of the mutations at pseudogenes should be neutral. Given that the substitution rate of deleterious mutations is much lower than that of neutral mutations, the lack of functional constraint allows pseudogenes to evolve faster than the functional genes. This difference is smallest at the third codon position. We can infer that pseudogenes are evolving neutrally and that the evolution of functional genes is slowed by functional constraint. This constraint is less apparent for the third codon position.",1
489,"Based on the abovementioned results, explain why pseudogenes evolve faster than their functional counterparts and why this pattern is different for the third position in codons.","pseudogenen ontstaan dus door mutatie en/of selectie van genen die voortkomen uit genduplicatie. Deze pseudogenen evolueren sneller dan hun functionele counterparts, doordat ze niet worden gecheckt door enzymen op replicatie-errors waardoor ze sneller doorr directionele selectie snellere veranderingen in hun sequenties hebben. Bij de derde positie in codons ligt dit anders, omdat daar een grotere marge is voor functionele constraints, doordat het aminozuur niet gelijk verandert bij een verandering op deze positie.","Pseudogenes evolve faster than their functional counterparts, because some mutations at functional genes will be deleterious since they affect the function of the gene. In contrast, all of the mutations at pseudogenes should be neutral. Given that the substitution rate of deleterious mutations is much lower than that of neutral mutations, the lack of functional constraint allows pseudogenes to evolve faster than the functional genes. This difference is smallest at the third codon position. We can infer that pseudogenes are evolving neutrally and that the evolution of functional genes is slowed by functional constraint. This constraint is less apparent for the third codon position.",1
490,"Based on the abovementioned results, explain why pseudogenes evolve faster than their functional counterparts and why this pattern is different for the third position in codons.","Pseudogenes do not confer any selective advantages, so they do not have any effects for the survival of the organisme. Because they are not as subjected to selective pressures as their functional counterpart, it can be allowed to let mutation accumulate more freely. And because the third position of the codon is different because though it changes, it can still form the same amino acid. And maybe because at the third position of a functional genes, it can be much more tolerated without disrupting the protein function. This tolerance reduces the selective pressure on this last position, therefore leading to a higher evolution in contrast the first two positions.","Pseudogenes evolve faster than their functional counterparts, because some mutations at functional genes will be deleterious since they affect the function of the gene. In contrast, all of the mutations at pseudogenes should be neutral. Given that the substitution rate of deleterious mutations is much lower than that of neutral mutations, the lack of functional constraint allows pseudogenes to evolve faster than the functional genes. This difference is smallest at the third codon position. We can infer that pseudogenes are evolving neutrally and that the evolution of functional genes is slowed by functional constraint. This constraint is less apparent for the third codon position.",4
491,"Based on the abovementioned results, explain why pseudogenes evolve faster than their functional counterparts and why this pattern is different for the third position in codons.","Omdat pseudogenen niet 'aan' staan kunnen deleterious mutaties voorkomen die vervolgens geen effect hebben op de fitness van het individu. Hierdoor kunnen bepaalde mutaties oplopen of verder evolueren, die anders door natuurlijke selectie zouden verminderen in een 'normaal' gen. Omdat positie 3 in het codon een zogezegde wiebelbase is, zijn er meerdere combinaties mogelijk op codon 3 die uiteindelijk geen verschil maken in het uiteindelijke aminozuur. Hierdoor is er waarschijnlijk een kleiner verschil tussen mouse a1 en a3 op die positie in vergelijking met de eerste 2.","Pseudogenes evolve faster than their functional counterparts, because some mutations at functional genes will be deleterious since they affect the function of the gene. In contrast, all of the mutations at pseudogenes should be neutral. Given that the substitution rate of deleterious mutations is much lower than that of neutral mutations, the lack of functional constraint allows pseudogenes to evolve faster than the functional genes. This difference is smallest at the third codon position. We can infer that pseudogenes are evolving neutrally and that the evolution of functional genes is slowed by functional constraint. This constraint is less apparent for the third codon position.",3
492,"Based on the abovementioned results, explain why pseudogenes evolve faster than their functional counterparts and why this pattern is different for the third position in codons.",pseudogenen hebben een versnelde evolutie omdat zij niet bijdragen aan de fitness of overleving en ervaren dus geen selectiedruk. Het patroon is anders op de derde positie omdat dit een wobble positie is en dus minder gevoelig is voor de nucleotideverandering waardoor het verschil minder is,"Pseudogenes evolve faster than their functional counterparts, because some mutations at functional genes will be deleterious since they affect the function of the gene. In contrast, all of the mutations at pseudogenes should be neutral. Given that the substitution rate of deleterious mutations is much lower than that of neutral mutations, the lack of functional constraint allows pseudogenes to evolve faster than the functional genes. This difference is smallest at the third codon position. We can infer that pseudogenes are evolving neutrally and that the evolution of functional genes is slowed by functional constraint. This constraint is less apparent for the third codon position.",2
493,"Based on the abovementioned results, explain why pseudogenes evolve faster than their functional counterparts and why this pattern is different for the third position in codons.","Pseudogenes evolve faster as the number of substitutions is higher in pseudogenes in comparison with 'normal' genes. Mutations are in very rare cases advantageous, meaning most mutations are either deleterious or neutral. When a mutation occurs in the 'normal' genes, there is a larger change that this causes negative effects, resulting in a lower fitness. This means that the 'normal' genes will evolve slower than the pseudogenes, as there is no kind of 'selection' on the pseudogenes as they don't have an effect on the phenotype. The third position in codons is an exception as this position often results in the same amino acid. This means a mutation in the third poisition has no (large) influence on the fitness and therefore this mutation is passed on to the offspring. ","Pseudogenes evolve faster than their functional counterparts, because some mutations at functional genes will be deleterious since they affect the function of the gene. In contrast, all of the mutations at pseudogenes should be neutral. Given that the substitution rate of deleterious mutations is much lower than that of neutral mutations, the lack of functional constraint allows pseudogenes to evolve faster than the functional genes. This difference is smallest at the third codon position. We can infer that pseudogenes are evolving neutrally and that the evolution of functional genes is slowed by functional constraint. This constraint is less apparent for the third codon position.",4
494,"Based on the abovementioned results, explain why pseudogenes evolve faster than their functional counterparts and why this pattern is different for the third position in codons.",the pattern of evolution is different for third position codons because differences of the third position often don't lead to a change in amino sequence. ,"Pseudogenes evolve faster than their functional counterparts, because some mutations at functional genes will be deleterious since they affect the function of the gene. In contrast, all of the mutations at pseudogenes should be neutral. Given that the substitution rate of deleterious mutations is much lower than that of neutral mutations, the lack of functional constraint allows pseudogenes to evolve faster than the functional genes. This difference is smallest at the third codon position. We can infer that pseudogenes are evolving neutrally and that the evolution of functional genes is slowed by functional constraint. This constraint is less apparent for the third codon position.",1
495,"Based on the abovementioned results, explain why pseudogenes evolve faster than their functional counterparts and why this pattern is different for the third position in codons.","Wanneer mutaties normaal gesproken zorgen voor een negatief effect, blijven ze niet bestaan. Dit remt de mutatiesnelheid van een gen. Anders dan hun functionele counterparts, hebben pseudogenes geen functie meer. Hierdoor kan elke mutatie blijven bestaan, en gaat de mutatiesnelheid dus omhoog. Hierdoor evolueren pseudogenes sneller. Bij de derde positie in de codons, zorgen veranderen vaak niet voor een (grote) verandering in het eiwit, omdat het codon vaak voor dezelfde aminozuur blijft coderen. Hierdoor gaat de mutatiesnelheid van het derde codon bij functionele counterparts sneller dan die van de eerste en tweede codon. ","Pseudogenes evolve faster than their functional counterparts, because some mutations at functional genes will be deleterious since they affect the function of the gene. In contrast, all of the mutations at pseudogenes should be neutral. Given that the substitution rate of deleterious mutations is much lower than that of neutral mutations, the lack of functional constraint allows pseudogenes to evolve faster than the functional genes. This difference is smallest at the third codon position. We can infer that pseudogenes are evolving neutrally and that the evolution of functional genes is slowed by functional constraint. This constraint is less apparent for the third codon position.",4
496,"Based on the abovementioned results, explain why pseudogenes evolve faster than their functional counterparts and why this pattern is different for the third position in codons.","Pseudogenes are likely to evolve faster than functional genes, since mutations that would normally be deleterious in pseudogenes do not affect the organism to the same extent deleterious mutations would affect functional genes. This is because the organism is not affected in a negative way if the pseudogene has deleterious mutations, since the gene is non-functional anyways. Therefore mutations that occur in this pseudogene can spread and be spread amongst offspring. However, in functional genes, offspring with a deleterious mutation will reduce the fitness of the individual and causes the mutation to be less easily passed on to next generations. Therefore pseudogenes evolve faster than their functional counterparts. The first and second position will be affected more in this instance, because point mutations in these codons are often non-synonymous, meaning they might change the amino acid they \""code\"" for or they might even change into a stop codon. This causes the mutations in the first and second position to have a bigger impact on the fitness of the organism, which is why it will most likely be easilier for an organism with pseudogenes to endure these mutations as they will not affect their fitness since their pseudogenes are non-functional. This is different for the third position of a codon however, since point mutations in these positions are often synonymous, meaning they dont change the amino acid. Therefore mutations in the third position are not as likely to affect fitness in functional genes (they can still have a small impact due to folding structure etc) and are thus less likely to differ in abundance between pseudo and functional genes ","Pseudogenes evolve faster than their functional counterparts, because some mutations at functional genes will be deleterious since they affect the function of the gene. In contrast, all of the mutations at pseudogenes should be neutral. Given that the substitution rate of deleterious mutations is much lower than that of neutral mutations, the lack of functional constraint allows pseudogenes to evolve faster than the functional genes. This difference is smallest at the third codon position. We can infer that pseudogenes are evolving neutrally and that the evolution of functional genes is slowed by functional constraint. This constraint is less apparent for the third codon position.",3
497,"Based on the abovementioned results, explain why pseudogenes evolve faster than their functional counterparts and why this pattern is different for the third position in codons.","Pseudogenen hebben (volgensmij) geen functie, en dus wanneer er een mutatie plaatsvind in een pseudogen zal dit geen invloed hebben op de fitness. Stel je voor deze mutatie is negatief, heeft dat geen negatief effect op de fitness, dus kunnen pseudogenen sneller evolueren dan functionele genen waarbij negatieve mutaties wel een negatief effect op de fitness opleveren. Het effect van een mutatie in de derde positie van een codon heeft in vergelijking met de eerste twee basen een enorm klein effect op grotere schaal (ik weet niet goed hoe ik het hier het beste kan noemen, weinig effect op het eiwit? op het fenotype? op het organise? op de fitness?) omdat variatie in de derde base van het codon vaak niet tot een ander aminozuur leidt.","Pseudogenes evolve faster than their functional counterparts, because some mutations at functional genes will be deleterious since they affect the function of the gene. In contrast, all of the mutations at pseudogenes should be neutral. Given that the substitution rate of deleterious mutations is much lower than that of neutral mutations, the lack of functional constraint allows pseudogenes to evolve faster than the functional genes. This difference is smallest at the third codon position. We can infer that pseudogenes are evolving neutrally and that the evolution of functional genes is slowed by functional constraint. This constraint is less apparent for the third codon position.",4
498,"Based on the abovementioned results, explain why pseudogenes evolve faster than their functional counterparts and why this pattern is different for the third position in codons.","Pseudogenen zijn niet-functionele genen. Omdat zij niet langer actief coderen voor aminozuren kunnen mutaties zich in deze genen ophopen zonder dat dit effect heeft, de mutaties zijn dan dus niet nadelig. In functionele genen zullen mutaties vaak wel een nadelig effect hebben, want zoals de neutral theory aanneemt zullende meeste mutaties  nadelig of neutraal van aard zijn. Mutaties op de derde codonpositie hebben minder effect, omdat deze mutaties vaak synoniem zijn en het codon dan voor hetzelfde aminozuur blijft coderen. De mutaties zullen nog wel vaker voorkomen in de pseudogenen, maar het verschil met de functionele genen is minder groot omdat de mutatie minder nadelig is.","Pseudogenes evolve faster than their functional counterparts, because some mutations at functional genes will be deleterious since they affect the function of the gene. In contrast, all of the mutations at pseudogenes should be neutral. Given that the substitution rate of deleterious mutations is much lower than that of neutral mutations, the lack of functional constraint allows pseudogenes to evolve faster than the functional genes. This difference is smallest at the third codon position. We can infer that pseudogenes are evolving neutrally and that the evolution of functional genes is slowed by functional constraint. This constraint is less apparent for the third codon position.",3
499,"Based on the abovementioned results, explain why pseudogenes evolve faster than their functional counterparts and why this pattern is different for the third position in codons.","Pseudogenes evolve faster than their functional counterparts because mutations in these pseudogenes do not influence fitness (as these genes are not functional) and there is thus no selection pressure acting against mutations. This pattern is different for the third position in codons because even in functional genes, most mutations in the third codon are synonymous mutations leading to formation of the same protein. Because most of these mutations are synonymous, there is also no selection pressure against mutations in the third codon of functional genes, like there is no selection pressure against mutations in pseudogenes, and mutations happen faster in the third position of a codon. The pattern of evolution is therefore different for the third position in codons.","Pseudogenes evolve faster than their functional counterparts, because some mutations at functional genes will be deleterious since they affect the function of the gene. In contrast, all of the mutations at pseudogenes should be neutral. Given that the substitution rate of deleterious mutations is much lower than that of neutral mutations, the lack of functional constraint allows pseudogenes to evolve faster than the functional genes. This difference is smallest at the third codon position. We can infer that pseudogenes are evolving neutrally and that the evolution of functional genes is slowed by functional constraint. This constraint is less apparent for the third codon position.",5
500,"Based on the abovementioned results, explain why pseudogenes evolve faster than their functional counterparts and why this pattern is different for the third position in codons.","Pseudogenen evolueren sneller omdat ze geen functie hebben, waardoor ze meer de ruimte hebben om te evolueren. Als functionele genen evolueren dan heeft dat invloed op de functie die ze uit oefenen daardoor ondervinden ze meer selectiedrukken en hebben functionele genen dus minder de ruimte om snel te evolueren. Dit patroon is anders bij de codon op de derde positie omdat verandering van die codon minder invloed heeft op de aminozuren dan verandering van de codons op de eerste en tweede positie. De codon op de derde positie heeft dus meer de ruimte om te divergeren, dan de andere twee codons. Hierdoor is het verschil minder groot tussen de mouse ??3 en mouse ?1.","Pseudogenes evolve faster than their functional counterparts, because some mutations at functional genes will be deleterious since they affect the function of the gene. In contrast, all of the mutations at pseudogenes should be neutral. Given that the substitution rate of deleterious mutations is much lower than that of neutral mutations, the lack of functional constraint allows pseudogenes to evolve faster than the functional genes. This difference is smallest at the third codon position. We can infer that pseudogenes are evolving neutrally and that the evolution of functional genes is slowed by functional constraint. This constraint is less apparent for the third codon position.",5
501,"Based on the abovementioned results, explain why pseudogenes evolve faster than their functional counterparts and why this pattern is different for the third position in codons.","Pseudogenes are believed to be non-functional. When this pseudogene mutates it will always be a neutral mutation since it has no implication to fitness of the organism. This means the mutation will survive and gets to reproduce, which gives rise to other mutations. Therefore it evolves faster than their functional counterparts. This pattern is different for the 3rd position in codons because the third position of codons does mutate quicker than the other two in both functional and non-functional genes, leaving the difference to be smaller.","Pseudogenes evolve faster than their functional counterparts, because some mutations at functional genes will be deleterious since they affect the function of the gene. In contrast, all of the mutations at pseudogenes should be neutral. Given that the substitution rate of deleterious mutations is much lower than that of neutral mutations, the lack of functional constraint allows pseudogenes to evolve faster than the functional genes. This difference is smallest at the third codon position. We can infer that pseudogenes are evolving neutrally and that the evolution of functional genes is slowed by functional constraint. This constraint is less apparent for the third codon position.",4
502,"Based on the abovementioned results, explain why pseudogenes evolve faster than their functional counterparts and why this pattern is different for the third position in codons.","Pseudogenen evolueren sneller omdat de mutaties die ontstaan bij deze genen, niet schadelijk zijn. Dit betekent dat deze mutaties dus kunnen ophopen zonder negatieve gevolgen. De mutaties zorgen wel voor een snellere evolution rate omdat meer mutaties leiden tot meer evolutionary change. Het patroon is anders op de derde positie van de codons omdat mutaties op deze positie weinig tot geen effect hebben op het aminozuur zelf. Dus dan is het logisch dat niet perse betekent dat ze sneller evolueren.","Pseudogenes evolve faster than their functional counterparts, because some mutations at functional genes will be deleterious since they affect the function of the gene. In contrast, all of the mutations at pseudogenes should be neutral. Given that the substitution rate of deleterious mutations is much lower than that of neutral mutations, the lack of functional constraint allows pseudogenes to evolve faster than the functional genes. This difference is smallest at the third codon position. We can infer that pseudogenes are evolving neutrally and that the evolution of functional genes is slowed by functional constraint. This constraint is less apparent for the third codon position.",3
503,Hypothesize how the flowing direction of the river gives rise to the abovementioned artefact.,De rivier stroomt van noord naar zuid en omdat de oudste populaties in het noorden zitten zijn ze verspreid door met de waterstroom meegegaan. Hierdoor kon de populatie zich verplaatsen naar het zuiden waar dus nieuwe jongere populaties ontstonden.,"Since the mites are not expected to be able to disperse upstream, the gene flow in this system is directional, with genes moving between populations only in a downstream direction. This creates the artifact in Figure 4 that makes it appear that the oldest populations are in the north. In a phylogenetic tree showing relationships between separate taxa, genes only move “downstream” from ancestors to descendants, and thus the oldest taxa are closest to the root of the tree. The tree in Figure 4 has a similar shape, but for a different reason having nothing to do with the age of the populations, but rather because of the nature of gene flow between them.",3
504,Hypothesize how the flowing direction of the river gives rise to the abovementioned artefact.,"Volgens de hypothese worden de populaties recenter als je met de richting van de rivier meegaat. Een mogelijke verklaring hiervoor is dat dit gebied rondom de rivier later ontstaan is door het snijden van land door de rivier. De vliegen kunnen niet meer terug naar het Noorden tegen de richting in, dus moeten zich hier aanpassen aan de omstandigheden en vormen zo een nieuwe populatie.","Since the mites are not expected to be able to disperse upstream, the gene flow in this system is directional, with genes moving between populations only in a downstream direction. This creates the artifact in Figure 4 that makes it appear that the oldest populations are in the north. In a phylogenetic tree showing relationships between separate taxa, genes only move “downstream” from ancestors to descendants, and thus the oldest taxa are closest to the root of the tree. The tree in Figure 4 has a similar shape, but for a different reason having nothing to do with the age of the populations, but rather because of the nature of gene flow between them.",1
505,Hypothesize how the flowing direction of the river gives rise to the abovementioned artefact.,"De rivier stroomt van noord naar zuid, dus er is een grotere kans dat de gene flow deze richting opgaat ipv van het zuiden naar noorden. Hierdoor blijven de oudere populaties in het noorden bestaan. De populaties in het zuiden aan het einde van de rivier hebben een hogere mate van gene flow en daardoor ontstaan er recentere populaties. ","Since the mites are not expected to be able to disperse upstream, the gene flow in this system is directional, with genes moving between populations only in a downstream direction. This creates the artifact in Figure 4 that makes it appear that the oldest populations are in the north. In a phylogenetic tree showing relationships between separate taxa, genes only move “downstream” from ancestors to descendants, and thus the oldest taxa are closest to the root of the tree. The tree in Figure 4 has a similar shape, but for a different reason having nothing to do with the age of the populations, but rather because of the nature of gene flow between them.",3
506,Hypothesize how the flowing direction of the river gives rise to the abovementioned artefact.,"Suppose that a fly lays eggs in the clay of the river where Lake Hitchcock once was. A couple of the eggs that this fly lay dislodge from the clay and are moved with the current of the river further south. Eventually the eggs land manage to get trapped in the clay again and hatch, but these larvae are now separated from the original population. The larvae grow up and eventually lay their own eggs in the clay where they hatched. These flies form their own, new population which starts to differ slightly from the original population because of restricted gene flow. This egg dislodgement can then also happen to thís population, creating new populations further south. Through time, the dislodgement of eggs in combination with the direction of the river current could explain why the genetic distance increases the further south you go from Lake Hitchcock.","Since the mites are not expected to be able to disperse upstream, the gene flow in this system is directional, with genes moving between populations only in a downstream direction. This creates the artifact in Figure 4 that makes it appear that the oldest populations are in the north. In a phylogenetic tree showing relationships between separate taxa, genes only move “downstream” from ancestors to descendants, and thus the oldest taxa are closest to the root of the tree. The tree in Figure 4 has a similar shape, but for a different reason having nothing to do with the age of the populations, but rather because of the nature of gene flow between them.",1900-01-03 00:00:00
507,Hypothesize how the flowing direction of the river gives rise to the abovementioned artefact.,"The larvae could have first existed in Lake Coös. The larvae from northern populations could have been carried downstream by the water, resulting in populations further south as time goes on.  ","Since the mites are not expected to be able to disperse upstream, the gene flow in this system is directional, with genes moving between populations only in a downstream direction. This creates the artifact in Figure 4 that makes it appear that the oldest populations are in the north. In a phylogenetic tree showing relationships between separate taxa, genes only move “downstream” from ancestors to descendants, and thus the oldest taxa are closest to the root of the tree. The tree in Figure 4 has a similar shape, but for a different reason having nothing to do with the age of the populations, but rather because of the nature of gene flow between them.",2
508,Hypothesize how the flowing direction of the river gives rise to the abovementioned artefact.,"Younger populations the more south you go, while the water in the river also moves south ? this is mentioned in the text. it's not as if they can go upstream, right ?","Since the mites are not expected to be able to disperse upstream, the gene flow in this system is directional, with genes moving between populations only in a downstream direction. This creates the artifact in Figure 4 that makes it appear that the oldest populations are in the north. In a phylogenetic tree showing relationships between separate taxa, genes only move “downstream” from ancestors to descendants, and thus the oldest taxa are closest to the root of the tree. The tree in Figure 4 has a similar shape, but for a different reason having nothing to do with the age of the populations, but rather because of the nature of gene flow between them.",1
509,Hypothesize how the flowing direction of the river gives rise to the abovementioned artefact.,"De populaties die aan de noordkant van de rivier leefden, werden verspreid door middel van de stroming van de rivier. De larven werden meegenomen met de stroming van de rivier en zo kwamen er individuen verder richting het zuiden van de rivier. Die bleven op verschillende plekken langs de rivier en plantten zich voort. Zo ontstonden er nieuwe populaties van de soort. ","Since the mites are not expected to be able to disperse upstream, the gene flow in this system is directional, with genes moving between populations only in a downstream direction. This creates the artifact in Figure 4 that makes it appear that the oldest populations are in the north. In a phylogenetic tree showing relationships between separate taxa, genes only move “downstream” from ancestors to descendants, and thus the oldest taxa are closest to the root of the tree. The tree in Figure 4 has a similar shape, but for a different reason having nothing to do with the age of the populations, but rather because of the nature of gene flow between them.",2
510,Hypothesize how the flowing direction of the river gives rise to the abovementioned artefact.,"Since the river flows to the south, the northern populations will have been isolated for the longest and thus are older than the populations southwards. Due to the direction of the river, dispersion has taken place towards the south, and therefore the populations more south get more genetically diverse when the distance grows.","Since the mites are not expected to be able to disperse upstream, the gene flow in this system is directional, with genes moving between populations only in a downstream direction. This creates the artifact in Figure 4 that makes it appear that the oldest populations are in the north. In a phylogenetic tree showing relationships between separate taxa, genes only move “downstream” from ancestors to descendants, and thus the oldest taxa are closest to the root of the tree. The tree in Figure 4 has a similar shape, but for a different reason having nothing to do with the age of the populations, but rather because of the nature of gene flow between them.",2
511,Hypothesize how the flowing direction of the river gives rise to the abovementioned artefact.,"you can hypothesise that if at the nothern part the oldest populations can be found and the water flows from north to south that the most taxa can be found at the nouthern part. Then occasionally a couple drift off to the southern part due to the flow of the river, causing genetic drift and thus eventually the formation of new but younger taxa","Since the mites are not expected to be able to disperse upstream, the gene flow in this system is directional, with genes moving between populations only in a downstream direction. This creates the artifact in Figure 4 that makes it appear that the oldest populations are in the north. In a phylogenetic tree showing relationships between separate taxa, genes only move “downstream” from ancestors to descendants, and thus the oldest taxa are closest to the root of the tree. The tree in Figure 4 has a similar shape, but for a different reason having nothing to do with the age of the populations, but rather because of the nature of gene flow between them.",1
512,Hypothesize how the flowing direction of the river gives rise to the abovementioned artefact.,Doordat de rivier van noord naar zuid stroomt kunnnen de populaties die meer noordelijk leven via de rivier meer naar het zuiden worden meegenomen. zo kunnen deze populaties evolueren en zo veel verder van de noordelijke populaties af komen te staan. andersom kan niet omdat de rivier nooit van zuid naar noord gaat stromen,"Since the mites are not expected to be able to disperse upstream, the gene flow in this system is directional, with genes moving between populations only in a downstream direction. This creates the artifact in Figure 4 that makes it appear that the oldest populations are in the north. In a phylogenetic tree showing relationships between separate taxa, genes only move “downstream” from ancestors to descendants, and thus the oldest taxa are closest to the root of the tree. The tree in Figure 4 has a similar shape, but for a different reason having nothing to do with the age of the populations, but rather because of the nature of gene flow between them.",3
513,Hypothesize how the flowing direction of the river gives rise to the abovementioned artefact.,The flow is able to restrict animals in a way that their drift can only go one way(in the direction of the flow). The oldest population lives in the north and since some animals got seperated from their their decendants had to go more south bevcaise of the current,"Since the mites are not expected to be able to disperse upstream, the gene flow in this system is directional, with genes moving between populations only in a downstream direction. This creates the artifact in Figure 4 that makes it appear that the oldest populations are in the north. In a phylogenetic tree showing relationships between separate taxa, genes only move “downstream” from ancestors to descendants, and thus the oldest taxa are closest to the root of the tree. The tree in Figure 4 has a similar shape, but for a different reason having nothing to do with the age of the populations, but rather because of the nature of gene flow between them.",1
514,Hypothesize how the flowing direction of the river gives rise to the abovementioned artefact.,"Due to the flow of the river in the direction of north to south, it facilitates the gene flow from old to recent populations.","Since the mites are not expected to be able to disperse upstream, the gene flow in this system is directional, with genes moving between populations only in a downstream direction. This creates the artifact in Figure 4 that makes it appear that the oldest populations are in the north. In a phylogenetic tree showing relationships between separate taxa, genes only move “downstream” from ancestors to descendants, and thus the oldest taxa are closest to the root of the tree. The tree in Figure 4 has a similar shape, but for a different reason having nothing to do with the age of the populations, but rather because of the nature of gene flow between them.",2
515,Hypothesize how the flowing direction of the river gives rise to the abovementioned artefact.,"The flies first appeared in the northern most part of Lake Hitchcock, and later on in the southern part as well, makes sense considering the flowing direction of the lake. The water flows from north to south, which means that the flow brought the flies southwards gradually over time. This aligns with the abovementioned results, and thus the artefact.","Since the mites are not expected to be able to disperse upstream, the gene flow in this system is directional, with genes moving between populations only in a downstream direction. This creates the artifact in Figure 4 that makes it appear that the oldest populations are in the north. In a phylogenetic tree showing relationships between separate taxa, genes only move “downstream” from ancestors to descendants, and thus the oldest taxa are closest to the root of the tree. The tree in Figure 4 has a similar shape, but for a different reason having nothing to do with the age of the populations, but rather because of the nature of gene flow between them.",2
516,Hypothesize how the flowing direction of the river gives rise to the abovementioned artefact.,"The river flows from North to South, so individuals may have floated from North to South to settle there. Then the populations in the South are younger have had less time there to adapt to the specific environment. ","Since the mites are not expected to be able to disperse upstream, the gene flow in this system is directional, with genes moving between populations only in a downstream direction. This creates the artifact in Figure 4 that makes it appear that the oldest populations are in the north. In a phylogenetic tree showing relationships between separate taxa, genes only move “downstream” from ancestors to descendants, and thus the oldest taxa are closest to the root of the tree. The tree in Figure 4 has a similar shape, but for a different reason having nothing to do with the age of the populations, but rather because of the nature of gene flow between them.",1
517,Hypothesize how the flowing direction of the river gives rise to the abovementioned artefact.,"Because the river flows form north to south, the species have distributed in the same way. When a new species was formed, it had partly the same niche as the older species. So it travelled more downstream to avoid competition.","Since the mites are not expected to be able to disperse upstream, the gene flow in this system is directional, with genes moving between populations only in a downstream direction. This creates the artifact in Figure 4 that makes it appear that the oldest populations are in the north. In a phylogenetic tree showing relationships between separate taxa, genes only move “downstream” from ancestors to descendants, and thus the oldest taxa are closest to the root of the tree. The tree in Figure 4 has a similar shape, but for a different reason having nothing to do with the age of the populations, but rather because of the nature of gene flow between them.",0
518,Hypothesize how the flowing direction of the river gives rise to the abovementioned artefact.,"The oldest population is found in the northest lake, from here the water flow to the other lake in the south. With this water flow individuals from the northern population could dispersed to the south. These individuals couldn't return to the original population due to the water flow direction. Over the generations the southern population could have adapted en specation could have happend. Making the difference greater with te northern lake. ","Since the mites are not expected to be able to disperse upstream, the gene flow in this system is directional, with genes moving between populations only in a downstream direction. This creates the artifact in Figure 4 that makes it appear that the oldest populations are in the north. In a phylogenetic tree showing relationships between separate taxa, genes only move “downstream” from ancestors to descendants, and thus the oldest taxa are closest to the root of the tree. The tree in Figure 4 has a similar shape, but for a different reason having nothing to do with the age of the populations, but rather because of the nature of gene flow between them.",2
519,Hypothesize how the flowing direction of the river gives rise to the abovementioned artefact.,"My hypothesis is that the flowing of the river occasionally caused a dispersal of eggs or larvae downstream, causing a sort of one way route for the midges to travel over, as they could not return to their original population. Then, these midges could lay eggs in this new area of their own, eventually evolving new behaviors, thus that any newly washed up eggs or larvae would have a much harder time finding a suitable mate, decreasing their chance to successfully reproduce.","Since the mites are not expected to be able to disperse upstream, the gene flow in this system is directional, with genes moving between populations only in a downstream direction. This creates the artifact in Figure 4 that makes it appear that the oldest populations are in the north. In a phylogenetic tree showing relationships between separate taxa, genes only move “downstream” from ancestors to descendants, and thus the oldest taxa are closest to the root of the tree. The tree in Figure 4 has a similar shape, but for a different reason having nothing to do with the age of the populations, but rather because of the nature of gene flow between them.",1
520,Hypothesize how the flowing direction of the river gives rise to the abovementioned artefact.,"The river flows from north to south. Therefore the oldest species are found in the north and when you go more southb they are younger, becausr they follow the clay which follows the stream; they aren't able to move north.","Since the mites are not expected to be able to disperse upstream, the gene flow in this system is directional, with genes moving between populations only in a downstream direction. This creates the artifact in Figure 4 that makes it appear that the oldest populations are in the north. In a phylogenetic tree showing relationships between separate taxa, genes only move “downstream” from ancestors to descendants, and thus the oldest taxa are closest to the root of the tree. The tree in Figure 4 has a similar shape, but for a different reason having nothing to do with the age of the populations, but rather because of the nature of gene flow between them.",2
521,Hypothesize how the flowing direction of the river gives rise to the abovementioned artefact.,"The Northern part of the river is the place where the fish originated, the movement of fish is restricted by the small river connectivity in the south but there is some dispersal possible with the current of the river which is from North to South. Some fish in the North follow the stream to the south but because the currents are from North to south they can't or not easily swim back to the North. Therefore the above-mentioned artifact is created. Some fish are dispersed further south well the original population stays in the Northern part of the lake. ","Since the mites are not expected to be able to disperse upstream, the gene flow in this system is directional, with genes moving between populations only in a downstream direction. This creates the artifact in Figure 4 that makes it appear that the oldest populations are in the north. In a phylogenetic tree showing relationships between separate taxa, genes only move “downstream” from ancestors to descendants, and thus the oldest taxa are closest to the root of the tree. The tree in Figure 4 has a similar shape, but for a different reason having nothing to do with the age of the populations, but rather because of the nature of gene flow between them.",1
522,Hypothesize how the flowing direction of the river gives rise to the abovementioned artefact.,"In a unique ecosystem like this, colonization starts in a small part of this ecosystem. If this colonizing species is adapted to the ecosystem, the population will grow, until eventually the population becomes too big for the colonized location. To still be able to survive and let the population grow even more, the species will disperse to other parts of the river. It is easier for the individuals to travel through the river following the direction of the flow as it costs less energy. In this case that means that the population will disperse from north to south. Since these new locations are all pretty isolated from each other and in the proces of dispersing the species also evolves, over time, new populations will form. The genetic difference between the populations can become bigger as these populations become more and more separated from each other. The process of colonizing new parts of the river south worth keeps going as the populations grow. As a result, the youngest populations will be located in the southernmost parts of the river.","Since the mites are not expected to be able to disperse upstream, the gene flow in this system is directional, with genes moving between populations only in a downstream direction. This creates the artifact in Figure 4 that makes it appear that the oldest populations are in the north. In a phylogenetic tree showing relationships between separate taxa, genes only move “downstream” from ancestors to descendants, and thus the oldest taxa are closest to the root of the tree. The tree in Figure 4 has a similar shape, but for a different reason having nothing to do with the age of the populations, but rather because of the nature of gene flow between them.",4
523,Hypothesize how the flowing direction of the river gives rise to the abovementioned artefact.,Het zijn twee verschillende rivieren. De organismen zijn origneel begonnen in de bovenste rivier. Vervolgens zijn er organismen naar beneden bewogen en zijn er steeds nieuwe taxa ontstaan.,"Since the mites are not expected to be able to disperse upstream, the gene flow in this system is directional, with genes moving between populations only in a downstream direction. This creates the artifact in Figure 4 that makes it appear that the oldest populations are in the north. In a phylogenetic tree showing relationships between separate taxa, genes only move “downstream” from ancestors to descendants, and thus the oldest taxa are closest to the root of the tree. The tree in Figure 4 has a similar shape, but for a different reason having nothing to do with the age of the populations, but rather because of the nature of gene flow between them.",0
524,Hypothesize how the flowing direction of the river gives rise to the abovementioned artefact.,"Doordat de knoop (?) met de waarde 100 zekerheid geeft over dat deze taxa (groen) los is van de andere taxa (geel). Dit is dus de eerste afstamming van deze taxa. Om deze reden verwacht je dat de stroomrichting van het water van noord naar zuid loopt, omdat er alleen sprake is van overlap in taxa in het Hitchcock meer.","Since the mites are not expected to be able to disperse upstream, the gene flow in this system is directional, with genes moving between populations only in a downstream direction. This creates the artifact in Figure 4 that makes it appear that the oldest populations are in the north. In a phylogenetic tree showing relationships between separate taxa, genes only move “downstream” from ancestors to descendants, and thus the oldest taxa are closest to the root of the tree. The tree in Figure 4 has a similar shape, but for a different reason having nothing to do with the age of the populations, but rather because of the nature of gene flow between them.",0
525,Hypothesize how the flowing direction of the river gives rise to the abovementioned artefact.,"Wanneer de rivier van noord naar zuid stroomt, neemt deze modder mee met daarin individuen van de noordelijke vlieg populatie. Er vindt dus migratie plaats van noord naar zuid van een deel van de noordelijke populatie. Dit kan verantwoordelijk zijn voor isolatie van de nieuwe populatie. De nieuwe populatie anders ontwikkelen dan de oude populatie en op den duur zou er zelfs een nieuwe soort kunnen ontstaan. De nieuwe populatie zal dus meer afwijken van de originele populatie.","Since the mites are not expected to be able to disperse upstream, the gene flow in this system is directional, with genes moving between populations only in a downstream direction. This creates the artifact in Figure 4 that makes it appear that the oldest populations are in the north. In a phylogenetic tree showing relationships between separate taxa, genes only move “downstream” from ancestors to descendants, and thus the oldest taxa are closest to the root of the tree. The tree in Figure 4 has a similar shape, but for a different reason having nothing to do with the age of the populations, but rather because of the nature of gene flow between them.",1
526,Hypothesize how the flowing direction of the river gives rise to the abovementioned artefact.,De stroom van de rivier naar het zuiden zal de larven verplaatsen. Uiteindelijk kan er een nieuwe soort ontstaan in het nieuwe gebied en kunnen deze larven ook weer mee naar het zuiden genomen worden door de stroming. De nieuwere soorten zullen dus meer zuidelijker zitten,"Since the mites are not expected to be able to disperse upstream, the gene flow in this system is directional, with genes moving between populations only in a downstream direction. This creates the artifact in Figure 4 that makes it appear that the oldest populations are in the north. In a phylogenetic tree showing relationships between separate taxa, genes only move “downstream” from ancestors to descendants, and thus the oldest taxa are closest to the root of the tree. The tree in Figure 4 has a similar shape, but for a different reason having nothing to do with the age of the populations, but rather because of the nature of gene flow between them.",1
527,Hypothesize how the flowing direction of the river gives rise to the abovementioned artefact.,"Eitjes die gelegd worden, worden meegenomen door de rivier. Doordat de omgeving verschillend is lager in de rivier zullen de vliegen door evolutie een nieuwe soort worden. Zo gaat dit door naar het zuiden.","Since the mites are not expected to be able to disperse upstream, the gene flow in this system is directional, with genes moving between populations only in a downstream direction. This creates the artifact in Figure 4 that makes it appear that the oldest populations are in the north. In a phylogenetic tree showing relationships between separate taxa, genes only move “downstream” from ancestors to descendants, and thus the oldest taxa are closest to the root of the tree. The tree in Figure 4 has a similar shape, but for a different reason having nothing to do with the age of the populations, but rather because of the nature of gene flow between them.",1
528,Hypothesize how the flowing direction of the river gives rise to the abovementioned artefact.,"Als daar voor het laatste water was, heeft het meer tijd gehad te kunnen evolueren ","Since the mites are not expected to be able to disperse upstream, the gene flow in this system is directional, with genes moving between populations only in a downstream direction. This creates the artifact in Figure 4 that makes it appear that the oldest populations are in the north. In a phylogenetic tree showing relationships between separate taxa, genes only move “downstream” from ancestors to descendants, and thus the oldest taxa are closest to the root of the tree. The tree in Figure 4 has a similar shape, but for a different reason having nothing to do with the age of the populations, but rather because of the nature of gene flow between them.",0
529,Hypothesize how the flowing direction of the river gives rise to the abovementioned artefact.,De stroomrichting van de rivier gaat van Noord naar Zuid. Dit kun je uit de figuur halen. Aangezien de popluaties die uit het oude meer Coösmeer geen genen uit wisselen met de populaties die later zijn ontstaan in het Hitchcock lake. Door dat er geen genen uitwisseling hier tussen plaats vindt kan de rivier alleen maar eerst langs de oude populaties (de eerste afsplitsing in de UPGMA-boom wat geel gekleurd is)  stromen en dan daarna langs de jongere populaties (groen gekleurde deel van de UPGMA-boom) en dus van Noord naar Zuid. ,"Since the mites are not expected to be able to disperse upstream, the gene flow in this system is directional, with genes moving between populations only in a downstream direction. This creates the artifact in Figure 4 that makes it appear that the oldest populations are in the north. In a phylogenetic tree showing relationships between separate taxa, genes only move “downstream” from ancestors to descendants, and thus the oldest taxa are closest to the root of the tree. The tree in Figure 4 has a similar shape, but for a different reason having nothing to do with the age of the populations, but rather because of the nature of gene flow between them.",1
530,Hypothesize how the flowing direction of the river gives rise to the abovementioned artefact.,The most commen ancester of all the species lived on the nothern site of the lake. You can see that the oldest species live in lake Coös or nothern lake Hitchcock. Because of the current of the water some individuals of the species in the north are brought to southern waters and the rest of the population stays in its own habitat. The dispersed fishes specify there to other species and this happens more times until the fishes reach the most southern part of the lake. ,"Since the mites are not expected to be able to disperse upstream, the gene flow in this system is directional, with genes moving between populations only in a downstream direction. This creates the artifact in Figure 4 that makes it appear that the oldest populations are in the north. In a phylogenetic tree showing relationships between separate taxa, genes only move “downstream” from ancestors to descendants, and thus the oldest taxa are closest to the root of the tree. The tree in Figure 4 has a similar shape, but for a different reason having nothing to do with the age of the populations, but rather because of the nature of gene flow between them.",1
531,Hypothesize how the flowing direction of the river gives rise to the abovementioned artefact.,As a river starts to flow in a new area this area is probably made of mostly rocks or dirt. If water is flowing there for a long enough time species begin to colonize it. Some plants and algae start growing there bringing organic molecules in the system so herbivores can start living and breeding in the area. This makes way for carnivorous species to start living and breeding in the system. \nFlyeggs are less likely to flow upstream then to move with the flow. This will also influence the gene flow causing subpopulations to excist upstream that differ from the populations downstream. The mutations will build up because every more southern located population is derived from the population that is upstream from it. ,"Since the mites are not expected to be able to disperse upstream, the gene flow in this system is directional, with genes moving between populations only in a downstream direction. This creates the artifact in Figure 4 that makes it appear that the oldest populations are in the north. In a phylogenetic tree showing relationships between separate taxa, genes only move “downstream” from ancestors to descendants, and thus the oldest taxa are closest to the root of the tree. The tree in Figure 4 has a similar shape, but for a different reason having nothing to do with the age of the populations, but rather because of the nature of gene flow between them.",4
532,Hypothesize how the flowing direction of the river gives rise to the abovementioned artefact.,"Organisms in the Northern end may have colonized these areas earlier than the organisms in the southern end. As a result, the organisms in the Northern end may have had more time to establish and undergo genetic divergence leading to older populations.","Since the mites are not expected to be able to disperse upstream, the gene flow in this system is directional, with genes moving between populations only in a downstream direction. This creates the artifact in Figure 4 that makes it appear that the oldest populations are in the north. In a phylogenetic tree showing relationships between separate taxa, genes only move “downstream” from ancestors to descendants, and thus the oldest taxa are closest to the root of the tree. The tree in Figure 4 has a similar shape, but for a different reason having nothing to do with the age of the populations, but rather because of the nature of gene flow between them.",0
533,Hypothesize how the flowing direction of the river gives rise to the abovementioned artefact.,"The flies lay their eggs in the exposed clay of the river. In periods of high water level, these eggs might get swept away by the water and move downstream. These flies now lay their eggs more south. This can continue for multiple generations. So the more recent populations are most south.","Since the mites are not expected to be able to disperse upstream, the gene flow in this system is directional, with genes moving between populations only in a downstream direction. This creates the artifact in Figure 4 that makes it appear that the oldest populations are in the north. In a phylogenetic tree showing relationships between separate taxa, genes only move “downstream” from ancestors to descendants, and thus the oldest taxa are closest to the root of the tree. The tree in Figure 4 has a similar shape, but for a different reason having nothing to do with the age of the populations, but rather because of the nature of gene flow between them.",1
534,Hypothesize how the flowing direction of the river gives rise to the abovementioned artefact.,"As the river flows from north to south it might be more difficult for the populations to go back upstream and therefor the populations in the south mingle less with populations in the north. This means that their genetic variation becomes bigger, eventhough that the populations in the north might be just as old as the populations in the south.","Since the mites are not expected to be able to disperse upstream, the gene flow in this system is directional, with genes moving between populations only in a downstream direction. This creates the artifact in Figure 4 that makes it appear that the oldest populations are in the north. In a phylogenetic tree showing relationships between separate taxa, genes only move “downstream” from ancestors to descendants, and thus the oldest taxa are closest to the root of the tree. The tree in Figure 4 has a similar shape, but for a different reason having nothing to do with the age of the populations, but rather because of the nature of gene flow between them.",2
535,Hypothesize how the flowing direction of the river gives rise to the abovementioned artefact.,"Because the flow is from the upper lake to the lower lake, it is highly possible that a few individuals dispersed from the upper lake to the lower lake. The ones that dispersed to the lower lake have the possibility to evolve on their own, that's why you see the big genetic difference between the upper and lower lake. In the lower lake, the first group evolved further, but it originated from the first group that evolved in the lower lake.","Since the mites are not expected to be able to disperse upstream, the gene flow in this system is directional, with genes moving between populations only in a downstream direction. This creates the artifact in Figure 4 that makes it appear that the oldest populations are in the north. In a phylogenetic tree showing relationships between separate taxa, genes only move “downstream” from ancestors to descendants, and thus the oldest taxa are closest to the root of the tree. The tree in Figure 4 has a similar shape, but for a different reason having nothing to do with the age of the populations, but rather because of the nature of gene flow between them.",1
536,Hypothesize how the flowing direction of the river gives rise to the abovementioned artefact.,"Door de naar beneden stromen van de rivier komen de soorten die in het meer Hitchcock leven , leven onder meer en verschillende soorten omstandigheden vergeleken met de soorten in het meer Coös. Door deze verschillende omstandigheden zitten er meer soorten in het Hitchcock meer en zullen de soorten die verder ten zuiden leven meer genetic distance hebben met de Coös soorten dna de soorten in het noorden.","Since the mites are not expected to be able to disperse upstream, the gene flow in this system is directional, with genes moving between populations only in a downstream direction. This creates the artifact in Figure 4 that makes it appear that the oldest populations are in the north. In a phylogenetic tree showing relationships between separate taxa, genes only move “downstream” from ancestors to descendants, and thus the oldest taxa are closest to the root of the tree. The tree in Figure 4 has a similar shape, but for a different reason having nothing to do with the age of the populations, but rather because of the nature of gene flow between them.",0
537,Hypothesize how the flowing direction of the river gives rise to the abovementioned artefact.,"The oldest populations are in the northern end, this implies that this is where the other populations originate from. Since the rivers current flows from north to south, the watercurrents helped the individuals to slowly migrate to the more southern regions of the river. Therefore, the midgets could slowly migrate over the big distance of the river towads the south. Since the populations arrived in the more southern parts later, these populations have developed more recently. These populations have had less time to mutate, this shows in their genetics and shows that these populations have a more recent origin. ","Since the mites are not expected to be able to disperse upstream, the gene flow in this system is directional, with genes moving between populations only in a downstream direction. This creates the artifact in Figure 4 that makes it appear that the oldest populations are in the north. In a phylogenetic tree showing relationships between separate taxa, genes only move “downstream” from ancestors to descendants, and thus the oldest taxa are closest to the root of the tree. The tree in Figure 4 has a similar shape, but for a different reason having nothing to do with the age of the populations, but rather because of the nature of gene flow between them.",1
538,Hypothesize how the flowing direction of the river gives rise to the abovementioned artefact.,"Ervanuitgaande dat de rivier van Noord naar Zuid stroomt, zal er meer dispersal zijn naar het zuiden. Dit zou ervoor zorgen dat de taxa in het Noorden ouder zijn en minder gene flow zou zijn met dat van het Zuiden. De taxa in het Zuiden zullen ook recenter zijn en er is dan ook meer gene flow mogelijk, omdat ze nog redelijk verwant zijn.","Since the mites are not expected to be able to disperse upstream, the gene flow in this system is directional, with genes moving between populations only in a downstream direction. This creates the artifact in Figure 4 that makes it appear that the oldest populations are in the north. In a phylogenetic tree showing relationships between separate taxa, genes only move “downstream” from ancestors to descendants, and thus the oldest taxa are closest to the root of the tree. The tree in Figure 4 has a similar shape, but for a different reason having nothing to do with the age of the populations, but rather because of the nature of gene flow between them.",1
539,Hypothesize how the flowing direction of the river gives rise to the abovementioned artefact.,Door de rivierstroming naar het zuiden worden vliegen in hun larvale stadium mogelijk verder stroomafwaarts gevoerd waardoor ze zuidelijker terecht komen waar ze vervolgens een nieuwe populatie vormen. Omdat hier minder soortgenoten zijn is er waarschijnlijk meer voedsel en andere voorzieningen voor deze populatie en is het in dit geval voordelig om gescheiden te zijn van de oorspronkelijke populatie. Dit proces wordt telkens herhaalt waarbij de oudere populaties noordelijk blijven en de nieuwe weer verder stroomafwaarts zich vestigen en ze zich dus verder verspreiden vanaf de oorspronkelijke populatie in het noorden. Dit is een mogelijke verklaring voor de observatie dat de oudste populaties het meest noordelijk worden gevonden en dat hoe zuidelijker je komt hoe jonger de populaties zijn. ,"Since the mites are not expected to be able to disperse upstream, the gene flow in this system is directional, with genes moving between populations only in a downstream direction. This creates the artifact in Figure 4 that makes it appear that the oldest populations are in the north. In a phylogenetic tree showing relationships between separate taxa, genes only move “downstream” from ancestors to descendants, and thus the oldest taxa are closest to the root of the tree. The tree in Figure 4 has a similar shape, but for a different reason having nothing to do with the age of the populations, but rather because of the nature of gene flow between them.",1
540,Hypothesize how the flowing direction of the river gives rise to the abovementioned artefact.,"It is easier for larvae to disperse downstream due to the water carrying them there, thus it is more likely that they spread to there, in comparison to spreading upstream. Since the riverflow goes from north to south, this also means that the older populations are more likely relatively towards the north, and only then some spread more southwards (downstream), which explains why the relatively younger populations are found more to the south.","Since the mites are not expected to be able to disperse upstream, the gene flow in this system is directional, with genes moving between populations only in a downstream direction. This creates the artifact in Figure 4 that makes it appear that the oldest populations are in the north. In a phylogenetic tree showing relationships between separate taxa, genes only move “downstream” from ancestors to descendants, and thus the oldest taxa are closest to the root of the tree. The tree in Figure 4 has a similar shape, but for a different reason having nothing to do with the age of the populations, but rather because of the nature of gene flow between them.",1
541,Hypothesize how the flowing direction of the river gives rise to the abovementioned artefact.,"The larvae of these flies spends its life submerged in a specific type of clay. The flow direction of the river could've led to the clay slowly shifting from the north to the south. This could lead to the enlargement of the habitable niche of these flies, leading to new populations being able to form further south.","Since the mites are not expected to be able to disperse upstream, the gene flow in this system is directional, with genes moving between populations only in a downstream direction. This creates the artifact in Figure 4 that makes it appear that the oldest populations are in the north. In a phylogenetic tree showing relationships between separate taxa, genes only move “downstream” from ancestors to descendants, and thus the oldest taxa are closest to the root of the tree. The tree in Figure 4 has a similar shape, but for a different reason having nothing to do with the age of the populations, but rather because of the nature of gene flow between them.",1
542,Hypothesize how the flowing direction of the river gives rise to the abovementioned artefact.,"Because the river flows from north to south, dispersion southwards may be bigger, which is why newer populations can be found there. These newer populations will not be able to move more upwards due to the flowing direction.","Since the mites are not expected to be able to disperse upstream, the gene flow in this system is directional, with genes moving between populations only in a downstream direction. This creates the artifact in Figure 4 that makes it appear that the oldest populations are in the north. In a phylogenetic tree showing relationships between separate taxa, genes only move “downstream” from ancestors to descendants, and thus the oldest taxa are closest to the root of the tree. The tree in Figure 4 has a similar shape, but for a different reason having nothing to do with the age of the populations, but rather because of the nature of gene flow between them.",3
543,Hypothesize how the flowing direction of the river gives rise to the abovementioned artefact.,"Because the midges use the rivers to lie their eggs in, the flow of the river can transport the eggs downstream. While the midges usually lie these in calm clays, when the river overflows and current strength is higher due to increased water transport, the eggs can be disturbed. This provides the midges the opportunity to settle downstream. As generations go on and flow direction didnt change, mutations within the midges will be \""transported\"" downstream as well. Eggs cannot travel downstream due to gravity and flow direction. ","Since the mites are not expected to be able to disperse upstream, the gene flow in this system is directional, with genes moving between populations only in a downstream direction. This creates the artifact in Figure 4 that makes it appear that the oldest populations are in the north. In a phylogenetic tree showing relationships between separate taxa, genes only move “downstream” from ancestors to descendants, and thus the oldest taxa are closest to the root of the tree. The tree in Figure 4 has a similar shape, but for a different reason having nothing to do with the age of the populations, but rather because of the nature of gene flow between them.",3
544,Hypothesize how the flowing direction of the river gives rise to the abovementioned artefact.,"Because the river flows from north to south, the southernmost populations could be created by a split in a northern population that went more southward. This happened multiple times. This sometimes is accompanied with mutations in certain genes, as is shown. The populations that are more in the south, were split later than the northern populations, and thus their mutations happened later. Because there is no gene flow between the populations, the northern populations won't have the same, newer, mutations as the southern populations. ","Since the mites are not expected to be able to disperse upstream, the gene flow in this system is directional, with genes moving between populations only in a downstream direction. This creates the artifact in Figure 4 that makes it appear that the oldest populations are in the north. In a phylogenetic tree showing relationships between separate taxa, genes only move “downstream” from ancestors to descendants, and thus the oldest taxa are closest to the root of the tree. The tree in Figure 4 has a similar shape, but for a different reason having nothing to do with the age of the populations, but rather because of the nature of gene flow between them.",3
545,Hypothesize how the flowing direction of the river gives rise to the abovementioned artefact.,"Het lijkt erop dat de stroomrichting zuidwaarts is. Dit omdat de populaties van lake Coös meer lijken op die van punt ORF, dan de populaties in het zuiden van Lake Hitchcock. Daarnaast is uit de boom af te lezen dat de populaties in het zuiden van lake Hitchcock fenotypisch op elkaar lijken. De fenotypische mutaties uit lake Hitchcock lijken ook nooit de populaties van lake Coös te bereiken. Iets wat erop kan wijzen dat de stroming in de andere richting is, waardoor de populaties in lake Hitchcock nauwelijks erin zullen slagen om Lake Coös te bereiken.","Since the mites are not expected to be able to disperse upstream, the gene flow in this system is directional, with genes moving between populations only in a downstream direction. This creates the artifact in Figure 4 that makes it appear that the oldest populations are in the north. In a phylogenetic tree showing relationships between separate taxa, genes only move “downstream” from ancestors to descendants, and thus the oldest taxa are closest to the root of the tree. The tree in Figure 4 has a similar shape, but for a different reason having nothing to do with the age of the populations, but rather because of the nature of gene flow between them.",3
546,Hypothesize how the flowing direction of the river gives rise to the abovementioned artefact.,The flowing of the river causes the fly population to slowly move down with the current instead of against it,"Since the mites are not expected to be able to disperse upstream, the gene flow in this system is directional, with genes moving between populations only in a downstream direction. This creates the artifact in Figure 4 that makes it appear that the oldest populations are in the north. In a phylogenetic tree showing relationships between separate taxa, genes only move “downstream” from ancestors to descendants, and thus the oldest taxa are closest to the root of the tree. The tree in Figure 4 has a similar shape, but for a different reason having nothing to do with the age of the populations, but rather because of the nature of gene flow between them.",2
547,Hypothesize how the flowing direction of the river gives rise to the abovementioned artefact.,"The flow of the river brought more nutrients to the north at first, and the south later. This brought nutrients for plants, food, to grow. Hence, new populations started forming southwards more recently.","Since the mites are not expected to be able to disperse upstream, the gene flow in this system is directional, with genes moving between populations only in a downstream direction. This creates the artifact in Figure 4 that makes it appear that the oldest populations are in the north. In a phylogenetic tree showing relationships between separate taxa, genes only move “downstream” from ancestors to descendants, and thus the oldest taxa are closest to the root of the tree. The tree in Figure 4 has a similar shape, but for a different reason having nothing to do with the age of the populations, but rather because of the nature of gene flow between them.",0
548,Hypothesize how the flowing direction of the river gives rise to the abovementioned artefact.,"Het artefact stelt dat het lijkt dat de oudste populatie zich in het noordelijke uiteinde bevindt van het Lake Hitchcock en dat de populaties die recenter zijn zich meer in het zuiden bevinden. In het onderste meer is er sprake van dispersie, doordat ze zich kunnen verspreiden over het meer. Er is tussen Lake Coös en Lake Hitchcock best veel fenotypische overeenkomsten, waardoor het logisch is dat de oudste populatie ontstaan is in het noorden in de buurt van Lake Coös. Als de stroming naar het zuiden staat, is het makkelijk voor dispersie om je te laten meevoeren met de stroming, waardoor populaties steeds zuidelijker komen. Hier zijn de omstandigheden net anders en populaties adapteren hierdoor net iets meer. Hoe zuidelijker je kijkt, hoe later deze adaptaties dus ontstaan zijn, omdat de verspreiding hier pas later heeft plaatsgevonden.","Since the mites are not expected to be able to disperse upstream, the gene flow in this system is directional, with genes moving between populations only in a downstream direction. This creates the artifact in Figure 4 that makes it appear that the oldest populations are in the north. In a phylogenetic tree showing relationships between separate taxa, genes only move “downstream” from ancestors to descendants, and thus the oldest taxa are closest to the root of the tree. The tree in Figure 4 has a similar shape, but for a different reason having nothing to do with the age of the populations, but rather because of the nature of gene flow between them.",3
549,Hypothesize how the flowing direction of the river gives rise to the abovementioned artefact.,"Hoe later in de rivier je terecht komt, hoe minder nutriënten er over blijven voor de organismen die hier leven. Er zullen daarom in soorten leven die minder nutriënten nodig hebben in het zuiden. ","Since the mites are not expected to be able to disperse upstream, the gene flow in this system is directional, with genes moving between populations only in a downstream direction. This creates the artifact in Figure 4 that makes it appear that the oldest populations are in the north. In a phylogenetic tree showing relationships between separate taxa, genes only move “downstream” from ancestors to descendants, and thus the oldest taxa are closest to the root of the tree. The tree in Figure 4 has a similar shape, but for a different reason having nothing to do with the age of the populations, but rather because of the nature of gene flow between them.",0
550,Hypothesize how the flowing direction of the river gives rise to the abovementioned artefact.,"When the river flows from north to south, it is possible that the water will take sediment with it. This means that there was a clay layer with larvae in it and this was then transported to the other lake. Here the larvae became isolated and they, because of natural selection, adapted to the new environment. When the larvae were seperated for a long period of time, they were not able to reproduce with the flies of the other lake and they became a different species.","Since the mites are not expected to be able to disperse upstream, the gene flow in this system is directional, with genes moving between populations only in a downstream direction. This creates the artifact in Figure 4 that makes it appear that the oldest populations are in the north. In a phylogenetic tree showing relationships between separate taxa, genes only move “downstream” from ancestors to descendants, and thus the oldest taxa are closest to the root of the tree. The tree in Figure 4 has a similar shape, but for a different reason having nothing to do with the age of the populations, but rather because of the nature of gene flow between them.",1
551,Hypothesize how the flowing direction of the river gives rise to the abovementioned artefact.,"Doordat de rivier van noord naar zuid stroomt, worden deze larven ook naar het zuiden toe verplaatst. Hier komen zij in andere omgevingen en kan door natuurlijke selectie uiteindelijk nieuwe soorten evolueren, wat de bovenstaande UPGMA tree als resultaat geeft. ","Since the mites are not expected to be able to disperse upstream, the gene flow in this system is directional, with genes moving between populations only in a downstream direction. This creates the artifact in Figure 4 that makes it appear that the oldest populations are in the north. In a phylogenetic tree showing relationships between separate taxa, genes only move “downstream” from ancestors to descendants, and thus the oldest taxa are closest to the root of the tree. The tree in Figure 4 has a similar shape, but for a different reason having nothing to do with the age of the populations, but rather because of the nature of gene flow between them.",3
552,Hypothesize how the flowing direction of the river gives rise to the abovementioned artefact.,"During the larval period of the lifecycle of the midge, it lives inside submerged clays in the river. The river flows from north to south, which implies that when larvae are transported through the current of the river, they will most certainly go south. When they hatch, they habituate the new environment with, potentially, new ecological niches they can utilize for their survival and reproduction. These new ecological niches could lead to speciation inside the newly created group of midges and thus create more recent populations as you move from north to south in the river. ","Since the mites are not expected to be able to disperse upstream, the gene flow in this system is directional, with genes moving between populations only in a downstream direction. This creates the artifact in Figure 4 that makes it appear that the oldest populations are in the north. In a phylogenetic tree showing relationships between separate taxa, genes only move “downstream” from ancestors to descendants, and thus the oldest taxa are closest to the root of the tree. The tree in Figure 4 has a similar shape, but for a different reason having nothing to do with the age of the populations, but rather because of the nature of gene flow between them.",3
553,Hypothesize how the flowing direction of the river gives rise to the abovementioned artefact.,"The flowing of the river influences how the taxa can travel trough water, because the river flows from north to south the taxa also distributes itself from north to south. The populations between lake Coos and lake Hitchhock both are seperated, which means there is little gene flow. ","Since the mites are not expected to be able to disperse upstream, the gene flow in this system is directional, with genes moving between populations only in a downstream direction. This creates the artifact in Figure 4 that makes it appear that the oldest populations are in the north. In a phylogenetic tree showing relationships between separate taxa, genes only move “downstream” from ancestors to descendants, and thus the oldest taxa are closest to the root of the tree. The tree in Figure 4 has a similar shape, but for a different reason having nothing to do with the age of the populations, but rather because of the nature of gene flow between them.",2
554,Hypothesize how the flowing direction of the river gives rise to the abovementioned artefact.,"In een rivier die van noord naar zuid stroomt, zouden populaties stroomopwaarts (dichter bij het noordelijke uiteinde) eerder zijn ontstaan dan die stroomafwaarts (dichter bij het zuidelijke uiteinde). Dit komt omdat populaties dicht bij de bron van de rivier langer aanwezig zijn geweest, waardoor er meer tijd is geweest voor genetische divergentie en differentiatie van populaties","Since the mites are not expected to be able to disperse upstream, the gene flow in this system is directional, with genes moving between populations only in a downstream direction. This creates the artifact in Figure 4 that makes it appear that the oldest populations are in the north. In a phylogenetic tree showing relationships between separate taxa, genes only move “downstream” from ancestors to descendants, and thus the oldest taxa are closest to the root of the tree. The tree in Figure 4 has a similar shape, but for a different reason having nothing to do with the age of the populations, but rather because of the nature of gene flow between them.",1
555,Hypothesize how the flowing direction of the river gives rise to the abovementioned artefact.,"The river flows towards the south, meaning over time as new individuals or populations dispersed downstream, more recent populations would be found in the southern regions. This could create a gradient in population ages along the direction of the river flow","Since the mites are not expected to be able to disperse upstream, the gene flow in this system is directional, with genes moving between populations only in a downstream direction. This creates the artifact in Figure 4 that makes it appear that the oldest populations are in the north. In a phylogenetic tree showing relationships between separate taxa, genes only move “downstream” from ancestors to descendants, and thus the oldest taxa are closest to the root of the tree. The tree in Figure 4 has a similar shape, but for a different reason having nothing to do with the age of the populations, but rather because of the nature of gene flow between them.",2
556,Hypothesize how the flowing direction of the river gives rise to the abovementioned artefact.,Clays with largess from the north slowly deposit more down south because of the flowing direction. So while more north there already is a lot of gene flow happening in the south that only starts later.,"Since the mites are not expected to be able to disperse upstream, the gene flow in this system is directional, with genes moving between populations only in a downstream direction. This creates the artifact in Figure 4 that makes it appear that the oldest populations are in the north. In a phylogenetic tree showing relationships between separate taxa, genes only move “downstream” from ancestors to descendants, and thus the oldest taxa are closest to the root of the tree. The tree in Figure 4 has a similar shape, but for a different reason having nothing to do with the age of the populations, but rather because of the nature of gene flow between them.",1
557,Hypothesize how the flowing direction of the river gives rise to the abovementioned artefact.,"We verwachten dat de rivier van boven naar beneden stroomt. Bij de eerste groene afsplitsing zie je 100 staan, je weet hier dus zeker dat in alle gevallen dit de 'volgorde' van afsplitsing is. Hier na zie je veel meer afsplitsingen en meer soorten, dus is het waarschijnlijk dat de rivier omlaag stroomt --> richting de meerdere soorten.","Since the mites are not expected to be able to disperse upstream, the gene flow in this system is directional, with genes moving between populations only in a downstream direction. This creates the artifact in Figure 4 that makes it appear that the oldest populations are in the north. In a phylogenetic tree showing relationships between separate taxa, genes only move “downstream” from ancestors to descendants, and thus the oldest taxa are closest to the root of the tree. The tree in Figure 4 has a similar shape, but for a different reason having nothing to do with the age of the populations, but rather because of the nature of gene flow between them.",1
558,Hypothesize how the flowing direction of the river gives rise to the abovementioned artefact.,De bootstrap-waarden zijn hoger in het zuidelijke puntje van de rivier t.o.v. van de noordelijkere populatie. Dit betekent dat we zekerder zijn van de indeling van deze clades. Waarschijnlijk komt dit doordat de populatie jonger is waardoor je met meer 'zekerheid' de boom kan opstellen.,"Since the mites are not expected to be able to disperse upstream, the gene flow in this system is directional, with genes moving between populations only in a downstream direction. This creates the artifact in Figure 4 that makes it appear that the oldest populations are in the north. In a phylogenetic tree showing relationships between separate taxa, genes only move “downstream” from ancestors to descendants, and thus the oldest taxa are closest to the root of the tree. The tree in Figure 4 has a similar shape, but for a different reason having nothing to do with the age of the populations, but rather because of the nature of gene flow between them.",1
559,Hypothesize how the flowing direction of the river gives rise to the abovementioned artefact.,"The flowing direction of the river is from north to south. Maybe the species develops new subspecies when it travels with the river to the south. In these new places in the river may be niches available and the species could specificate, so a new subspecies can be formed. ","Since the mites are not expected to be able to disperse upstream, the gene flow in this system is directional, with genes moving between populations only in a downstream direction. This creates the artifact in Figure 4 that makes it appear that the oldest populations are in the north. In a phylogenetic tree showing relationships between separate taxa, genes only move “downstream” from ancestors to descendants, and thus the oldest taxa are closest to the root of the tree. The tree in Figure 4 has a similar shape, but for a different reason having nothing to do with the age of the populations, but rather because of the nature of gene flow between them.",2
560,Hypothesize how the flowing direction of the river gives rise to the abovementioned artefact.,"older populations appear to be in the northern end and more recent populations are found as you move south because of the unique ecology of the river system and its direction of flow from north to south.\n\nTherefore populations located in the northern end would be established earlier than those in the south. As the river flows downstream, populations in the southern end would be colonized more recently. This colonization pattern would make a gradient of population ages along the river, with older populations towards the north and more recent populations towards the south. Also the flow of the river would influence the dispersal of the larvae.","Since the mites are not expected to be able to disperse upstream, the gene flow in this system is directional, with genes moving between populations only in a downstream direction. This creates the artifact in Figure 4 that makes it appear that the oldest populations are in the north. In a phylogenetic tree showing relationships between separate taxa, genes only move “downstream” from ancestors to descendants, and thus the oldest taxa are closest to the root of the tree. The tree in Figure 4 has a similar shape, but for a different reason having nothing to do with the age of the populations, but rather because of the nature of gene flow between them.",3
561,Hypothesize how the flowing direction of the river gives rise to the abovementioned artefact.,"De rivier gaat waarschijnlijk van boven naar beneden. Bij de eerste afsplitsing staat er bij de onderste het getal 100. Dat geeft aan dat er het 100% zeker is dat die afsplitsing is geweest. Hoe meer je naar beneden gaat, hoe meer afsplitsingen er zijn. Tussen de Lake in het geel in figuur 4 en de rest, is er dan dus een grotere geografische afsplitsing en is het lastiger om gene flow te hebben tussen het bovenste Lake en de lakes daaronder. Er is zuidelijker dus meer gene flow en kunnen er meer soorten ontstaan. ","Since the mites are not expected to be able to disperse upstream, the gene flow in this system is directional, with genes moving between populations only in a downstream direction. This creates the artifact in Figure 4 that makes it appear that the oldest populations are in the north. In a phylogenetic tree showing relationships between separate taxa, genes only move “downstream” from ancestors to descendants, and thus the oldest taxa are closest to the root of the tree. The tree in Figure 4 has a similar shape, but for a different reason having nothing to do with the age of the populations, but rather because of the nature of gene flow between them.",1
562,Hypothesize how the flowing direction of the river gives rise to the abovementioned artefact.,Het is veel moeilijker om stroomopwaarts te bewegen. Als de populaties bovenaan de rivier dus ouder zijn dan de populaties onderaan de rivier is er dus waarschijnlijk een groepje individuen geweest die zijn meegetrokken door de stroming en daardoor later onderaan de rivier een nieuwe populatie zijn gestart.,"Since the mites are not expected to be able to disperse upstream, the gene flow in this system is directional, with genes moving between populations only in a downstream direction. This creates the artifact in Figure 4 that makes it appear that the oldest populations are in the north. In a phylogenetic tree showing relationships between separate taxa, genes only move “downstream” from ancestors to descendants, and thus the oldest taxa are closest to the root of the tree. The tree in Figure 4 has a similar shape, but for a different reason having nothing to do with the age of the populations, but rather because of the nature of gene flow between them.",3
563,Hypothesize how the flowing direction of the river gives rise to the abovementioned artefact.,"Individuals that flow south along the river are then in smaller numbers and with a different ratio of alleles. This induces genetic drift. As the river flows from north to south, genetic drift is only seen from north to south","Since the mites are not expected to be able to disperse upstream, the gene flow in this system is directional, with genes moving between populations only in a downstream direction. This creates the artifact in Figure 4 that makes it appear that the oldest populations are in the north. In a phylogenetic tree showing relationships between separate taxa, genes only move “downstream” from ancestors to descendants, and thus the oldest taxa are closest to the root of the tree. The tree in Figure 4 has a similar shape, but for a different reason having nothing to do with the age of the populations, but rather because of the nature of gene flow between them.",1
564,Hypothesize how the flowing direction of the river gives rise to the abovementioned artefact.,"Fossielen die in de rivier lagen zijn bergafwaarts mee gestroomd. In het noorden zal je dan de oudste fossielen vinden, omdat deze het diepst liggen en dus niet mee stromen met het water. De jongere fossielen liggen nog boven in de gesteentes en zullen daardoor naar het zuiden af worden gevoerd met de rivier.","Since the mites are not expected to be able to disperse upstream, the gene flow in this system is directional, with genes moving between populations only in a downstream direction. This creates the artifact in Figure 4 that makes it appear that the oldest populations are in the north. In a phylogenetic tree showing relationships between separate taxa, genes only move “downstream” from ancestors to descendants, and thus the oldest taxa are closest to the root of the tree. The tree in Figure 4 has a similar shape, but for a different reason having nothing to do with the age of the populations, but rather because of the nature of gene flow between them.",0
565,Hypothesize how the flowing direction of the river gives rise to the abovementioned artefact.,If the river flows from the north to the south then this could explain the observations. It might be difficult/impossible for individuals to travel upstream meaning that most individuals tend to go downstream. This would create a sort of barrier between populations upstream and downstream which would explain the difference. The reasons that the populations downstream are much younger than the ones upstream is because the individuals from upstream can much more easily travel downstream.,"Since the mites are not expected to be able to disperse upstream, the gene flow in this system is directional, with genes moving between populations only in a downstream direction. This creates the artifact in Figure 4 that makes it appear that the oldest populations are in the north. In a phylogenetic tree showing relationships between separate taxa, genes only move “downstream” from ancestors to descendants, and thus the oldest taxa are closest to the root of the tree. The tree in Figure 4 has a similar shape, but for a different reason having nothing to do with the age of the populations, but rather because of the nature of gene flow between them.",3
566,Hypothesize how the flowing direction of the river gives rise to the abovementioned artefact.,"the species first arrived in lake Hitchcock near the northern point of the lake, meaning that populations found here would be the oldest. Considering the lake flows from north to south, over time populations would naturally start drifting south, while some populations stayed mostly in place. After an indeterminate amount of time a population established itself in the southernmost point of the lake, a long time after the first population was established in the northernmost  point of the lake, meaning that these southernmost populations are younger and more recent than the northernmost populations.","Since the mites are not expected to be able to disperse upstream, the gene flow in this system is directional, with genes moving between populations only in a downstream direction. This creates the artifact in Figure 4 that makes it appear that the oldest populations are in the north. In a phylogenetic tree showing relationships between separate taxa, genes only move “downstream” from ancestors to descendants, and thus the oldest taxa are closest to the root of the tree. The tree in Figure 4 has a similar shape, but for a different reason having nothing to do with the age of the populations, but rather because of the nature of gene flow between them.",2
567,Hypothesize how the flowing direction of the river gives rise to the abovementioned artefact.,"If the water flows from north to south, the northern lake would logically dry up earlier. We can see it in a way that the retreating icemass supplies less water over the time of its retreat. The northern lake acts as a sort of buffer for water supply to the southern lake. Since the northern lake dries up earlier, the populations in this lake also become extinct earlier. The populations in the southern lake have more time in which they can evolve and diverge from the extinct populations in the northern lake. ","Since the mites are not expected to be able to disperse upstream, the gene flow in this system is directional, with genes moving between populations only in a downstream direction. This creates the artifact in Figure 4 that makes it appear that the oldest populations are in the north. In a phylogenetic tree showing relationships between separate taxa, genes only move “downstream” from ancestors to descendants, and thus the oldest taxa are closest to the root of the tree. The tree in Figure 4 has a similar shape, but for a different reason having nothing to do with the age of the populations, but rather because of the nature of gene flow between them.",0
568,Hypothesize how the flowing direction of the river gives rise to the abovementioned artefact.,"The water stream and thereby created wind currents could transport buried larvae or blow adult flies downstream and therefore move this selection of individuals, which could settle somewhere downstream and become an individual population","Since the mites are not expected to be able to disperse upstream, the gene flow in this system is directional, with genes moving between populations only in a downstream direction. This creates the artifact in Figure 4 that makes it appear that the oldest populations are in the north. In a phylogenetic tree showing relationships between separate taxa, genes only move “downstream” from ancestors to descendants, and thus the oldest taxa are closest to the root of the tree. The tree in Figure 4 has a similar shape, but for a different reason having nothing to do with the age of the populations, but rather because of the nature of gene flow between them.",2
569,Hypothesize how the flowing direction of the river gives rise to the abovementioned artefact.,"Doordat de rivier van Noord naar Zuid stroomt, wordt het klei steeds verder naar de zuidelijke richting verplaatst, met de stroming mee. De klei kan mogelijk eitjes bevatten van de vliegen, waardoor deze eitjes mee gaan met de stroming. De eitjes komen in een andere omgeving terecht waardoor een nieuwe populatie kan ontstaan. Dus de nieuwe populaties zullen verder naar het zuiden ontstaan omdat het klei waar de eitjes zich in bevinden mee stromen met de stroming van de rivier.","Since the mites are not expected to be able to disperse upstream, the gene flow in this system is directional, with genes moving between populations only in a downstream direction. This creates the artifact in Figure 4 that makes it appear that the oldest populations are in the north. In a phylogenetic tree showing relationships between separate taxa, genes only move “downstream” from ancestors to descendants, and thus the oldest taxa are closest to the root of the tree. The tree in Figure 4 has a similar shape, but for a different reason having nothing to do with the age of the populations, but rather because of the nature of gene flow between them.",2
570,Hypothesize how the flowing direction of the river gives rise to the abovementioned artefact.,"Fragments of the clay in which the midges are located may break off into the river and flow from the northern end of the river towards the southern end. This way, new populations could be established downstream (south) which originate from the northern, original population. Therefore, southern populations would be younger than the northern population.","Since the mites are not expected to be able to disperse upstream, the gene flow in this system is directional, with genes moving between populations only in a downstream direction. This creates the artifact in Figure 4 that makes it appear that the oldest populations are in the north. In a phylogenetic tree showing relationships between separate taxa, genes only move “downstream” from ancestors to descendants, and thus the oldest taxa are closest to the root of the tree. The tree in Figure 4 has a similar shape, but for a different reason having nothing to do with the age of the populations, but rather because of the nature of gene flow between them.",2
571,Hypothesize how the flowing direction of the river gives rise to the abovementioned artefact.,population in the northern part may have had beter resources or climate while the southern part may have experience more competition ,"Since the mites are not expected to be able to disperse upstream, the gene flow in this system is directional, with genes moving between populations only in a downstream direction. This creates the artifact in Figure 4 that makes it appear that the oldest populations are in the north. In a phylogenetic tree showing relationships between separate taxa, genes only move “downstream” from ancestors to descendants, and thus the oldest taxa are closest to the root of the tree. The tree in Figure 4 has a similar shape, but for a different reason having nothing to do with the age of the populations, but rather because of the nature of gene flow between them.",0
572,Hypothesize how the flowing direction of the river gives rise to the abovementioned artefact.,"Gene flow in river systems often follows the direction of the current. Populations located north of the river may have been less influenced by gene flow from downstream populations, allowing them to maintain older genetic signatures. Populations downstream may have had greater gene flow which resulted in more genetic mixing.","Since the mites are not expected to be able to disperse upstream, the gene flow in this system is directional, with genes moving between populations only in a downstream direction. This creates the artifact in Figure 4 that makes it appear that the oldest populations are in the north. In a phylogenetic tree showing relationships between separate taxa, genes only move “downstream” from ancestors to descendants, and thus the oldest taxa are closest to the root of the tree. The tree in Figure 4 has a similar shape, but for a different reason having nothing to do with the age of the populations, but rather because of the nature of gene flow between them.",3
573,Hypothesize how the flowing direction of the river gives rise to the abovementioned artefact.,Het is mogelijk dat de oorspronkelijke populatie is ontstaan in het Coösmeer en zich vervolgens heeft verspreid over het Hitchcockmeer. Dit kan komen doordat er eerst nog geen rivier tussen de twee meren stroomde die migratie mogelijk maakte. Als die rivier uiteindelijk wel ontstaat kan de soort zich langzamerhand verspreiden over het Hitchcockmeer door meegevoerd te worden met de stroming. Dit levert op dat de populaties van noord naar zuid steeds jonger worden. ,"Since the mites are not expected to be able to disperse upstream, the gene flow in this system is directional, with genes moving between populations only in a downstream direction. This creates the artifact in Figure 4 that makes it appear that the oldest populations are in the north. In a phylogenetic tree showing relationships between separate taxa, genes only move “downstream” from ancestors to descendants, and thus the oldest taxa are closest to the root of the tree. The tree in Figure 4 has a similar shape, but for a different reason having nothing to do with the age of the populations, but rather because of the nature of gene flow between them.",2
574,Hypothesize how the flowing direction of the river gives rise to the abovementioned artefact.,Omdat de rivier van noord naar zuid stroomt hebben taxa een bepaalde richting waarin ze (onbewust) 'geduwd' worden. Het is makkelijker om met deze richting mee te gaan dan er tegen in te gaan. Ook is de rivier zo lang dat er verschillende omstandigheden zijn en taxa zullen zich langzaam hieraan gaan aanpassen waardoor ze langzaam kunnen migreren en soortvorming kan plaatsvinden 'downstream',"Since the mites are not expected to be able to disperse upstream, the gene flow in this system is directional, with genes moving between populations only in a downstream direction. This creates the artifact in Figure 4 that makes it appear that the oldest populations are in the north. In a phylogenetic tree showing relationships between separate taxa, genes only move “downstream” from ancestors to descendants, and thus the oldest taxa are closest to the root of the tree. The tree in Figure 4 has a similar shape, but for a different reason having nothing to do with the age of the populations, but rather because of the nature of gene flow between them.",3
575,Hypothesize how the flowing direction of the river gives rise to the abovementioned artefact.,"Because the river flows south the larvae can get transported downstreams. When this happens in a new area there is a small founder effect causing more genetic divergence compared to the original populations. As all of this takes a lot of time, the further you go south, the more recent the populations get. The flow downwards is also helped by the lake eventually drying up from the north to the south. ","Since the mites are not expected to be able to disperse upstream, the gene flow in this system is directional, with genes moving between populations only in a downstream direction. This creates the artifact in Figure 4 that makes it appear that the oldest populations are in the north. In a phylogenetic tree showing relationships between separate taxa, genes only move “downstream” from ancestors to descendants, and thus the oldest taxa are closest to the root of the tree. The tree in Figure 4 has a similar shape, but for a different reason having nothing to do with the age of the populations, but rather because of the nature of gene flow between them.",1
576,Hypothesize how the flowing direction of the river gives rise to the abovementioned artefact.,"De taxa kunnen met het water van de rivier meestromen, maar niet tegen het water in. Dit betekent dat je steeds nieuwere taxa zal ontdekken wanneer je met de loop van de rivier meebeweegt, en deze taxa zal je niet aantreffen wanneer je weer terugloopt langs de rivier.","Since the mites are not expected to be able to disperse upstream, the gene flow in this system is directional, with genes moving between populations only in a downstream direction. This creates the artifact in Figure 4 that makes it appear that the oldest populations are in the north. In a phylogenetic tree showing relationships between separate taxa, genes only move “downstream” from ancestors to descendants, and thus the oldest taxa are closest to the root of the tree. The tree in Figure 4 has a similar shape, but for a different reason having nothing to do with the age of the populations, but rather because of the nature of gene flow between them.",2
577,Hypothesize how the flowing direction of the river gives rise to the abovementioned artefact.,"Een mogelijke verklaring voor hoe de stroming van de rivier het bovenstaande artefact tot stand brengt is dat de 1e populatie vliegen in het noordelijkste gedeelte van de rivier leefden. Ze legden hier eitjes en eens in de zoveel tijd spoelen een aantal eitjes de rivier in, deze worden vervolgens zuidwaarts meegenomen en een gedeelte hiervan overleeft en spoelt aan bij een volgend uitstekende kleibult. Deze kleibult is waarschijnlijk iets anders dan de vorige waardoor een iets andere eigenschap voordelig wordt en er natuurlijke selectie op deze eigenschap plaatsvindt. Uiteindelijk verschilt deze aangespoelde populatie een beetje met de originele, deze leggen weer eitjes in de klei en dan herhaalt dit proces zich weer.","Since the mites are not expected to be able to disperse upstream, the gene flow in this system is directional, with genes moving between populations only in a downstream direction. This creates the artifact in Figure 4 that makes it appear that the oldest populations are in the north. In a phylogenetic tree showing relationships between separate taxa, genes only move “downstream” from ancestors to descendants, and thus the oldest taxa are closest to the root of the tree. The tree in Figure 4 has a similar shape, but for a different reason having nothing to do with the age of the populations, but rather because of the nature of gene flow between them.",1
578,Hypothesize how the flowing direction of the river gives rise to the abovementioned artefact.,"If the river is flowing southwarts, there is a higher possibily for gene flow to occur within the populations in the south because these populations have a higher chance to reach each other. This results in a higher relationship between the southernmost populations than between the southernmost and northernmost populations.","Since the mites are not expected to be able to disperse upstream, the gene flow in this system is directional, with genes moving between populations only in a downstream direction. This creates the artifact in Figure 4 that makes it appear that the oldest populations are in the north. In a phylogenetic tree showing relationships between separate taxa, genes only move “downstream” from ancestors to descendants, and thus the oldest taxa are closest to the root of the tree. The tree in Figure 4 has a similar shape, but for a different reason having nothing to do with the age of the populations, but rather because of the nature of gene flow between them.",1
579,Hypothesize how the flowing direction of the river gives rise to the abovementioned artefact.,Species go easier down the river than up. in this way genetic changes are more diverse downstream because they have more changes occuring before them. ,"Since the mites are not expected to be able to disperse upstream, the gene flow in this system is directional, with genes moving between populations only in a downstream direction. This creates the artifact in Figure 4 that makes it appear that the oldest populations are in the north. In a phylogenetic tree showing relationships between separate taxa, genes only move “downstream” from ancestors to descendants, and thus the oldest taxa are closest to the root of the tree. The tree in Figure 4 has a similar shape, but for a different reason having nothing to do with the age of the populations, but rather because of the nature of gene flow between them.",0
580,Hypothesize how the flowing direction of the river gives rise to the abovementioned artefact.,"Every genetic mutation that happens within larvae upstreams could be sampled downstream. The larvae could be moved Southward by the stream. The same cannot be said for the opposite.\nWhen looking at the extent of gene flow, it would be low between the Northern most samples and other samples, considering the seperation caused by the lakes and the flowing direction of the river.","Since the mites are not expected to be able to disperse upstream, the gene flow in this system is directional, with genes moving between populations only in a downstream direction. This creates the artifact in Figure 4 that makes it appear that the oldest populations are in the north. In a phylogenetic tree showing relationships between separate taxa, genes only move “downstream” from ancestors to descendants, and thus the oldest taxa are closest to the root of the tree. The tree in Figure 4 has a similar shape, but for a different reason having nothing to do with the age of the populations, but rather because of the nature of gene flow between them.",3
581,Hypothesize how the flowing direction of the river gives rise to the abovementioned artefact.,"The river will have extended southwards during the years, because of erosion or overflowing. ","Since the mites are not expected to be able to disperse upstream, the gene flow in this system is directional, with genes moving between populations only in a downstream direction. This creates the artifact in Figure 4 that makes it appear that the oldest populations are in the north. In a phylogenetic tree showing relationships between separate taxa, genes only move “downstream” from ancestors to descendants, and thus the oldest taxa are closest to the root of the tree. The tree in Figure 4 has a similar shape, but for a different reason having nothing to do with the age of the populations, but rather because of the nature of gene flow between them.",1
582,Hypothesize how the flowing direction of the river gives rise to the abovementioned artefact.,There is very little gene flow between lake Hitchcock and lake Coös. While the river flows south it is likely that the first population has a niche with a different temperature range I assume every population further south does as well. This way they all found their own niche in this river,"Since the mites are not expected to be able to disperse upstream, the gene flow in this system is directional, with genes moving between populations only in a downstream direction. This creates the artifact in Figure 4 that makes it appear that the oldest populations are in the north. In a phylogenetic tree showing relationships between separate taxa, genes only move “downstream” from ancestors to descendants, and thus the oldest taxa are closest to the root of the tree. The tree in Figure 4 has a similar shape, but for a different reason having nothing to do with the age of the populations, but rather because of the nature of gene flow between them.",1
583,Hypothesize how the flowing direction of the river gives rise to the abovementioned artefact.,waar het water sneller stroomt is er minder mogelijkheid om genen uit te wisselen,"Since the mites are not expected to be able to disperse upstream, the gene flow in this system is directional, with genes moving between populations only in a downstream direction. This creates the artifact in Figure 4 that makes it appear that the oldest populations are in the north. In a phylogenetic tree showing relationships between separate taxa, genes only move “downstream” from ancestors to descendants, and thus the oldest taxa are closest to the root of the tree. The tree in Figure 4 has a similar shape, but for a different reason having nothing to do with the age of the populations, but rather because of the nature of gene flow between them.",1
584,Hypothesize how the flowing direction of the river gives rise to the abovementioned artefact.,"De stroming van de rivier zorgt ervoor dat oudere populaties in het noorden zijn, en recentere in het zuiden.","Since the mites are not expected to be able to disperse upstream, the gene flow in this system is directional, with genes moving between populations only in a downstream direction. This creates the artifact in Figure 4 that makes it appear that the oldest populations are in the north. In a phylogenetic tree showing relationships between separate taxa, genes only move “downstream” from ancestors to descendants, and thus the oldest taxa are closest to the root of the tree. The tree in Figure 4 has a similar shape, but for a different reason having nothing to do with the age of the populations, but rather because of the nature of gene flow between them.",1
585,Hypothesize how the flowing direction of the river gives rise to the abovementioned artefact.,because the southern populations are younger than the north because there was water later available than in the north and thus more gene flow,"Since the mites are not expected to be able to disperse upstream, the gene flow in this system is directional, with genes moving between populations only in a downstream direction. This creates the artifact in Figure 4 that makes it appear that the oldest populations are in the north. In a phylogenetic tree showing relationships between separate taxa, genes only move “downstream” from ancestors to descendants, and thus the oldest taxa are closest to the root of the tree. The tree in Figure 4 has a similar shape, but for a different reason having nothing to do with the age of the populations, but rather because of the nature of gene flow between them.",1
586,Hypothesize how the flowing direction of the river gives rise to the abovementioned artefact.,"it is harder to move upstream, therefore geneflow only occurs between nearby populations","Since the mites are not expected to be able to disperse upstream, the gene flow in this system is directional, with genes moving between populations only in a downstream direction. This creates the artifact in Figure 4 that makes it appear that the oldest populations are in the north. In a phylogenetic tree showing relationships between separate taxa, genes only move “downstream” from ancestors to descendants, and thus the oldest taxa are closest to the root of the tree. The tree in Figure 4 has a similar shape, but for a different reason having nothing to do with the age of the populations, but rather because of the nature of gene flow between them.",1
587,Hypothesize how the flowing direction of the river gives rise to the abovementioned artefact.,De stroom richting van de rivier is van noord naar zuid. In figuur 4 is te zien dat de populaties steeds recentrer worden waneer we derivier stroomafwaards gaan. Dit komt doordat de eerste populatie waarschijnlijk bij ORF (figuur 4) is geevolueerd. Hieruit zijn een aantal individuen stroom dispersed en hebben daar een niewe populatie gevormd. dit heeft zich voort gezet over de volledige stroom van de riever waardoor er steeds meer en steeds recentere populaties onstonden.,"Since the mites are not expected to be able to disperse upstream, the gene flow in this system is directional, with genes moving between populations only in a downstream direction. This creates the artifact in Figure 4 that makes it appear that the oldest populations are in the north. In a phylogenetic tree showing relationships between separate taxa, genes only move “downstream” from ancestors to descendants, and thus the oldest taxa are closest to the root of the tree. The tree in Figure 4 has a similar shape, but for a different reason having nothing to do with the age of the populations, but rather because of the nature of gene flow between them.",2
588,Hypothesize how the flowing direction of the river gives rise to the abovementioned artefact.,"De rivier stroomt van noord naar zuid. Er wordt gezegd dat de populaties in het noorden ouder zijn dan in het zuiden. Dit komt omdat in het noorden minder gene flow is. Het kleine riviertje in het noorden is geïsoleerd geraakt van de grotere rivier. De soorten die dan terechtgekomen waren in de grotere rivier, konden over een langere afstand ook nog verschillende partners vinden om voort te planten. Dus daar was meer genetische variaties waardoor er nieuwere clades konden ontstaan.","Since the mites are not expected to be able to disperse upstream, the gene flow in this system is directional, with genes moving between populations only in a downstream direction. This creates the artifact in Figure 4 that makes it appear that the oldest populations are in the north. In a phylogenetic tree showing relationships between separate taxa, genes only move “downstream” from ancestors to descendants, and thus the oldest taxa are closest to the root of the tree. The tree in Figure 4 has a similar shape, but for a different reason having nothing to do with the age of the populations, but rather because of the nature of gene flow between them.",1
589,Hypothesize how the flowing direction of the river gives rise to the abovementioned artefact.,"As time passes, the species was able to disperse with the flow of the river and speciate through adaptive radiation.","Since the mites are not expected to be able to disperse upstream, the gene flow in this system is directional, with genes moving between populations only in a downstream direction. This creates the artifact in Figure 4 that makes it appear that the oldest populations are in the north. In a phylogenetic tree showing relationships between separate taxa, genes only move “downstream” from ancestors to descendants, and thus the oldest taxa are closest to the root of the tree. The tree in Figure 4 has a similar shape, but for a different reason having nothing to do with the age of the populations, but rather because of the nature of gene flow between them.",1
590,Hypothesize how the flowing direction of the river gives rise to the abovementioned artefact.,"Due to the current going from north to south, it is likely that the species originated upstream and slowly changed the more downstream it got. Due to the current, the newer populations could not migrate to the north of the lake due to the strong current and thus only spread south for each new generation.","Since the mites are not expected to be able to disperse upstream, the gene flow in this system is directional, with genes moving between populations only in a downstream direction. This creates the artifact in Figure 4 that makes it appear that the oldest populations are in the north. In a phylogenetic tree showing relationships between separate taxa, genes only move “downstream” from ancestors to descendants, and thus the oldest taxa are closest to the root of the tree. The tree in Figure 4 has a similar shape, but for a different reason having nothing to do with the age of the populations, but rather because of the nature of gene flow between them.",3
591,Hypothesize how the flowing direction of the river gives rise to the abovementioned artefact.,Door de stroming van de rivier verplaatsten de vliegen zich telkens iets meer in een zuidelijke richting. Het noordelijke gedeelte van het meer werd als eerste bewoond door de vliegen. Dit is dus een vorm van dispersal in een specifieke richting. De oudste taxa komen dus voor in het noorden van het meer maar door de stroming van de rivier werden de nakomelingen telkens iets zuidelijker geboren. Het evolutionaire proces ging uiteraard door tijdens deze migratie en nieuwe taxa ontwikkelden zich tijdens de migratie. ,"Since the mites are not expected to be able to disperse upstream, the gene flow in this system is directional, with genes moving between populations only in a downstream direction. This creates the artifact in Figure 4 that makes it appear that the oldest populations are in the north. In a phylogenetic tree showing relationships between separate taxa, genes only move “downstream” from ancestors to descendants, and thus the oldest taxa are closest to the root of the tree. The tree in Figure 4 has a similar shape, but for a different reason having nothing to do with the age of the populations, but rather because of the nature of gene flow between them.",3
592,Hypothesize how the flowing direction of the river gives rise to the abovementioned artefact.,"Because of the flow of the river new larva mainly move to the south, not the north. This means that the taxon only disperses to the south. When a new viable environment is colonized to the south, the genetic isolation may cause speciation. The new species can then colonize an environment further downstream. This speciation of new territory can thus only procede in the direction of dispersion, to the south, from earlier colonization. ","Since the mites are not expected to be able to disperse upstream, the gene flow in this system is directional, with genes moving between populations only in a downstream direction. This creates the artifact in Figure 4 that makes it appear that the oldest populations are in the north. In a phylogenetic tree showing relationships between separate taxa, genes only move “downstream” from ancestors to descendants, and thus the oldest taxa are closest to the root of the tree. The tree in Figure 4 has a similar shape, but for a different reason having nothing to do with the age of the populations, but rather because of the nature of gene flow between them.",2
593,Hypothesize how the flowing direction of the river gives rise to the abovementioned artefact.,"De rivier stroomt zuidwaarts richting de zee en zoals genoemd worden de oudste populaties het meest noordelijk gevonden. Deze populaties bestaan dus al het langst. Wat zou kunnen zijn gebeurd is dat een deel van de larven, die zich in de klei bevonden, mee langzaam zijn meegenomen door de stroom van de rivier. Verder langs de rivier komen deze larven uit en natuurlijke selectie selecteert daarna op bepaalde eigenschappen. De genetische variatie ontstaat door random mutaties. Deze mutaties worden doorgegeven aan de volgende generaties, waardoor genetische variatie tussen de populaties ontstaat. Deze individuen leggen weer eieren, deze komen uit en sommige worden weer meegevoerd door de rivier en dit proces vindt weer opnieuw plaats. ","Since the mites are not expected to be able to disperse upstream, the gene flow in this system is directional, with genes moving between populations only in a downstream direction. This creates the artifact in Figure 4 that makes it appear that the oldest populations are in the north. In a phylogenetic tree showing relationships between separate taxa, genes only move “downstream” from ancestors to descendants, and thus the oldest taxa are closest to the root of the tree. The tree in Figure 4 has a similar shape, but for a different reason having nothing to do with the age of the populations, but rather because of the nature of gene flow between them.",3
594,Hypothesize how the flowing direction of the river gives rise to the abovementioned artefact.,"Originally, the oldest populations only lived in the north, upstream of the river. However, as the river flows south, these populations slowly spread to the south, gradually gaining more genetic distance from those upstream.","Since the mites are not expected to be able to disperse upstream, the gene flow in this system is directional, with genes moving between populations only in a downstream direction. This creates the artifact in Figure 4 that makes it appear that the oldest populations are in the north. In a phylogenetic tree showing relationships between separate taxa, genes only move “downstream” from ancestors to descendants, and thus the oldest taxa are closest to the root of the tree. The tree in Figure 4 has a similar shape, but for a different reason having nothing to do with the age of the populations, but rather because of the nature of gene flow between them.",3
595,Hypothesize how the flowing direction of the river gives rise to the abovementioned artefact.,"The original species probably started in the northern part of the river. As time went by, parts of the population started to migrate along the river flow, which makes sense at it is easier to move downstream than upstream. While populations kept migrating south, they adapted to the newer circumstances, creating new species.","Since the mites are not expected to be able to disperse upstream, the gene flow in this system is directional, with genes moving between populations only in a downstream direction. This creates the artifact in Figure 4 that makes it appear that the oldest populations are in the north. In a phylogenetic tree showing relationships between separate taxa, genes only move “downstream” from ancestors to descendants, and thus the oldest taxa are closest to the root of the tree. The tree in Figure 4 has a similar shape, but for a different reason having nothing to do with the age of the populations, but rather because of the nature of gene flow between them.",2
596,Hypothesize how the flowing direction of the river gives rise to the abovementioned artefact.,oorspronkelijk komen de vliegen bij het gebied ORF vandaan. Langzamerhand zijn er populaties in het zuiden ontstaan. Dit werd veroorzaakt doordat larven bij toeval een stukje door de rivier naar het zuiden zijn vervoerd. Hier kwamen ze uiteindelijk weer in het klei te recht en ontstond er een nieuwe populatie.,"Since the mites are not expected to be able to disperse upstream, the gene flow in this system is directional, with genes moving between populations only in a downstream direction. This creates the artifact in Figure 4 that makes it appear that the oldest populations are in the north. In a phylogenetic tree showing relationships between separate taxa, genes only move “downstream” from ancestors to descendants, and thus the oldest taxa are closest to the root of the tree. The tree in Figure 4 has a similar shape, but for a different reason having nothing to do with the age of the populations, but rather because of the nature of gene flow between them.",2
597,Hypothesize how the flowing direction of the river gives rise to the abovementioned artefact.,"If the river flowed from north to south, that would mean that populations that live more north would sometimes be 'mixed' with populations more south, because the isolation would temporarily be lifted, until the river dries again. Thats what you also see in the tree: the more northern populations progressively have more gene flow with southern populations.","Since the mites are not expected to be able to disperse upstream, the gene flow in this system is directional, with genes moving between populations only in a downstream direction. This creates the artifact in Figure 4 that makes it appear that the oldest populations are in the north. In a phylogenetic tree showing relationships between separate taxa, genes only move “downstream” from ancestors to descendants, and thus the oldest taxa are closest to the root of the tree. The tree in Figure 4 has a similar shape, but for a different reason having nothing to do with the age of the populations, but rather because of the nature of gene flow between them.",1
598,Hypothesize how the flowing direction of the river gives rise to the abovementioned artefact.,"Doordat het Water in de rivier van noord naar zuid stroomt, is er meer dispersie in deze richting, aangezien downstream bewegen makkelijker is dan upstream. Er kunnen bijvoorbeeld eitjes/larven met de stroming meevoeren. Doordat er verder weini ggene flow is, kunnen deze populaties onafhankelijk van elkaar evolueren.","Since the mites are not expected to be able to disperse upstream, the gene flow in this system is directional, with genes moving between populations only in a downstream direction. This creates the artifact in Figure 4 that makes it appear that the oldest populations are in the north. In a phylogenetic tree showing relationships between separate taxa, genes only move “downstream” from ancestors to descendants, and thus the oldest taxa are closest to the root of the tree. The tree in Figure 4 has a similar shape, but for a different reason having nothing to do with the age of the populations, but rather because of the nature of gene flow between them.",3
599,Hypothesize how the flowing direction of the river gives rise to the abovementioned artefact.,"It could be that the river was evolutionary founded in the northern end by geological factors. Therefore the most upstream population had more time to evolve and thus create more genetic distance between newly founded population founded more downstream the river. \n\nIf the source of this river began in the north and as it moves down the population, the population that strands upstream has less gene flow due to individuals being carried downstream. Thereby they get regulary new input from upstream, resulting in a pattern of decreasing genetic diversity as the river moves downstream.","Since the mites are not expected to be able to disperse upstream, the gene flow in this system is directional, with genes moving between populations only in a downstream direction. This creates the artifact in Figure 4 that makes it appear that the oldest populations are in the north. In a phylogenetic tree showing relationships between separate taxa, genes only move “downstream” from ancestors to descendants, and thus the oldest taxa are closest to the root of the tree. The tree in Figure 4 has a similar shape, but for a different reason having nothing to do with the age of the populations, but rather because of the nature of gene flow between them.",1
600,Hypothesize how the flowing direction of the river gives rise to the abovementioned artefact.,"De populaties die noordelijk in de rivier leven zullen door de stroming langzamerhand richting het zuiden verplaatsen. Dit betekend dat nieuwe soorten die zullen ontstaan steeds verder zuidelijker zullen liggen omdat ze met de stroming mee gaan. Hierdoor zijn er in het noorden relatief langer bestaande soorten aanwezig, en in het zuiden recentere aftakkingen. ","Since the mites are not expected to be able to disperse upstream, the gene flow in this system is directional, with genes moving between populations only in a downstream direction. This creates the artifact in Figure 4 that makes it appear that the oldest populations are in the north. In a phylogenetic tree showing relationships between separate taxa, genes only move “downstream” from ancestors to descendants, and thus the oldest taxa are closest to the root of the tree. The tree in Figure 4 has a similar shape, but for a different reason having nothing to do with the age of the populations, but rather because of the nature of gene flow between them.",1
601,Hypothesize how the flowing direction of the river gives rise to the abovementioned artefact.,Als de rivier van noord naar zuid stroomt is het goed mogelijk dat de populaties langzaam naar het zuiden emigreren vanwege de stroming. De meest recente populaties zaten dan in het zuiden van het meer.,"Since the mites are not expected to be able to disperse upstream, the gene flow in this system is directional, with genes moving between populations only in a downstream direction. This creates the artifact in Figure 4 that makes it appear that the oldest populations are in the north. In a phylogenetic tree showing relationships between separate taxa, genes only move “downstream” from ancestors to descendants, and thus the oldest taxa are closest to the root of the tree. The tree in Figure 4 has a similar shape, but for a different reason having nothing to do with the age of the populations, but rather because of the nature of gene flow between them.",2
602,Hypothesize how the flowing direction of the river gives rise to the abovementioned artefact.,"Als de stroming van noord naar zuid gaat, is er telkens een influx van genetisch materiaal van noordelijke populaties naar zuidelijke populaties waardoor in het zuiden een grotere divrsiteit ontstaat en krijg je een soort scheiding tussen noord en zuid","Since the mites are not expected to be able to disperse upstream, the gene flow in this system is directional, with genes moving between populations only in a downstream direction. This creates the artifact in Figure 4 that makes it appear that the oldest populations are in the north. In a phylogenetic tree showing relationships between separate taxa, genes only move “downstream” from ancestors to descendants, and thus the oldest taxa are closest to the root of the tree. The tree in Figure 4 has a similar shape, but for a different reason having nothing to do with the age of the populations, but rather because of the nature of gene flow between them.",3
603,Hypothesize how the flowing direction of the river gives rise to the abovementioned artefact.,"Perhaps the organisms could not be able to move against the current of the river, meaning that these organisms only could move downstream. This results over time that the organisms in the northern lake go extinct and that only the younger organisms survive in the lower part of the lake.","Since the mites are not expected to be able to disperse upstream, the gene flow in this system is directional, with genes moving between populations only in a downstream direction. This creates the artifact in Figure 4 that makes it appear that the oldest populations are in the north. In a phylogenetic tree showing relationships between separate taxa, genes only move “downstream” from ancestors to descendants, and thus the oldest taxa are closest to the root of the tree. The tree in Figure 4 has a similar shape, but for a different reason having nothing to do with the age of the populations, but rather because of the nature of gene flow between them.",1
604,Hypothesize how the flowing direction of the river gives rise to the abovementioned artefact.,Because the river flows from north to south the populations will be migrating with the river rather than against it for energy benefits. ,"Since the mites are not expected to be able to disperse upstream, the gene flow in this system is directional, with genes moving between populations only in a downstream direction. This creates the artifact in Figure 4 that makes it appear that the oldest populations are in the north. In a phylogenetic tree showing relationships between separate taxa, genes only move “downstream” from ancestors to descendants, and thus the oldest taxa are closest to the root of the tree. The tree in Figure 4 has a similar shape, but for a different reason having nothing to do with the age of the populations, but rather because of the nature of gene flow between them.",1
605,Hypothesize how the flowing direction of the river gives rise to the abovementioned artefact.,"De vliegenlarven liggen verscholen in de klei van de rivierbodem, door de stroming van noord naar zuid wordt het klei meegenomen en komt het zuidelijker neer van waar het begon. De larven zullen dus zuidelijker terecht komen en opgroeien.","Since the mites are not expected to be able to disperse upstream, the gene flow in this system is directional, with genes moving between populations only in a downstream direction. This creates the artifact in Figure 4 that makes it appear that the oldest populations are in the north. In a phylogenetic tree showing relationships between separate taxa, genes only move “downstream” from ancestors to descendants, and thus the oldest taxa are closest to the root of the tree. The tree in Figure 4 has a similar shape, but for a different reason having nothing to do with the age of the populations, but rather because of the nature of gene flow between them.",2
606,Hypothesize how the flowing direction of the river gives rise to the abovementioned artefact.,"If the population exists at the north end of the river, they start moving in the direction of the flowing direction of the river. With this the oldest populations stay north and the more recent appear south, since the populations move in that direction and form new populations.","Since the mites are not expected to be able to disperse upstream, the gene flow in this system is directional, with genes moving between populations only in a downstream direction. This creates the artifact in Figure 4 that makes it appear that the oldest populations are in the north. In a phylogenetic tree showing relationships between separate taxa, genes only move “downstream” from ancestors to descendants, and thus the oldest taxa are closest to the root of the tree. The tree in Figure 4 has a similar shape, but for a different reason having nothing to do with the age of the populations, but rather because of the nature of gene flow between them.",1
607,Hypothesize how the flowing direction of the river gives rise to the abovementioned artefact.,"The data shows that the oldest populations can be found in the northern part of the lake. When the larva were situated only in the north, they got picked up by the river stream and gradually moved southwards. The fact that the river flows from north to south thus explains why the populations in the north are the oldest, and that the populations in the south gradually become younger. ","Since the mites are not expected to be able to disperse upstream, the gene flow in this system is directional, with genes moving between populations only in a downstream direction. This creates the artifact in Figure 4 that makes it appear that the oldest populations are in the north. In a phylogenetic tree showing relationships between separate taxa, genes only move “downstream” from ancestors to descendants, and thus the oldest taxa are closest to the root of the tree. The tree in Figure 4 has a similar shape, but for a different reason having nothing to do with the age of the populations, but rather because of the nature of gene flow between them.",1
608,Hypothesize how the flowing direction of the river gives rise to the abovementioned artefact.,"If the river flows north to south, it would make sense that the oldest populations are present in the northern part of the river. This is because the populations will naturally drift with the direction of the river when dispersing, meaning new populations will only be able to form south of the older populations. Therefore the norther the populations are, the older the populations get. ","Since the mites are not expected to be able to disperse upstream, the gene flow in this system is directional, with genes moving between populations only in a downstream direction. This creates the artifact in Figure 4 that makes it appear that the oldest populations are in the north. In a phylogenetic tree showing relationships between separate taxa, genes only move “downstream” from ancestors to descendants, and thus the oldest taxa are closest to the root of the tree. The tree in Figure 4 has a similar shape, but for a different reason having nothing to do with the age of the populations, but rather because of the nature of gene flow between them.",1
609,Hypothesize how the flowing direction of the river gives rise to the abovementioned artefact.,Aangezien de rivier van boven naar beneden stroomt is er geen gene flow van onder (Lake Hitchcock) naar boven (Lake Coös). Dit is te zien aan het feit dat wanneer naar de groene takken van de boom gekeken wordt er steeds meer verschillende soorten ontstaan uit vorige soorten uit het groene gedeelte van de boom. Er is geen overlap tussen groen en geel.,"Since the mites are not expected to be able to disperse upstream, the gene flow in this system is directional, with genes moving between populations only in a downstream direction. This creates the artifact in Figure 4 that makes it appear that the oldest populations are in the north. In a phylogenetic tree showing relationships between separate taxa, genes only move “downstream” from ancestors to descendants, and thus the oldest taxa are closest to the root of the tree. The tree in Figure 4 has a similar shape, but for a different reason having nothing to do with the age of the populations, but rather because of the nature of gene flow between them.",3
610,Hypothesize how the flowing direction of the river gives rise to the abovementioned artefact.,"De rivier stroomt van noord naar zuid. Het is dus mogelijk dat enkele van de larven die in het noorden in de klei gelegd zijn met de stroom mee spoelen naar het zuiden, wat zorgt voor het ontstaan van nieuwe populaties met een nieuwe set genen (geneflow?). De meest noordelijke populaties zijn dan het oudst en de meest zuidelijke populaties het jongst, wat de figuur op een fylogenetische boom doet lijken.","Since the mites are not expected to be able to disperse upstream, the gene flow in this system is directional, with genes moving between populations only in a downstream direction. This creates the artifact in Figure 4 that makes it appear that the oldest populations are in the north. In a phylogenetic tree showing relationships between separate taxa, genes only move “downstream” from ancestors to descendants, and thus the oldest taxa are closest to the root of the tree. The tree in Figure 4 has a similar shape, but for a different reason having nothing to do with the age of the populations, but rather because of the nature of gene flow between them.",3
611,Hypothesize how the flowing direction of the river gives rise to the abovementioned artefact.,"As the current is southward, hatched larvae are likely to be blown southward as well. Because of this, each generation lies their eggs (on average) further south than the last and more recently originated populations lie further south.","Since the mites are not expected to be able to disperse upstream, the gene flow in this system is directional, with genes moving between populations only in a downstream direction. This creates the artifact in Figure 4 that makes it appear that the oldest populations are in the north. In a phylogenetic tree showing relationships between separate taxa, genes only move “downstream” from ancestors to descendants, and thus the oldest taxa are closest to the root of the tree. The tree in Figure 4 has a similar shape, but for a different reason having nothing to do with the age of the populations, but rather because of the nature of gene flow between them.",2
612,Hypothesize how the flowing direction of the river gives rise to the abovementioned artefact.,"In Lake Coös zijn de oudste populaties te vinden doordat de stroming van de rivier van noord naar zuid gaat, dit wijst erop dat Lake Hitchcock later dan Lake Coös is ontstaan. ","Since the mites are not expected to be able to disperse upstream, the gene flow in this system is directional, with genes moving between populations only in a downstream direction. This creates the artifact in Figure 4 that makes it appear that the oldest populations are in the north. In a phylogenetic tree showing relationships between separate taxa, genes only move “downstream” from ancestors to descendants, and thus the oldest taxa are closest to the root of the tree. The tree in Figure 4 has a similar shape, but for a different reason having nothing to do with the age of the populations, but rather because of the nature of gene flow between them.",1
613,Hypothesize how the flowing direction of the river gives rise to the abovementioned artefact.,"As the clay moves with the flowing direction of the river south, the flies will be able to lay their larves in the clay more and more south, where they will colonize new claysites. It might be harder to migrate upstream, resulting in the fact that the older populations will be more towards the north, and the newest population more south with directional gene flow.","Since the mites are not expected to be able to disperse upstream, the gene flow in this system is directional, with genes moving between populations only in a downstream direction. This creates the artifact in Figure 4 that makes it appear that the oldest populations are in the north. In a phylogenetic tree showing relationships between separate taxa, genes only move “downstream” from ancestors to descendants, and thus the oldest taxa are closest to the root of the tree. The tree in Figure 4 has a similar shape, but for a different reason having nothing to do with the age of the populations, but rather because of the nature of gene flow between them.",2
614,Hypothesize how the flowing direction of the river gives rise to the abovementioned artefact.,"The flowing direction of the river is from the north to the south. One hypothesis for the fact that populations seem to get more recent when you move downstream, could be that the eggs used to be laid only in the northern parts of the river. Some of the eggs (or larvae) were dispersed further down the river by the currents, giving rise to a new population. If this process has happened multiple times it could explain the abovementioned artefact.","Since the mites are not expected to be able to disperse upstream, the gene flow in this system is directional, with genes moving between populations only in a downstream direction. This creates the artifact in Figure 4 that makes it appear that the oldest populations are in the north. In a phylogenetic tree showing relationships between separate taxa, genes only move “downstream” from ancestors to descendants, and thus the oldest taxa are closest to the root of the tree. The tree in Figure 4 has a similar shape, but for a different reason having nothing to do with the age of the populations, but rather because of the nature of gene flow between them.",2
615,Hypothesize how the flowing direction of the river gives rise to the abovementioned artefact.,"The flowing direction of the river gives rise to the fact of south populations being more recent than the northern populations because the more southern river parts have had more gene flow that kept introducing new genes into the populations, making them more recent. In the North, the old populations sometimes migrated south with the direction of the flow of the water, introducing their genes into the newer populations. This was probably repeatedly happening, so that new genes were continuously being introduced, leading to newer populations with more diversity.","Since the mites are not expected to be able to disperse upstream, the gene flow in this system is directional, with genes moving between populations only in a downstream direction. This creates the artifact in Figure 4 that makes it appear that the oldest populations are in the north. In a phylogenetic tree showing relationships between separate taxa, genes only move “downstream” from ancestors to descendants, and thus the oldest taxa are closest to the root of the tree. The tree in Figure 4 has a similar shape, but for a different reason having nothing to do with the age of the populations, but rather because of the nature of gene flow between them.",3
